angle,magnitude,occurrences
0.0,0.03,472
0.0,0.02,461
-1.57,0.03,457
0.0,0.01,455
1.57,0.01,455
0.0,0.05,452
1.57,0.02,449
-1.57,0.02,440
1.57,0.04,435
2.16,0.04,431
2.82,0.03,428
0.79,0.05,427
-1.19,0.06,427
-1.11,0.02,426
2.68,0.02,425
-2.36,0.02,423
-1.57,0.01,423
2.36,0.02,422
1.25,0.03,421
1.57,0.03,421
1.89,0.03,421
2.55,0.04,418
2.68,0.05,417
-2.5,0.05,417
2.6,0.06,416
1.57,0.05,415
1.95,0.06,415
-1.57,0.05,415
-2.68,0.02,414
2.04,0.02,412
-2.25,0.07,412
-2.36,0.05,410
0.79,0.03,409
0.59,0.04,408
-0.79,0.08,408
0.0,0.04,408
-2.21,0.05,406
-2.04,0.02,406
1.89,0.07,404
2.36,0.03,404
-1.57,0.07,403
-1.82,0.04,402
1.11,0.02,402
-1.57,0.06,402
2.04,0.05,401
0.98,0.04,401
1.33,0.04,400
1.77,0.05,400
-2.82,0.03,399
-1.11,0.05,399
-1.25,0.03,399
1.57,0.07,399
-2.55,0.04,398
0.46,0.02,398
-2.94,0.05,397
-1.37,0.05,397
-1.17,0.08,397
0.64,0.05,397
-1.95,0.06,396
-0.93,0.05,396
1.11,0.07,395
0.93,0.05,395
2.55,0.08,394
-2.9,0.04,394
-1.57,0.04,394
1.41,0.06,394
2.11,0.06,393
2.21,0.05,393
2.76,0.06,393
0.79,0.02,393
0.32,0.03,392
-1.77,0.05,392
2.36,0.05,392
-1.33,0.04,392
-1.74,0.06,391
-0.17,0.06,390
-0.54,0.06,390
2.47,0.07,390
-2.36,0.03,389
-0.79,0.03,389
0.24,0.04,388
-1.89,0.07,388
2.36,0.08,388
-0.98,0.04,387
2.82,0.07,387
-2.04,0.07,387
2.98,0.06,386
-1.89,0.03,386
-0.98,0.08,385
-0.32,0.03,385
-0.59,0.04,384
2.25,0.07,384
-0.79,0.02,383
-1.03,0.06,382
-2.16,0.04,382
1.89,0.1,381
1.82,0.04,381
1.37,0.05,381
0.46,0.05,381
-0.46,0.02,381
2.94,0.05,380
-2.76,0.06,380
1.03,0.06,380
1.19,0.06,380
-2.47,0.07,379
-0.46,0.05,379
-1.11,0.07,378
1.71,0.08,377
-1.57,0.09,377
-2.98,0.06,377
0.2,0.05,376
-0.86,0.1,376
-0.24,0.04,375
1.57,0.06,375
-1.43,0.08,375
2.9,0.04,375
1.85,0.08,375
-1.67,0.11,374
-0.79,0.05,374
-1.57,0.1,373
-0.79,0.06,373
-0.2,0.05,373
0.9,0.07,372
0.38,0.06,372
-2.68,0.05,372
2.5,0.05,371
-2.55,0.08,371
1.45,0.09,371
-2.36,0.06,371
2.04,0.07,371
-2.11,0.06,370
-1.05,0.09,370
-0.9,0.07,369
1.43,0.08,369
-1.41,0.06,369
2.62,0.09,369
0.0,0.06,368
1.74,0.06,367
2.45,0.08,367
1.11,0.05,366
-1.82,0.09,365
-2.68,0.07,365
1.25,0.07,365
2.27,0.08,365
-1.46,0.1,363
2.68,0.07,363
2.09,0.09,362
0.79,0.06,362
-1.37,0.11,362
0.32,0.07,361
-1.33,0.09,361
-2.52,0.09,360
0.67,0.07,360
-1.25,0.07,359
-0.46,0.07,359
-2.36,0.08,357
1.82,0.09,357
1.57,0.09,356
-2.43,0.1,356
-2.6,0.06,356
-0.95,0.09,356
2.36,0.06,356
0.98,0.08,356
2.19,0.09,355
-1.71,0.08,355
-0.67,0.07,354
1.99,0.1,354
2.36,0.09,354
-1.79,0.1,353
0.54,0.06,353
0.0,0.07,352
2.9,0.09,352
-2.04,0.05,352
-0.93,0.11,351
-1.45,0.09,351
1.57,0.1,351
-1.98,0.08,351
0.88,0.08,351
2.04,0.12,350
-0.52,0.09,350
-0.79,0.09,349
-0.14,0.08,349
2.16,0.08,349
-1.29,0.08,348
1.33,0.09,348
-0.38,0.06,348
-3.0,0.08,347
0.46,0.07,347
-0.64,0.05,347
1.93,0.09,347
-2.16,0.08,346
0.0,0.09,345
2.43,0.1,345
-1.01,0.1,344
2.74,0.08,344
0.59,0.08,343
-1.35,0.1,343
-2.86,0.08,342
-2.45,0.08,342
-0.88,0.08,341
0.79,0.08,341
-1.57,0.12,341
-1.95,0.11,341
1.25,0.1,340
1.29,0.08,340
-3.03,0.1,340
2.52,0.09,339
0.52,0.09,339
-2.27,0.08,339
-1.47,0.11,339
-1.7,0.09,339
0.69,0.08,338
1.95,0.11,338
-0.36,0.09,338
0.14,0.08,337
-1.15,0.1,337
1.79,0.1,337
0.12,0.09,336
0.28,0.08,336
1.01,0.1,335
-2.19,0.09,334
-0.32,0.07,334
-2.74,0.08,334
2.28,0.1,333
-1.11,0.12,333
-1.86,0.11,333
-2.82,0.07,333
-1.93,0.09,331
-0.59,0.08,331
-2.9,0.09,331
2.86,0.08,331
-1.11,0.1,331
1.57,0.11,329
1.84,0.12,329
1.98,0.08,329
-1.28,0.11,328
0.17,0.06,328
0.0,0.1,327
-1.77,0.11,327
3.0,0.08,327
-0.24,0.09,326
-0.69,0.08,326
-2.36,0.11,326
1.05,0.09,326
1.67,0.11,326
0.95,0.09,326
-2.08,0.11,326
-2.62,0.09,325
2.63,0.11,325
-2.68,0.1,325
-2.58,0.1,325
1.86,0.11,325
-2.28,0.1,324
2.16,0.12,324
-1.25,0.1,324
-1.68,0.1,324
-1.57,0.11,324
-1.89,0.1,324
1.82,0.13,324
2.04,0.1,323
2.72,0.1,323
-1.21,0.09,323
-1.85,0.08,323
2.68,0.1,322
-2.09,0.09,322
1.97,0.14,322
1.7,0.09,322
1.68,0.1,322
-2.13,0.1,322
0.24,0.09,321
-0.4,0.08,321
0.79,0.09,321
1.57,0.12,320
1.35,0.1,320
1.49,0.13,320
1.21,0.09,320
1.17,0.08,320
-1.3,0.12,319
-2.5,0.11,319
0.0,0.12,319
0.56,0.1,319
-0.28,0.08,318
-0.62,0.09,318
2.13,0.1,317
2.58,0.1,317
-2.04,0.12,317
2.36,0.11,316
1.11,0.1,316
0.71,0.1,314
2.2,0.14,314
-0.46,0.1,314
-2.42,0.11,313
-2.16,0.12,313
-2.04,0.1,313
1.92,0.12,313
-1.66,0.12,312
2.42,0.11,312
1.57,0.13,311
-1.57,0.13,311
2.29,0.11,311
-2.36,0.09,311
-2.29,0.11,310
-2.76,0.11,310
-1.22,0.12,310
1.47,0.11,310
0.62,0.09,309
2.21,0.11,309
2.85,0.11,309
-0.12,0.09,308
3.02,0.09,308
-1.75,0.12,308
1.46,0.1,308
-1.39,0.12,307
-1.99,0.1,307
0.36,0.09,307
0.0,0.11,307
-0.85,0.11,307
-1.14,0.13,306
-2.78,0.09,306
2.25,0.14,305
1.77,0.11,305
0.32,0.1,305
-1.57,0.16,305
-1.74,0.13,305
1.48,0.12,305
1.28,0.11,305
-1.57,0.15,304
-2.63,0.11,304
-0.98,0.12,304
1.66,0.12,303
1.74,0.13,303
3.03,0.1,303
-1.11,0.14,303
1.57,0.14,301
2.0,0.13,301
-0.84,0.13,301
-1.65,0.13,301
1.19,0.11,301
-1.03,0.12,301
-2.82,0.1,301
0.98,0.12,300
-2.94,0.11,300
-0.32,0.1,300
0.11,0.1,300
-0.42,0.1,300
0.91,0.12,300
-3.02,0.09,300
2.5,0.11,299
2.23,0.12,299
0.42,0.1,299
1.87,0.14,299
-0.59,0.12,298
2.36,0.12,298
2.78,0.09,298
0.4,0.08,298
-2.0,0.13,298
1.11,0.14,298
-1.19,0.11,298
-1.57,0.14,297
2.82,0.1,297
0.86,0.1,297
2.55,0.12,297
-2.68,0.12,296
0.46,0.1,296
1.75,0.12,296
-0.56,0.1,296
0.72,0.11,296
-0.96,0.13,295
-2.72,0.1,295
1.11,0.12,295
-2.55,0.12,295
-2.25,0.14,294
-2.21,0.11,294
1.25,0.13,294
-0.64,0.11,294
-1.84,0.12,293
-0.91,0.12,293
1.39,0.12,293
0.85,0.11,292
-1.92,0.12,292
-1.82,0.13,292
-0.46,0.12,292
2.6,0.12,292
2.08,0.11,292
0.64,0.11,291
-2.96,0.12,290
-1.48,0.12,290
-0.38,0.11,290
-0.71,0.1,290
1.06,0.11,289
0.79,0.12,289
2.14,0.14,289
2.92,0.1,289
2.3,0.14,289
-0.79,0.11,288
0.96,0.13,288
-0.22,0.1,287
-1.49,0.13,287
2.3,0.13,287
2.18,0.13,287
-0.27,0.12,287
-1.27,0.14,286
2.68,0.12,286
1.15,0.1,286
1.22,0.12,286
-1.5,0.15,285
0.79,0.11,285
-1.64,0.15,285
-1.49,0.14,285
0.29,0.11,285
-0.2,0.11,284
-0.73,0.13,284
-0.72,0.11,282
1.07,0.13,282
1.14,0.13,282
0.2,0.11,282
-1.06,0.11,281
3.04,0.11,281
-0.11,0.1,281
-1.41,0.13,281
1.65,0.13,280
-1.8,0.14,280
2.48,0.12,280
0.93,0.11,279
0.84,0.13,279
-1.87,0.14,278
1.71,0.15,278
2.11,0.12,278
1.65,0.14,278
-0.61,0.13,277
1.3,0.12,277
-0.79,0.12,277
-3.05,0.12,276
1.33,0.13,276
0.27,0.12,276
2.47,0.14,276
2.88,0.12,275
0.54,0.12,275
1.37,0.11,274
-2.26,0.15,274
-3.04,0.11,274
1.8,0.14,274
2.9,0.13,274
2.94,0.11,274
-2.85,0.11,273
-1.34,0.14,273
0.59,0.12,273
-0.66,0.12,272
-3.06,0.13,272
2.21,0.16,272
-2.88,0.12,272
0.38,0.11,272
-0.84,0.14,272
0.22,0.1,272
0.51,0.11,272
0.66,0.12,272
-1.36,0.15,272
2.07,0.13,272
-1.25,0.13,271
1.98,0.16,271
-0.51,0.11,270
2.26,0.15,270
2.04,0.14,269
-1.72,0.14,269
1.57,0.15,269
-2.41,0.13,269
-0.1,0.11,269
1.72,0.14,268
-1.07,0.13,268
-0.46,0.14,268
-0.29,0.11,268
-1.91,0.16,267
1.5,0.16,267
-0.24,0.13,266
2.1,0.15,266
-2.79,0.12,266
1.18,0.14,266
-1.18,0.14,266
-2.11,0.12,266
0.1,0.11,266
-1.5,0.16,265
-1.57,0.17,265
-2.48,0.12,265
-1.97,0.14,265
0.46,0.12,265
-0.5,0.13,264
-0.67,0.14,264
-2.36,0.12,264
-1.42,0.14,264
1.83,0.17,264
1.89,0.13,264
1.57,0.16,264
1.91,0.16,264
1.42,0.14,263
0.17,0.13,263
-2.0,0.15,263
-2.07,0.13,263
-2.1,0.15,263
-2.2,0.14,262
-0.54,0.12,262
-0.43,0.13,261
-2.71,0.13,261
-0.79,0.15,261
0.84,0.14,261
-2.92,0.1,260
2.41,0.14,259
1.94,0.15,259
2.31,0.16,259
2.71,0.13,259
2.76,0.11,259
-0.17,0.13,259
-2.82,0.13,259
-2.3,0.13,259
-1.08,0.16,258
1.03,0.12,258
0.67,0.14,258
-1.78,0.15,258
-0.63,0.14,257
-2.04,0.14,257
-1.43,0.15,257
0.0,0.13,257
-2.23,0.12,257
-1.0,0.14,257
-2.47,0.14,257
0.61,0.13,256
2.57,0.14,256
-1.44,0.16,256
1.49,0.14,256
1.78,0.15,255
-1.77,0.16,255
2.75,0.14,255
0.0,0.14,255
2.96,0.12,255
2.36,0.14,254
0.18,0.12,254
-0.94,0.14,254
2.4,0.16,254
-1.65,0.14,253
-1.31,0.17,253
-1.7,0.17,252
2.82,0.13,252
-0.35,0.12,251
3.06,0.13,251
-1.02,0.16,251
1.7,0.16,251
-2.41,0.14,250
-3.14,0.06,250
-1.37,0.16,250
-1.89,0.17,250
-2.99,0.14,250
2.41,0.13,250
1.5,0.15,249
2.06,0.16,249
-1.33,0.13,249
-2.61,0.15,249
-2.64,0.13,249
2.01,0.18,249
-0.98,0.15,249
-2.6,0.12,248
-1.57,0.18,248
2.53,0.13,248
1.85,0.15,248
2.68,0.14,248
1.64,0.15,248
-3.07,0.15,248
1.27,0.14,248
-1.95,0.17,248
-1.71,0.15,247
1.34,0.14,246
1.51,0.17,246
0.98,0.15,246
-3.14,0.07,246
1.98,0.19,246
0.79,0.14,245
2.09,0.17,245
-2.3,0.14,245
-3.14,0.05,244
-1.45,0.17,244
-1.94,0.15,244
-2.06,0.16,244
-1.89,0.13,244
1.23,0.16,244
0.9,0.14,244
-2.9,0.13,244
-1.7,0.16,244
-1.82,0.18,243
2.79,0.12,243
1.0,0.14,243
-3.14,0.13,243
0.35,0.12,243
-1.2,0.15,242
-0.32,0.13,242
-1.14,0.15,242
1.64,0.16,242
0.73,0.13,242
0.43,0.13,241
-2.18,0.13,241
-0.69,0.15,241
2.0,0.15,240
-2.36,0.14,240
-1.11,0.17,240
3.05,0.12,240
-2.75,0.14,240
-0.53,0.15,239
0.09,0.12,239
-1.83,0.17,239
-1.39,0.17,239
1.19,0.17,238
-1.19,0.17,238
-0.08,0.14,238
-0.18,0.12,238
0.24,0.13,238
-2.14,0.14,238
1.89,0.17,238
2.18,0.17,237
-0.39,0.14,237
-1.85,0.15,237
1.91,0.19,237
1.14,0.15,237
-2.36,0.15,236
0.94,0.14,236
0.83,0.16,236
1.36,0.15,236
-1.87,0.18,236
-1.08,0.18,236
2.36,0.15,236
0.63,0.14,235
1.43,0.15,235
1.04,0.15,235
1.29,0.15,235
-2.31,0.17,235
1.41,0.13,235
-0.09,0.12,234
-0.21,0.15,234
-1.23,0.16,234
1.45,0.17,234
-1.64,0.16,234
1.87,0.18,234
1.57,0.18,234
0.53,0.15,234
1.57,0.17,234
-1.51,0.18,233
-0.3,0.14,233
-2.55,0.15,233
1.31,0.17,233
1.37,0.16,233
-3.14,0.09,233
2.61,0.15,233
2.14,0.18,233
2.27,0.18,233
-1.29,0.15,233
-1.63,0.17,233
-0.73,0.14,233
-0.57,0.14,233
0.08,0.13,232
1.39,0.17,232
-1.98,0.16,232
1.45,0.18,232
1.2,0.15,231
0.79,0.15,231
-2.68,0.14,231
-0.79,0.14,231
2.55,0.15,231
0.0,0.15,231
2.04,0.19,231
3.07,0.15,231
1.08,0.16,230
-0.9,0.14,230
-1.25,0.17,230
1.77,0.16,230
2.78,0.15,230
1.86,0.19,230
2.23,0.17,229
3.06,0.14,229
-0.08,0.13,229
-3.06,0.14,229
-1.27,0.18,229
1.57,0.19,228
-2.65,0.16,228
2.31,0.17,228
-3.14,0.11,228
2.49,0.17,228
-1.04,0.15,228
-0.93,0.16,228
0.57,0.14,228
2.27,0.17,227
-0.74,0.16,227
1.95,0.17,227
0.5,0.13,227
-2.84,0.14,227
-2.53,0.13,227
-2.57,0.14,227
3.14,0.03,227
-1.18,0.2,226
1.7,0.17,226
1.82,0.18,226
-2.04,0.17,226
1.05,0.17,226
-2.23,0.17,226
-1.4,0.18,226
-1.74,0.19,225
-1.31,0.21,225
2.19,0.18,224
-0.49,0.16,224
-1.51,0.17,224
1.17,0.16,224
-0.89,0.15,224
2.64,0.13,224
-2.51,0.14,224
3.14,0.01,224
-0.4,0.16,223
1.75,0.18,223
-3.14,0.1,223
-0.64,0.16,223
2.5,0.16,223
-1.63,0.18,223
1.21,0.18,223
0.73,0.14,223
-0.95,0.18,223
2.04,0.17,223
1.69,0.18,222
-0.15,0.14,222
-0.37,0.15,222
1.33,0.18,222
2.32,0.19,222
-1.35,0.2,221
2.91,0.14,221
-0.55,0.16,221
2.16,0.15,221
-1.93,0.18,220
2.74,0.16,220
2.46,0.15,220
-1.05,0.17,220
-2.5,0.16,220
0.79,0.17,220
0.87,0.18,220
0.89,0.15,219
1.8,0.19,219
-0.83,0.16,219
0.69,0.15,219
-0.13,0.16,218
1.96,0.2,218
-1.68,0.19,218
-2.31,0.16,218
-2.32,0.19,218
-3.14,0.03,218
-0.97,0.17,218
-0.43,0.15,217
3.0,0.15,217
-1.41,0.2,217
-2.8,0.16,217
-2.01,0.18,216
2.84,0.14,216
-1.3,0.2,216
2.36,0.17,216
-1.41,0.19,216
1.47,0.2,216
0.0,0.16,216
2.24,0.19,216
2.99,0.14,216
-2.54,0.17,216
1.44,0.16,216
-2.98,0.13,216
-1.57,0.19,216
-1.57,0.21,216
2.51,0.14,216
0.37,0.15,215
-1.29,0.19,215
-2.27,0.17,215
1.76,0.17,215
-1.8,0.19,215
1.63,0.18,215
1.74,0.19,215
0.88,0.17,215
-2.18,0.17,215
3.14,0.02,214
2.65,0.16,214
0.43,0.15,214
-2.36,0.17,214
0.97,0.17,213
-1.75,0.18,213
2.94,0.16,213
2.93,0.15,213
-1.63,0.19,213
3.02,0.17,213
2.43,0.2,213
2.4,0.17,213
-1.79,0.2,213
-1.45,0.18,212
0.21,0.15,212
-0.83,0.17,212
-3.0,0.15,212
1.13,0.18,212
-3.01,0.16,211
-2.06,0.18,211
1.72,0.22,211
-0.23,0.14,211
0.95,0.18,211
-1.17,0.16,211
-2.06,0.2,211
2.4,0.19,211
-1.34,0.19,211
1.57,0.21,210
-2.86,0.15,210
-2.91,0.14,210
2.01,0.2,210
-1.86,0.19,210
2.62,0.17,210
-0.79,0.17,210
-1.69,0.18,210
2.98,0.13,210
2.8,0.16,209
2.86,0.15,209
-1.33,0.18,209
0.64,0.16,209
-1.76,0.17,209
-2.74,0.16,209
-0.52,0.17,208
1.51,0.18,208
2.06,0.18,208
-2.93,0.15,208
0.32,0.13,208
-1.21,0.18,208
-1.84,0.2,208
1.93,0.18,207
0.15,0.14,207
1.4,0.18,207
-2.14,0.18,207
-0.79,0.18,207
-1.52,0.19,207
2.71,0.15,206
0.23,0.14,206
1.97,0.22,206
0.93,0.16,206
1.34,0.19,205
1.25,0.17,205
-0.57,0.18,205
-1.47,0.21,205
1.46,0.19,205
-2.04,0.19,205
-1.36,0.21,205
1.0,0.18,205
1.11,0.19,205
1.02,0.16,204
-2.12,0.16,204
-2.4,0.19,204
2.16,0.19,204
-2.27,0.18,204
2.59,0.16,203
1.76,0.23,203
0.07,0.15,203
2.55,0.19,203
-2.71,0.15,202
-0.87,0.18,202
-2.45,0.17,202
2.57,0.18,202
-1.25,0.2,202
0.08,0.14,202
-2.88,0.17,202
2.44,0.18,202
-2.08,0.22,202
1.78,0.21,202
-0.59,0.15,202
0.14,0.15,202
-1.91,0.19,202
1.57,0.2,201
2.52,0.18,201
-3.14,0.12,201
1.27,0.18,201
2.12,0.16,201
0.34,0.16,201
1.84,0.2,201
1.18,0.2,201
1.25,0.2,201
0.59,0.15,201
1.83,0.21,200
2.68,0.17,200
-0.69,0.17,200
2.88,0.17,200
2.82,0.17,200
-3.14,0.04,200
1.63,0.17,200
-1.72,0.22,200
0.0,0.18,200
0.3,0.14,200
-0.07,0.15,199
-1.03,0.19,199
-1.23,0.19,199
-0.46,0.17,199
-2.46,0.15,199
-2.49,0.17,199
2.11,0.19,199
-2.78,0.15,199
0.79,0.2,199
0.46,0.14,198
-2.4,0.16,198
1.86,0.22,198
-2.11,0.19,198
2.45,0.17,198
-0.14,0.15,198
-1.16,0.19,198
-2.57,0.18,198
-1.98,0.19,198
-0.66,0.17,198
-0.32,0.17,197
0.4,0.16,197
0.0,0.17,197
1.99,0.21,197
-3.14,0.02,197
-1.57,0.2,197
-0.79,0.2,197
1.52,0.21,197
2.36,0.18,197
-1.33,0.22,197
2.39,0.2,197
-0.71,0.2,197
3.14,0.04,197
-2.21,0.16,197
1.16,0.19,197
-2.16,0.15,197
-0.34,0.16,197
-2.96,0.17,196
-0.44,0.18,196
-1.68,0.2,196
0.39,0.14,196
-1.96,0.2,196
-2.59,0.16,196
-3.14,0.14,195
2.08,0.2,195
-2.94,0.16,195
-2.9,0.18,195
-0.74,0.17,195
-2.19,0.18,195
-1.78,0.21,195
1.41,0.19,195
1.94,0.21,195
-3.14,0.01,194
-0.94,0.2,194
-1.97,0.22,194
1.3,0.2,194
-2.68,0.17,194
2.73,0.19,194
-1.2,0.21,194
0.98,0.19,194
1.62,0.21,194
-1.47,0.2,194
-2.2,0.2,194
-1.37,0.22,194
-3.07,0.16,194
0.74,0.17,193
1.52,0.19,193
-2.4,0.17,193
-1.11,0.19,193
0.46,0.17,193
-1.52,0.21,192
-1.57,0.23,192
0.61,0.17,192
-1.13,0.18,192
0.26,0.17,192
-1.15,0.21,192
-0.92,0.17,192
-0.9,0.19,192
-1.89,0.2,191
-3.08,0.17,191
1.38,0.23,191
1.11,0.17,191
2.71,0.18,191
2.51,0.2,191
-1.46,0.19,191
-2.71,0.18,191
2.76,0.17,191
-3.02,0.17,191
1.63,0.19,191
-1.62,0.21,191
2.65,0.18,191
-1.01,0.2,191
0.57,0.18,190
-2.44,0.18,190
3.08,0.17,190
1.83,0.25,190
-2.51,0.2,190
-1.88,0.21,190
-2.84,0.18,190
2.16,0.23,190
-1.92,0.22,190
-0.26,0.17,190
1.57,0.23,190
-2.32,0.2,190
0.52,0.17,189
-0.75,0.19,189
-0.2,0.16,189
0.62,0.18,189
-1.13,0.2,189
2.17,0.21,189
0.92,0.17,189
0.49,0.16,189
2.96,0.17,189
0.74,0.16,189
-2.36,0.18,189
-1.0,0.18,188
-0.88,0.17,188
1.37,0.22,188
-0.63,0.2,188
-2.52,0.18,188
2.84,0.18,188
-1.73,0.2,188
-0.36,0.18,188
0.38,0.17,188
2.54,0.17,188
-2.6,0.19,188
1.73,0.2,188
-2.08,0.2,188
2.9,0.18,188
1.48,0.22,188
-0.67,0.19,188
-1.83,0.21,188
0.79,0.18,187
2.32,0.2,187
-2.78,0.18,187
2.2,0.2,187
1.68,0.19,187
-0.9,0.2,187
-1.06,0.22,187
-2.01,0.22,187
1.89,0.2,187
1.42,0.22,186
-3.03,0.19,186
2.28,0.2,186
1.35,0.2,186
-2.04,0.21,186
0.75,0.2,186
1.99,0.23,186
2.13,0.2,186
2.1,0.21,186
3.07,0.16,186
2.6,0.19,186
-0.86,0.21,186
0.97,0.21,185
-2.13,0.2,185
1.08,0.18,185
-2.62,0.17,185
-0.96,0.22,185
-0.12,0.17,185
0.2,0.16,185
-1.42,0.22,185
-0.06,0.17,185
1.47,0.21,184
1.06,0.2,184
1.23,0.23,184
-1.43,0.23,184
-0.62,0.18,184
0.07,0.16,184
2.48,0.19,184
0.83,0.17,184
-2.24,0.19,183
-0.67,0.2,183
-2.55,0.19,183
-1.62,0.23,183
2.91,0.19,183
-1.76,0.23,183
-2.76,0.17,183
2.08,0.22,183
0.12,0.17,182
-2.91,0.19,182
0.3,0.18,182
-0.54,0.19,182
-1.67,0.21,182
1.23,0.19,181
-1.04,0.21,181
2.06,0.2,181
-0.49,0.18,181
0.55,0.16,181
0.12,0.18,181
-2.43,0.2,181
-0.75,0.2,180
-1.44,0.24,180
-0.93,0.21,180
-2.48,0.19,180
-0.98,0.19,180
0.32,0.17,180
-2.09,0.17,180
-1.82,0.22,180
2.97,0.18,180
1.79,0.2,180
2.68,0.19,180
-1.7,0.26,179
-1.49,0.26,179
-0.61,0.17,179
1.29,0.19,179
1.92,0.22,179
2.75,0.2,179
-2.86,0.19,179
-0.39,0.2,179
1.71,0.23,179
-0.3,0.18,179
1.62,0.2,179
-0.59,0.19,179
-1.77,0.22,178
1.68,0.2,178
2.36,0.2,178
2.86,0.19,178
3.01,0.16,178
-2.01,0.2,178
1.36,0.21,178
-2.16,0.19,177
-1.23,0.23,177
1.29,0.23,177
-2.36,0.21,177
2.7,0.2,177
0.24,0.18,177
-0.19,0.17,177
-0.24,0.18,177
2.47,0.2,177
-0.07,0.16,176
-1.15,0.23,176
3.14,0.05,176
3.03,0.18,176
-1.52,0.22,176
1.85,0.23,176
-1.32,0.25,176
1.8,0.23,176
1.67,0.21,176
2.04,0.21,176
3.08,0.18,176
-1.71,0.23,176
-1.08,0.2,175
-0.86,0.2,175
0.9,0.19,175
-1.93,0.24,175
-1.17,0.22,175
-2.1,0.21,175
0.0,0.2,175
-2.77,0.21,175
-0.17,0.18,175
0.94,0.2,175
-1.57,0.24,175
-2.65,0.18,175
-1.38,0.23,175
0.7,0.18,174
-1.99,0.21,174
-1.67,0.22,174
-2.36,0.2,174
0.28,0.15,174
-0.79,0.21,174
2.14,0.22,174
-0.83,0.19,174
-1.35,0.24,174
2.2,0.24,174
-3.08,0.18,174
-2.28,0.2,174
-1.52,0.2,173
-1.11,0.21,173
2.78,0.18,173
-0.38,0.17,173
1.88,0.21,173
1.82,0.22,173
0.59,0.19,173
1.52,0.2,173
-2.63,0.2,173
-2.82,0.17,173
1.71,0.24,173
-1.09,0.23,172
0.83,0.19,172
-2.68,0.19,172
-2.17,0.21,172
1.41,0.2,172
1.77,0.22,172
2.29,0.24,172
1.03,0.19,172
-1.45,0.26,172
0.46,0.19,172
2.25,0.2,172
-0.97,0.21,172
0.6,0.21,172
2.93,0.21,172
0.44,0.18,172
-1.79,0.24,172
-3.03,0.18,171
2.05,0.23,171
0.92,0.23,171
-1.48,0.22,171
1.01,0.2,171
0.67,0.2,171
-1.26,0.21,171
2.36,0.21,170
-0.28,0.15,170
-1.8,0.23,170
0.36,0.18,170
-2.14,0.22,170
-0.06,0.18,170
0.23,0.19,170
-0.06,0.19,170
0.71,0.2,170
0.19,0.17,169
-1.25,0.24,169
1.13,0.2,169
2.19,0.22,169
1.67,0.22,169
-1.75,0.24,169
0.41,0.19,169
-1.94,0.21,169
2.21,0.21,169
-1.95,0.23,168
1.66,0.23,168
-1.62,0.2,168
0.54,0.19,168
-2.47,0.2,168
-1.48,0.25,168
1.26,0.21,168
2.22,0.23,168
1.57,0.26,168
-1.06,0.2,167
-0.57,0.22,167
1.62,0.22,167
1.57,0.22,167
1.52,0.22,167
-1.34,0.23,167
2.43,0.21,167
0.22,0.2,167
0.49,0.18,167
-1.57,0.26,167
2.42,0.23,167
-1.57,0.22,167
2.72,0.21,167
-0.95,0.24,166
-0.75,0.22,166
-2.19,0.22,166
-2.54,0.21,166
2.32,0.22,166
-2.43,0.21,166
0.63,0.2,166
-0.72,0.24,166
1.31,0.21,166
-0.37,0.21,166
1.09,0.23,166
-2.82,0.2,165
2.57,0.22,165
-3.14,0.16,165
-3.14,0.15,165
-1.0,0.22,165
0.69,0.17,165
-1.28,0.22,165
-2.98,0.19,165
-1.61,0.24,165
-0.22,0.2,165
-0.79,0.23,164
-2.75,0.2,164
-0.7,0.18,164
-2.97,0.18,164
-2.7,0.2,164
-1.4,0.25,164
-2.32,0.22,164
1.92,0.25,163
-1.7,0.25,163
0.89,0.22,163
-1.92,0.25,163
-0.72,0.23,163
-0.65,0.23,163
-0.41,0.19,163
-1.66,0.25,162
1.88,0.25,162
-3.14,0.17,162
-1.29,0.23,162
-0.34,0.19,162
1.28,0.26,162
-0.6,0.21,162
0.29,0.19,162
-2.39,0.2,162
1.74,0.25,161
0.9,0.2,161
1.91,0.26,161
2.63,0.2,161
2.39,0.22,161
2.23,0.24,161
1.11,0.21,161
3.04,0.2,161
1.0,0.22,161
1.57,0.24,161
3.09,0.2,161
0.79,0.21,161
-0.56,0.2,161
0.71,0.21,160
-0.29,0.22,160
-1.79,0.25,160
-2.87,0.2,160
-2.58,0.2,160
3.04,0.21,160
-2.26,0.23,160
-1.87,0.26,160
-1.11,0.24,160
0.06,0.19,160
-2.16,0.23,160
0.82,0.2,160
1.33,0.26,160
-2.12,0.22,160
1.3,0.24,160
2.01,0.22,159
0.86,0.2,159
2.17,0.24,159
1.22,0.22,159
3.03,0.19,159
-0.11,0.19,159
2.27,0.25,159
0.27,0.2,159
-2.21,0.21,159
0.67,0.19,159
2.29,0.21,159
-1.37,0.26,159
-1.21,0.24,159
2.25,0.22,159
1.44,0.24,159
2.11,0.25,159
-1.77,0.27,159
-0.32,0.2,159
1.33,0.22,158
1.66,0.25,158
2.04,0.24,158
2.8,0.19,158
1.98,0.24,158
2.12,0.29,158
-1.86,0.22,158
-2.25,0.2,158
1.2,0.21,157
0.53,0.21,157
0.0,0.19,157
-2.42,0.23,157
1.93,0.24,157
0.06,0.17,157
1.39,0.24,157
1.89,0.24,157
1.84,0.24,157
1.96,0.25,157
-1.39,0.24,157
-2.23,0.24,157
1.28,0.22,157
-3.14,0.18,157
-1.98,0.24,156
-0.23,0.19,156
-2.73,0.19,156
-1.26,0.25,156
-1.33,0.26,156
-0.82,0.23,156
2.58,0.2,156
1.91,0.23,156
-1.91,0.26,156
-1.65,0.27,156
1.17,0.22,156
1.4,0.25,156
0.13,0.16,156
2.13,0.24,155
1.06,0.22,155
3.09,0.19,155
-2.3,0.26,155
1.08,0.2,155
2.84,0.21,155
1.04,0.21,155
-1.01,0.24,155
-0.12,0.18,155
-1.62,0.22,155
0.61,0.22,155
1.95,0.23,155
0.56,0.2,155
0.91,0.24,155
-0.46,0.21,155
-0.9,0.26,155
1.79,0.25,155
-0.82,0.22,154
1.43,0.23,154
1.19,0.23,154
-1.91,0.23,154
-0.89,0.22,154
-1.17,0.24,154
-1.89,0.27,154
-1.22,0.22,154
-2.05,0.23,154
0.17,0.19,154
-1.83,0.25,154
0.95,0.24,154
1.73,0.27,153
-2.68,0.21,153
0.06,0.18,153
0.46,0.21,153
1.25,0.24,153
-2.07,0.24,153
-0.46,0.19,153
0.88,0.23,153
0.66,0.17,153
-2.5,0.21,153
-2.63,0.22,153
2.05,0.28,153
1.15,0.21,152
-3.09,0.21,152
3.09,0.21,152
2.12,0.22,152
1.48,0.25,152
2.98,0.2,152
-2.29,0.23,152
-1.85,0.23,152
1.53,0.24,152
0.17,0.18,152
-2.8,0.19,152
2.9,0.22,152
2.8,0.23,152
-2.66,0.23,152
1.65,0.26,152
-0.36,0.24,152
-0.44,0.2,152
0.42,0.21,152
1.7,0.25,152
-3.14,0.19,151
-1.74,0.26,151
1.34,0.23,151
-1.19,0.23,151
-2.36,0.23,151
2.04,0.26,151
-1.16,0.27,151
-0.85,0.23,151
2.87,0.2,151
-1.46,0.28,151
1.77,0.27,151
2.36,0.24,151
-1.02,0.22,150
2.36,0.26,150
-2.04,0.24,150
-1.09,0.25,150
-1.96,0.25,150
-2.33,0.25,150
-2.17,0.24,150
-0.4,0.22,150
-2.39,0.22,150
2.77,0.21,149
1.92,0.28,149
-0.27,0.2,149
0.0,0.23,149
-2.98,0.2,149
1.32,0.25,149
1.79,0.24,149
-2.52,0.24,149
1.45,0.26,149
1.84,0.28,149
0.96,0.22,149
1.62,0.23,149
-0.34,0.23,148
2.45,0.25,148
0.82,0.22,148
-0.88,0.25,148
-0.98,0.23,148
2.65,0.2,148
1.82,0.3,148
0.86,0.21,148
1.75,0.24,148
2.63,0.22,148
0.85,0.23,148
2.39,0.23,147
-3.04,0.21,147
2.29,0.23,147
-2.84,0.21,147
3.14,0.06,147
-1.57,0.3,147
0.44,0.2,147
-0.31,0.21,147
-0.82,0.2,147
0.49,0.2,147
-0.61,0.22,147
-1.48,0.23,147
2.79,0.22,147
-2.72,0.21,147
-1.53,0.26,147
1.61,0.27,147
-0.29,0.19,147
1.15,0.23,146
0.97,0.24,146
-2.74,0.22,146
-2.21,0.25,146
1.53,0.23,146
-2.29,0.21,146
1.61,0.24,146
-1.57,0.28,146
-1.13,0.22,146
0.55,0.22,146
2.05,0.25,146
2.38,0.26,146
-1.74,0.25,146
1.41,0.27,146
-1.2,0.26,146
0.98,0.23,146
-1.3,0.24,146
-2.99,0.22,146
1.05,0.26,146
2.53,0.22,145
1.94,0.26,145
-0.17,0.19,145
-0.53,0.21,145
-1.98,0.27,145
-2.25,0.22,145
-2.02,0.25,145
-0.63,0.24,145
2.5,0.21,145
2.82,0.2,145
-1.05,0.23,145
0.05,0.2,145
-2.93,0.21,145
2.18,0.26,145
2.02,0.25,145
-1.49,0.28,144
-1.28,0.26,144
2.54,0.21,144
-1.05,0.26,144
1.26,0.25,144
2.51,0.25,144
2.61,0.21,144
-2.9,0.22,144
0.93,0.21,144
-1.73,0.27,144
-1.57,0.27,144
-0.48,0.23,144
-0.51,0.2,144
1.29,0.27,144
-0.92,0.23,144
-3.14,0.2,144
0.32,0.2,143
-0.35,0.22,143
-2.13,0.24,143
-2.39,0.23,143
0.69,0.25,143
-1.53,0.23,143
1.35,0.24,143
1.17,0.24,143
-2.2,0.24,143
2.86,0.23,143
0.75,0.19,143
-0.6,0.24,143
-1.34,0.28,143
2.68,0.21,143
-1.36,0.25,143
1.49,0.27,143
2.23,0.3,143
-1.02,0.26,143
2.21,0.27,143
0.16,0.2,143
2.42,0.24,143
-3.09,0.19,143
-0.24,0.22,142
2.39,0.25,142
-0.94,0.25,142
1.44,0.25,142
-2.65,0.2,142
2.98,0.19,142
1.13,0.22,142
-2.42,0.24,142
2.64,0.24,142
-1.71,0.24,142
1.7,0.26,142
0.0,0.21,142
-1.88,0.25,142
-1.65,0.28,142
2.26,0.23,142
1.65,0.27,142
2.21,0.25,141
2.33,0.26,141
2.1,0.23,141
-2.61,0.21,141
2.88,0.21,141
-2.19,0.27,141
1.87,0.26,141
-2.79,0.22,141
-2.39,0.25,141
-2.11,0.25,141
-1.66,0.23,141
0.11,0.19,141
-2.36,0.24,141
-0.15,0.22,141
-1.36,0.3,140
1.82,0.26,140
-1.84,0.24,140
2.36,0.23,140
3.0,0.23,140
-1.14,0.26,140
1.37,0.27,140
2.44,0.26,140
1.22,0.25,140
-2.22,0.23,139
2.07,0.27,139
2.49,0.23,139
-3.0,0.23,139
-1.89,0.24,139
-0.05,0.22,139
1.57,0.3,139
-0.64,0.25,139
2.19,0.27,139
-1.69,0.28,139
-1.3,0.28,139
-1.31,0.29,139
0.75,0.22,139
1.53,0.27,139
-0.05,0.2,138
1.48,0.23,138
0.79,0.23,138
-0.55,0.22,138
-0.99,0.25,138
-1.65,0.26,138
-0.71,0.21,138
2.59,0.22,138
0.57,0.22,138
0.68,0.22,138
0.0,0.22,138
1.33,0.27,138
2.07,0.24,138
-2.28,0.28,138
0.46,0.24,138
-0.2,0.22,138
-2.57,0.22,138
0.51,0.2,137
-1.37,0.27,137
2.41,0.26,137
1.49,0.26,137
1.78,0.26,137
-1.78,0.26,137
-1.53,0.27,137
-1.61,0.26,137
-2.46,0.22,137
-1.53,0.24,137
-0.64,0.21,137
1.72,0.29,137
-1.85,0.27,137
2.89,0.25,137
1.97,0.28,137
-2.54,0.24,137
-3.09,0.22,137
2.04,0.29,137
-1.93,0.27,137
2.27,0.26,136
0.7,0.26,136
2.6,0.25,136
0.69,0.23,136
-0.14,0.23,136
-2.09,0.26,136
1.37,0.26,136
-2.85,0.22,136
2.12,0.26,136
0.0,0.0,136
-0.19,0.23,136
1.74,0.26,136
2.99,0.22,136
-1.41,0.26,136
1.88,0.28,136
2.66,0.23,136
0.35,0.22,136
-0.49,0.2,136
-0.66,0.24,136
-0.1,0.2,135
-0.87,0.26,135
3.14,0.09,135
1.72,0.28,135
-1.0,0.28,135
1.21,0.27,135
2.53,0.26,135
0.72,0.23,135
2.46,0.22,135
2.33,0.25,135
-0.62,0.27,135
-0.6,0.28,135
-0.54,0.25,135
1.57,0.27,135
0.31,0.21,135
0.99,0.25,134
1.01,0.24,134
-2.58,0.24,134
-0.22,0.24,134
0.26,0.21,134
-2.1,0.23,134
3.05,0.22,134
-0.88,0.23,134
0.79,0.24,134
0.29,0.22,134
-3.14,0.23,134
2.74,0.24,134
0.24,0.22,134
2.0,0.26,134
-2.12,0.26,134
-1.07,0.27,134
1.16,0.29,134
-1.69,0.27,133
2.45,0.23,133
-2.62,0.23,133
1.57,0.28,133
1.81,0.32,133
0.82,0.23,133
0.79,0.26,133
2.62,0.23,133
-2.92,0.2,133
-2.05,0.28,133
1.09,0.25,133
-0.42,0.21,133
-1.84,0.28,133
-0.75,0.23,133
2.28,0.28,133
1.93,0.27,133
1.3,0.28,133
2.54,0.24,133
2.0,0.28,133
-2.2,0.29,133
0.34,0.19,133
0.72,0.24,132
2.7,0.22,132
-2.53,0.26,132
-2.92,0.24,132
-1.02,0.29,132
-1.82,0.26,132
-2.72,0.23,132
-1.44,0.25,132
-1.45,0.27,132
1.69,0.27,132
-1.43,0.3,132
-0.75,0.25,132
1.81,0.27,132
2.76,0.23,132
-2.7,0.22,132
0.39,0.2,132
0.64,0.25,132
-0.69,0.23,132
-0.32,0.24,132
-1.13,0.25,132
2.75,0.25,132
-2.7,0.25,132
0.82,0.25,131
-1.72,0.29,131
0.05,0.21,131
2.55,0.23,131
1.76,0.28,131
-1.75,0.29,131
1.07,0.24,131
-1.5,0.29,131
-1.03,0.25,131
-0.59,0.23,131
1.53,0.26,131
2.32,0.23,131
-0.42,0.23,131
0.21,0.21,131
1.41,0.26,131
-2.55,0.23,131
1.36,0.25,131
-1.11,0.26,131
-3.14,0.21,131
-1.18,0.25,130
2.82,0.24,130
-0.81,0.26,130
1.18,0.28,130
0.15,0.22,130
-0.05,0.21,130
-2.09,0.28,130
1.38,0.28,130
1.16,0.27,130
-0.16,0.2,130
-0.46,0.24,130
2.68,0.26,130
2.3,0.27,130
2.85,0.22,130
2.91,0.23,130
0.85,0.24,130
2.36,0.27,130
2.66,0.25,130
0.0,0.26,129
-2.82,0.24,129
2.52,0.24,129
2.15,0.25,129
3.1,0.23,129
2.11,0.27,129
-1.96,0.31,129
-1.22,0.25,129
-3.04,0.2,129
-0.5,0.24,129
1.02,0.22,129
0.97,0.28,129
-1.42,0.29,129
2.92,0.2,129
-0.67,0.26,129
-1.09,0.28,129
1.98,0.27,129
0.1,0.21,129
2.48,0.24,129
-2.04,0.29,129
-0.87,0.28,129
0.65,0.23,129
-0.23,0.23,129
-0.76,0.26,129
2.25,0.27,128
3.05,0.23,128
-1.92,0.28,128
-2.12,0.29,128
0.28,0.23,128
2.02,0.27,128
-3.05,0.23,128
1.57,0.32,128
-0.26,0.21,128
-0.28,0.23,128
-0.79,0.24,128
-1.79,0.29,128
-0.98,0.27,128
-0.97,0.24,128
-2.88,0.21,128
1.89,0.27,128
1.61,0.28,127
-3.1,0.23,127
1.53,0.29,127
-0.38,0.23,127
-0.68,0.22,127
-0.79,0.27,127
-1.33,0.31,127
-1.29,0.27,127
-0.91,0.24,127
-1.04,0.27,127
-1.24,0.26,127
-1.88,0.28,127
-2.02,0.27,127
-3.14,0.24,127
0.4,0.22,127
1.46,0.28,127
2.22,0.28,127
-0.52,0.23,127
3.14,0.07,126
-2.3,0.27,126
-1.07,0.29,126
-2.23,0.31,126
-2.18,0.26,126
0.0,0.24,126
1.13,0.25,126
1.18,0.25,126
1.05,0.23,126
2.95,0.23,126
-1.41,0.27,126
0.88,0.25,126
-1.61,0.27,126
1.65,0.28,126
2.66,0.28,125
-0.96,0.26,125
0.23,0.23,125
0.38,0.23,125
1.61,0.26,125
-0.51,0.22,125
-1.57,0.34,125
-2.32,0.23,125
1.21,0.24,125
0.14,0.23,125
1.69,0.28,125
-1.07,0.24,125
1.71,0.31,125
2.05,0.3,125
0.09,0.22,125
1.14,0.28,125
-0.21,0.21,125
-2.05,0.25,125
2.38,0.29,125
-3.09,0.2,125
-1.68,0.29,125
-1.82,0.31,125
1.11,0.24,125
-0.82,0.25,125
-1.23,0.28,125
-2.41,0.27,125
0.52,0.23,124
2.07,0.29,124
1.7,0.34,124
-0.92,0.28,124
1.03,0.25,124
-1.06,0.28,124
-1.05,0.32,124
2.24,0.26,124
1.25,0.27,124
-2.29,0.24,124
-2.27,0.26,124
-0.44,0.22,124
-2.95,0.23,124
1.8,0.28,124
-1.8,0.28,124
1.5,0.29,124
-2.45,0.25,124
-1.87,0.29,124
-2.49,0.23,124
-2.44,0.26,124
-2.53,0.22,124
0.79,0.27,124
2.26,0.3,124
-1.33,0.27,124
1.78,0.3,123
-2.07,0.27,123
-0.84,0.27,123
-1.35,0.29,123
2.47,0.26,123
1.07,0.27,123
-0.73,0.26,123
-0.84,0.26,123
-1.46,0.29,123
-0.09,0.22,123
-1.94,0.26,123
2.21,0.32,123
2.7,0.25,123
-0.1,0.21,123
-1.32,0.3,123
-1.83,0.29,123
-1.99,0.23,123
-1.97,0.28,123
-0.76,0.31,123
-1.57,0.35,123
-1.49,0.27,123
2.74,0.22,123
3.06,0.26,123
1.75,0.29,123
-1.7,0.32,123
-2.6,0.25,123
-0.52,0.26,123
-2.24,0.26,122
2.54,0.28,122
-1.61,0.28,122
2.31,0.3,122
0.9,0.27,122
1.85,0.27,122
2.78,0.24,122
0.64,0.21,122
-2.66,0.25,122
2.51,0.29,122
-2.45,0.23,122
1.87,0.29,122
-0.18,0.24,122
0.54,0.25,122
-0.95,0.27,122
3.09,0.22,122
-2.93,0.25,122
1.14,0.26,122
-0.79,0.29,122
1.09,0.28,122
1.02,0.26,121
-1.74,0.32,121
1.68,0.3,121
-1.5,0.3,121
0.42,0.23,121
-0.14,0.24,121
-1.97,0.3,121
1.89,0.3,121
-2.21,0.27,121
2.5,0.27,121
2.09,0.26,121
2.52,0.27,121
1.5,0.3,121
-1.21,0.27,121
-1.38,0.28,121
-2.8,0.23,121
-1.18,0.28,121
-1.99,0.29,121
-1.25,0.27,121
-2.16,0.27,121
0.19,0.23,121
-1.47,0.32,121
1.24,0.26,121
-1.64,0.31,120
-3.14,0.22,120
-2.83,0.25,120
1.91,0.32,120
-2.0,0.26,120
1.49,0.28,120
-3.06,0.26,120
-0.31,0.25,120
1.39,0.29,120
-0.48,0.25,120
-2.74,0.24,120
-1.64,0.3,120
2.94,0.22,120
2.3,0.29,120
-1.46,0.3,120
0.75,0.23,119
-0.09,0.23,119
-2.27,0.25,119
0.89,0.3,119
-1.42,0.28,119
-1.11,0.29,119
0.93,0.27,119
-0.67,0.27,119
-2.52,0.27,119
1.71,0.3,119
-1.94,0.3,119
-2.36,0.29,119
-2.38,0.28,119
3.14,0.1,119
2.41,0.27,119
-2.86,0.23,119
-0.05,0.23,119
-1.9,0.29,119
1.82,0.31,119
1.97,0.3,119
-1.12,0.27,119
2.79,0.25,119
1.67,0.32,118
0.2,0.22,118
0.36,0.24,118
0.32,0.24,118
0.37,0.21,118
-1.64,0.29,118
1.2,0.26,118
2.3,0.26,118
0.31,0.25,118
-1.26,0.31,118
-2.41,0.26,118
3.01,0.25,118
-0.85,0.24,118
1.14,0.3,118
0.73,0.26,118
-0.56,0.24,118
-2.51,0.25,118
-1.54,0.3,118
-2.15,0.25,118
-2.91,0.23,118
-0.41,0.27,118
-0.43,0.26,118
1.94,0.3,118
2.96,0.24,118
1.61,0.3,118
0.48,0.25,117
-0.5,0.27,117
-1.57,0.31,117
1.61,0.29,117
-1.53,0.28,117
1.64,0.29,117
-1.27,0.29,117
2.46,0.3,117
1.53,0.28,117
1.54,0.3,117
0.5,0.24,117
-2.76,0.23,117
0.13,0.25,117
0.87,0.26,117
1.57,0.29,117
2.98,0.26,117
-0.68,0.29,117
0.63,0.24,117
-2.11,0.27,117
2.48,0.3,117
-1.34,0.33,117
-0.73,0.27,117
1.07,0.29,117
2.1,0.3,116
-2.98,0.26,116
1.34,0.28,116
0.1,0.2,116
2.31,0.32,116
-0.64,0.27,116
-1.57,0.32,116
0.96,0.26,116
-2.59,0.22,116
-1.78,0.3,116
0.84,0.26,116
1.04,0.3,116
2.02,0.29,116
0.05,0.23,116
-0.4,0.24,116
2.28,0.29,116
2.58,0.24,116
-2.0,0.28,116
1.85,0.31,116
1.9,0.29,116
0.34,0.23,116
-1.95,0.29,116
-2.38,0.26,116
-2.47,0.26,116
-2.47,0.27,115
1.88,0.31,115
-1.29,0.31,115
1.83,0.29,115
-2.77,0.26,115
-1.81,0.27,115
-1.16,0.29,115
0.61,0.26,115
-0.88,0.33,115
2.11,0.31,115
0.95,0.27,115
2.33,0.28,115
2.33,0.29,115
2.68,0.24,115
-0.45,0.27,115
1.24,0.29,115
-3.1,0.28,115
-1.71,0.31,115
-1.71,0.3,115
-1.77,0.31,115
-1.72,0.28,115
1.19,0.29,115
-2.04,0.26,115
-1.12,0.29,115
-2.79,0.25,114
0.75,0.25,114
-2.5,0.27,114
-0.79,0.26,114
2.46,0.29,114
-0.69,0.25,114
0.6,0.24,114
2.76,0.29,114
1.99,0.29,114
0.05,0.22,114
-0.91,0.3,114
-0.58,0.29,114
2.43,0.29,114
0.26,0.25,114
1.26,0.31,114
-2.88,0.24,114
-1.14,0.28,114
-0.73,0.29,114
0.76,0.26,114
-0.84,0.29,114
3.01,0.24,114
1.5,0.32,114
1.77,0.31,113
-2.94,0.22,113
-0.33,0.26,113
0.27,0.24,113
-0.27,0.24,113
2.05,0.32,113
1.79,0.29,113
-0.86,0.29,113
1.51,0.34,113
-2.68,0.26,113
-2.68,0.24,113
1.36,0.3,113
1.31,0.29,113
2.12,0.32,113
1.28,0.3,113
0.48,0.23,113
-2.75,0.25,113
3.1,0.27,112
1.42,0.28,112
3.14,0.11,112
2.2,0.29,112
-1.76,0.28,112
2.36,0.32,112
1.12,0.27,112
-1.26,0.28,112
2.29,0.34,112
0.94,0.25,112
-1.54,0.31,112
2.23,0.31,112
2.04,0.31,112
-0.91,0.31,112
0.14,0.24,112
0.51,0.22,112
2.45,0.32,112
2.88,0.24,112
0.9,0.26,112
0.91,0.31,112
-0.39,0.25,112
1.74,0.32,112
1.75,0.3,112
2.25,0.29,112
-1.06,0.3,111
-0.93,0.27,111
1.37,0.31,111
1.83,0.33,111
1.26,0.28,111
-2.48,0.24,111
-0.59,0.27,111
-2.21,0.3,111
0.98,0.27,111
1.79,0.34,111
-3.01,0.24,111
-3.01,0.25,111
-0.89,0.29,111
-1.39,0.29,111
1.77,0.33,111
-2.08,0.3,111
0.55,0.26,111
-2.17,0.28,111
1.23,0.28,111
2.72,0.23,111
-1.31,0.33,111
2.98,0.27,111
-0.66,0.3,111
-0.97,0.28,111
2.92,0.24,111
-2.73,0.27,110
-0.71,0.31,110
2.97,0.25,110
-2.9,0.26,110
-2.71,0.26,110
-1.24,0.33,110
-2.02,0.29,110
1.17,0.3,110
-0.94,0.34,110
-2.33,0.28,110
2.16,0.27,110
-2.75,0.28,110
2.14,0.28,110
-0.66,0.35,110
-1.39,0.3,110
1.74,0.31,110
-1.14,0.3,110
-1.53,0.29,110
-0.96,0.3,110
-0.94,0.29,109
3.1,0.28,109
-0.95,0.31,109
-2.25,0.27,109
1.04,0.27,109
1.66,0.34,109
-0.76,0.28,109
-0.24,0.27,109
-0.12,0.27,109
1.45,0.27,109
0.65,0.28,109
1.43,0.3,109
-1.02,0.32,109
2.21,0.3,109
0.22,0.24,109
-2.62,0.26,109
0.09,0.23,109
1.76,0.35,109
2.77,0.26,109
2.64,0.27,109
-0.04,0.24,109
-1.81,0.32,109
-0.37,0.26,109
1.11,0.31,108
1.09,0.3,108
2.71,0.26,108
-0.09,0.25,108
0.73,0.27,108
2.7,0.27,108
1.46,0.3,108
-1.95,0.32,108
-2.86,0.27,108
-1.91,0.32,108
1.86,0.33,108
2.15,0.29,108
2.94,0.27,108
-1.17,0.32,108
2.57,0.28,108
-2.1,0.3,108
-0.69,0.3,108
2.63,0.28,108
-2.16,0.31,108
0.0,0.27,108
-0.63,0.29,108
-1.61,0.3,108
1.22,0.31,108
-0.5,0.29,108
-0.46,0.26,108
-1.5,0.31,108
-0.61,0.26,108
1.01,0.3,108
-1.47,0.31,108
2.14,0.32,108
-2.36,0.26,108
1.25,0.3,108
1.29,0.31,108
0.39,0.25,107
-1.35,0.34,107
-1.25,0.3,107
-1.28,0.33,107
1.35,0.29,107
-2.4,0.32,107
-1.86,0.3,107
0.44,0.25,107
1.2,0.3,107
1.12,0.32,107
1.2,0.32,107
-1.88,0.31,107
2.49,0.28,107
-1.63,0.33,107
2.59,0.26,107
0.59,0.23,107
-2.22,0.28,107
0.89,0.29,107
1.67,0.31,107
2.1,0.36,107
0.0,0.31,107
-0.53,0.27,107
-2.63,0.28,107
0.21,0.26,106
-2.56,0.25,106
2.38,0.31,106
-2.14,0.28,106
-2.89,0.3,106
-2.17,0.32,106
-0.55,0.26,106
-3.1,0.27,106
0.58,0.25,106
0.79,0.29,106
2.09,0.28,106
-2.97,0.25,106
-2.78,0.24,106
-2.36,0.27,106
-1.54,0.32,106
-0.39,0.28,106
0.56,0.24,106
2.87,0.28,106
2.41,0.3,106
-2.64,0.24,106
1.9,0.33,106
-1.61,0.29,106
-1.41,0.32,106
1.23,0.32,106
-2.54,0.28,106
2.51,0.3,106
1.46,0.29,106
-2.44,0.28,106
0.32,0.27,106
2.83,0.28,106
-3.14,0.26,106
-1.17,0.3,105
-1.99,0.34,105
-2.08,0.33,105
-0.74,0.3,105
2.16,0.31,105
-0.71,0.29,105
1.27,0.29,105
-2.04,0.33,105
-1.93,0.33,105
-1.0,0.32,105
-1.21,0.33,105
-3.05,0.22,105
0.41,0.27,105
2.18,0.34,105
-1.82,0.3,105
-1.85,0.34,105
-0.9,0.27,105
2.73,0.29,105
-1.24,0.29,105
-1.23,0.32,105
2.47,0.27,105
-0.17,0.26,105
2.56,0.25,105
1.7,0.32,105
-0.17,0.25,105
1.68,0.29,105
-0.35,0.25,105
-1.57,0.29,105
-1.76,0.34,105
1.02,0.29,105
-2.59,0.26,105
0.94,0.29,105
-3.1,0.24,105
-2.33,0.29,105
-2.28,0.31,105
2.62,0.26,105
0.35,0.31,104
1.7,0.33,104
-2.33,0.26,104
0.67,0.26,104
2.13,0.3,104
-2.22,0.33,104
0.44,0.22,104
1.42,0.29,104
1.86,0.3,104
2.31,0.35,104
2.83,0.25,104
2.55,0.27,104
-0.57,0.28,104
0.35,0.25,104
0.92,0.28,104
-0.48,0.28,104
-2.23,0.3,104
0.76,0.28,104
-0.3,0.26,104
0.09,0.25,104
1.99,0.31,104
1.76,0.34,104
-0.58,0.25,104
2.26,0.32,104
2.01,0.33,104
2.9,0.26,104
1.57,0.34,104
-2.2,0.34,104
-0.15,0.28,103
0.71,0.29,103
-1.85,0.31,103
-1.3,0.32,103
0.33,0.26,103
2.82,0.27,103
0.18,0.24,103
-1.44,0.32,103
1.93,0.31,103
-0.2,0.27,103
2.61,0.27,103
-1.57,0.33,103
-2.25,0.29,103
0.55,0.29,103
-1.51,0.34,103
2.17,0.28,103
1.64,0.32,103
0.64,0.27,103
-2.14,0.32,103
2.02,0.32,103
1.08,0.31,103
-0.7,0.35,103
-2.13,0.3,103
-1.5,0.32,103
1.61,0.31,103
-0.48,0.3,103
-2.15,0.29,103
-2.6,0.29,103
1.95,0.29,103
-1.99,0.31,103
0.21,0.25,103
1.87,0.32,103
1.33,0.31,103
-1.86,0.33,103
0.04,0.27,103
0.68,0.29,102
1.73,0.33,102
2.24,0.33,102
2.09,0.37,102
-1.67,0.32,102
0.04,0.24,102
0.57,0.28,102
-2.11,0.31,102
2.09,0.32,102
-0.7,0.28,102
1.6,0.33,102
-0.36,0.27,102
0.84,0.29,102
1.73,0.34,102
-1.75,0.3,102
1.47,0.31,102
2.0,0.3,102
-1.48,0.35,102
-0.84,0.3,102
-2.99,0.29,102
-2.41,0.3,102
-1.19,0.29,102
2.38,0.28,102
0.95,0.31,102
1.0,0.28,102
-2.07,0.29,102
-0.81,0.28,102
1.51,0.33,101
-1.33,0.32,101
-1.28,0.3,101
-1.6,0.35,101
-0.83,0.33,101
-2.81,0.29,101
-1.77,0.33,101
-0.85,0.35,101
2.22,0.33,101
-1.03,0.31,101
2.95,0.28,101
1.8,0.33,101
-1.93,0.31,101
-2.94,0.27,101
-1.79,0.35,101
-1.2,0.3,101
-1.14,0.33,101
-1.12,0.34,101
1.88,0.35,101
-0.7,0.26,101
-1.51,0.33,101
-2.14,0.35,101
-2.98,0.27,101
-2.12,0.32,101
-2.38,0.31,101
-0.81,0.29,101
-0.31,0.28,101
2.08,0.3,101
0.81,0.28,101
-2.31,0.3,101
-1.68,0.3,101
-0.21,0.26,101
-0.13,0.25,101
1.64,0.31,101
2.49,0.35,101
2.13,0.34,101
1.42,0.34,100
1.57,0.31,100
0.66,0.24,100
-1.54,0.34,100
-2.85,0.26,100
-1.45,0.35,100
-2.0,0.3,100
-2.55,0.27,100
-0.76,0.35,100
-2.43,0.29,100
1.6,0.32,100
3.02,0.27,100
2.61,0.3,100
2.25,0.34,100
2.28,0.31,100
2.36,0.33,100
-2.46,0.3,100
2.06,0.34,100
0.99,0.33,100
-0.51,0.28,100
2.44,0.28,100
0.17,0.26,100
-2.18,0.3,100
-0.33,0.29,100
2.75,0.28,100
-0.04,0.26,100
-0.93,0.3,100
1.28,0.33,100
-2.92,0.29,100
-1.01,0.3,100
-0.24,0.26,100
-1.61,0.31,99
1.06,0.28,99
1.4,0.31,99
1.47,0.33,99
1.96,0.31,99
-3.02,0.27,99
-0.64,0.3,99
2.2,0.33,99
-0.65,0.28,99
-1.09,0.3,99
-1.12,0.32,99
0.62,0.27,99
0.91,0.3,99
1.08,0.34,99
-1.47,0.33,99
-1.36,0.36,99
-0.81,0.34,99
-0.79,0.3,99
-0.89,0.3,99
-3.11,0.29,99
1.14,0.33,99
-0.83,0.32,99
0.84,0.3,99
0.5,0.27,99
0.4,0.24,99
2.18,0.3,99
-0.55,0.29,99
-1.11,0.31,99
-2.73,0.29,99
2.04,0.33,99
0.08,0.28,99
2.36,0.3,99
-0.76,0.32,99
-1.01,0.34,99
-2.31,0.33,99
-0.95,0.33,99
2.41,0.29,98
2.21,0.37,98
1.57,0.33,98
1.11,0.29,98
-2.02,0.32,98
-2.02,0.34,98
-1.84,0.32,98
-1.84,0.35,98
-1.32,0.34,98
2.53,0.31,98
-2.07,0.35,98
-0.38,0.29,98
1.92,0.34,98
3.0,0.3,98
-1.79,0.34,98
0.26,0.29,98
1.34,0.33,98
2.86,0.27,98
0.76,0.31,98
-2.25,0.36,98
1.57,0.38,98
-0.76,0.29,98
2.38,0.34,98
-1.98,0.32,98
-2.82,0.27,98
2.99,0.28,98
-2.68,0.29,98
-2.38,0.32,98
-0.74,0.32,98
-0.24,0.31,98
2.36,0.29,98
-2.83,0.28,98
-2.96,0.24,97
0.97,0.32,97
-2.91,0.28,97
-3.05,0.25,97
-0.26,0.25,97
2.29,0.32,97
-2.87,0.28,97
2.65,0.31,97
2.85,0.26,97
-1.09,0.32,97
-0.28,0.27,97
0.74,0.3,97
-2.7,0.27,97
2.59,0.32,97
2.12,0.35,97
2.96,0.29,97
-1.73,0.33,97
-1.74,0.31,97
-2.3,0.29,97
-2.29,0.32,97
-1.75,0.37,97
0.81,0.26,97
1.5,0.31,97
1.84,0.32,97
-2.04,0.31,97
0.84,0.27,96
2.08,0.33,96
1.89,0.34,96
-1.15,0.31,96
-2.26,0.3,96
-2.26,0.32,96
1.35,0.34,96
2.27,0.33,96
-0.64,0.32,96
1.82,0.35,96
0.9,0.33,96
1.75,0.36,96
2.81,0.26,96
-1.89,0.3,96
-0.62,0.31,96
0.3,0.26,96
-1.08,0.31,96
0.04,0.28,96
0.27,0.28,96
0.52,0.32,96
0.24,0.26,96
-0.43,0.28,96
0.45,0.27,96
-2.71,0.28,96
-0.53,0.3,96
0.53,0.27,96
-2.31,0.35,96
-0.85,0.34,96
3.05,0.25,96
-0.83,0.35,96
1.18,0.31,96
3.1,0.24,96
0.59,0.27,96
1.11,0.33,96
1.54,0.31,96
0.79,0.3,96
2.15,0.33,96
1.32,0.3,96
-0.29,0.3,96
1.3,0.32,96
-1.22,0.34,96
-0.45,0.29,96
-2.9,0.31,96
-0.99,0.29,96
0.83,0.32,96
-2.18,0.35,96
-0.72,0.32,96
0.48,0.3,96
2.48,0.31,95
1.39,0.3,95
-2.05,0.3,95
-3.14,0.3,95
1.69,0.35,95
2.94,0.26,95
1.44,0.33,95
2.66,0.32,95
2.91,0.28,95
1.9,0.36,95
1.98,0.32,95
2.06,0.31,95
0.93,0.32,95
-1.38,0.34,95
0.08,0.26,95
1.63,0.36,95
0.2,0.27,95
0.71,0.31,95
2.92,0.29,95
1.54,0.32,95
-1.75,0.36,95
0.04,0.29,95
2.56,0.29,95
-2.89,0.25,95
-2.38,0.29,95
1.31,0.33,95
1.22,0.34,95
-0.99,0.33,95
-0.32,0.27,95
1.99,0.34,95
1.33,0.32,95
-3.06,0.27,94
0.11,0.29,94
-3.02,0.26,94
1.23,0.35,94
-3.03,0.28,94
2.33,0.34,94
0.76,0.29,94
-0.46,0.29,94
0.36,0.27,94
1.66,0.35,94
0.41,0.29,94
1.64,0.3,94
1.02,0.32,94
0.43,0.26,94
-2.19,0.31,94
0.0,0.28,94
0.69,0.33,94
-1.41,0.33,94
-1.66,0.35,94
-1.9,0.33,94
-0.51,0.3,94
0.92,0.35,94
1.29,0.34,94
2.09,0.34,94
-1.73,0.34,94
-0.4,0.3,94
-0.35,0.28,94
0.48,0.28,94
-2.12,0.35,93
2.53,0.3,93
-1.66,0.37,93
-2.76,0.29,93
0.0,0.29,93
2.42,0.34,93
0.3,0.29,93
-1.11,0.33,93
-2.51,0.29,93
2.78,0.27,93
2.6,0.31,93
-1.87,0.36,93
1.75,0.37,93
-1.06,0.33,93
-1.93,0.36,93
-0.27,0.28,93
-1.6,0.32,93
-1.67,0.33,93
1.57,0.36,93
-3.11,0.3,93
-0.74,0.35,93
0.46,0.26,93
-0.12,0.26,93
1.94,0.35,93
1.06,0.3,93
-1.63,0.38,93
-0.66,0.31,93
-0.44,0.25,93
2.38,0.32,93
-2.49,0.28,93
-1.45,0.36,93
-0.08,0.27,93
-2.66,0.3,93
2.55,0.31,93
-3.06,0.28,93
1.12,0.29,93
1.11,0.26,93
2.97,0.31,93
-1.27,0.32,93
-3.14,0.27,92
-1.27,0.36,92
0.67,0.27,92
2.64,0.29,92
-2.36,0.33,92
-0.9,0.33,92
-0.9,0.34,92
-0.97,0.37,92
-2.61,0.27,92
-2.33,0.31,92
-0.93,0.32,92
0.7,0.28,92
2.93,0.25,92
2.91,0.27,92
1.63,0.33,92
-1.23,0.35,92
-1.22,0.31,92
0.52,0.26,92
1.87,0.36,92
0.53,0.3,92
1.43,0.31,92
0.31,0.28,92
2.0,0.36,92
-2.15,0.37,92
2.02,0.34,92
-3.14,0.28,92
1.68,0.39,92
-2.57,0.28,92
1.6,0.34,92
-3.03,0.29,92
-1.63,0.35,92
2.62,0.32,92
1.63,0.34,92
0.23,0.28,92
2.27,0.35,92
-2.15,0.33,91
-0.41,0.29,91
2.14,0.35,91
1.18,0.33,91
-0.79,0.33,91
-1.54,0.35,91
0.79,0.36,91
-0.85,0.32,91
2.81,0.29,91
1.47,0.32,91
-1.28,0.37,91
0.64,0.32,91
-1.63,0.34,91
-0.55,0.32,91
-2.41,0.29,91
1.51,0.35,91
-1.82,0.34,91
-0.25,0.3,91
-1.91,0.35,91
1.84,0.35,91
2.1,0.38,91
-1.92,0.34,91
-0.11,0.29,91
-0.16,0.27,91
2.27,0.36,91
-0.46,0.31,91
-1.64,0.32,91
1.67,0.42,91
1.15,0.34,91
-0.81,0.31,91
-2.71,0.3,90
2.33,0.31,90
-1.8,0.33,90
0.99,0.29,90
-2.48,0.3,90
1.17,0.32,90
2.4,0.32,90
2.63,0.3,90
1.96,0.33,90
-2.21,0.32,90
2.73,0.27,90
1.74,0.38,90
1.19,0.34,90
0.87,0.35,90
2.47,0.33,90
1.54,0.34,90
0.79,0.32,90
1.93,0.36,90
-0.97,0.32,90
-0.95,0.37,90
0.81,0.29,90
0.81,0.31,90
-1.4,0.38,90
-0.28,0.31,90
1.91,0.35,90
-1.4,0.37,90
-1.66,0.34,90
-1.67,0.31,90
1.07,0.35,90
2.31,0.33,90
-2.28,0.29,90
2.33,0.32,90
2.88,0.29,90
-0.69,0.32,90
-1.9,0.36,90
1.82,0.34,90
0.69,0.3,90
1.81,0.36,90
0.6,0.28,90
-2.66,0.28,90
1.03,0.35,90
-1.57,0.38,90
-2.81,0.26,90
-0.61,0.3,90
-0.08,0.28,90
1.68,0.41,90
-0.59,0.31,89
1.48,0.35,89
-1.82,0.35,89
-1.33,0.36,89
2.2,0.38,89
2.2,0.34,89
-1.37,0.31,89
-2.24,0.33,89
2.5,0.32,89
-1.03,0.35,89
2.25,0.36,89
3.06,0.27,89
-2.31,0.32,89
0.46,0.29,89
-0.04,0.27,89
0.07,0.3,89
-0.58,0.37,89
0.98,0.31,89
-1.19,0.34,89
-1.18,0.31,89
3.11,0.29,89
1.41,0.32,89
0.56,0.3,89
0.0,0.3,89
1.98,0.35,89
0.88,0.33,89
-0.39,0.31,89
-0.91,0.36,89
-2.05,0.32,89
1.15,0.31,89
1.27,0.32,89
1.54,0.33,89
-2.61,0.3,89
1.72,0.37,88
-2.43,0.31,88
-2.79,0.31,88
1.45,0.34,88
-1.43,0.31,88
3.0,0.31,88
1.93,0.33,88
1.24,0.36,88
1.77,0.38,88
-0.43,0.3,88
1.77,0.37,88
-1.95,0.34,88
-2.96,0.29,88
-3.04,0.3,88
-1.54,0.37,88
0.74,0.33,88
-2.68,0.31,88
2.99,0.29,88
-1.07,0.38,88
2.89,0.3,88
-1.9,0.39,88
1.05,0.32,88
1.38,0.34,88
0.12,0.26,88
-2.84,0.29,88
2.8,0.32,88
2.58,0.3,88
0.6,0.32,88
2.84,0.29,88
1.42,0.35,88
0.51,0.28,88
-0.87,0.35,88
0.16,0.27,88
-0.46,0.33,88
-3.14,0.29,87
-2.16,0.35,87
0.28,0.27,87
-2.47,0.33,87
0.64,0.3,87
0.37,0.26,87
2.71,0.3,87
-2.62,0.32,87
2.4,0.38,87
-0.62,0.33,87
0.67,0.33,87
-2.83,0.31,87
2.6,0.29,87
2.66,0.3,87
2.3,0.38,87
-1.38,0.39,87
0.45,0.29,87
0.73,0.29,87
-0.56,0.34,87
0.74,0.32,87
2.68,0.29,87
-1.86,0.38,87
1.39,0.35,87
3.1,0.26,87
-1.25,0.34,87
-1.77,0.38,87
1.78,0.36,87
-1.48,0.36,87
0.57,0.32,87
-1.7,0.34,87
-1.7,0.33,87
-2.25,0.34,87
-0.56,0.3,87
0.08,0.27,87
-0.23,0.28,87
0.93,0.3,87
-2.36,0.3,87
0.58,0.29,87
2.74,0.3,87
0.85,0.32,87
1.15,0.36,87
1.82,0.38,87
2.8,0.28,87
-2.13,0.34,86
-1.57,0.36,86
-1.83,0.33,86
-1.33,0.35,86
-0.08,0.26,86
1.0,0.32,86
2.02,0.37,86
-1.38,0.4,86
-1.96,0.33,86
1.67,0.33,86
-0.26,0.29,86
-2.27,0.36,86
-1.92,0.37,86
-1.04,0.36,86
1.87,0.37,86
-2.51,0.3,86
2.79,0.31,86
3.11,0.34,86
1.54,0.36,86
0.83,0.33,86
-1.04,0.3,86
1.72,0.35,86
1.24,0.33,86
-0.52,0.32,86
1.09,0.32,86
3.04,0.32,86
1.8,0.38,86
2.21,0.36,86
1.27,0.36,86
-0.83,0.38,86
0.19,0.28,86
0.89,0.36,86
-2.07,0.38,86
2.43,0.31,86
-1.76,0.39,86
-0.79,0.32,86
0.63,0.29,86
2.18,0.35,86
2.29,0.35,86
2.52,0.33,86
-2.46,0.29,85
0.35,0.28,85
1.46,0.4,85
-2.99,0.28,85
2.68,0.31,85
-1.63,0.36,85
-0.04,0.29,85
-1.23,0.38,85
-2.13,0.38,85
-2.64,0.29,85
0.76,0.32,85
1.01,0.34,85
-1.45,0.34,85
-2.64,0.27,85
1.88,0.39,85
-0.21,0.25,85
2.12,0.39,85
2.13,0.38,85
0.87,0.28,85
-2.88,0.29,85
-1.77,0.37,85
0.0,0.32,85
-0.89,0.36,85
-0.49,0.31,85
-1.66,0.36,85
-1.97,0.36,85
-1.94,0.35,85
-1.42,0.37,85
-1.76,0.35,85
-1.74,0.38,85
2.54,0.32,85
-0.33,0.33,85
2.12,0.53,85
-1.31,0.37,85
-2.86,0.31,85
-1.36,0.35,85
-0.68,0.36,85
-0.88,0.32,85
-0.39,0.33,85
1.8,0.37,85
1.95,0.32,85
2.04,0.36,85
0.96,0.35,85
1.95,0.34,85
-0.83,0.36,85
0.15,0.28,85
-1.99,0.4,85
-2.36,0.32,85
2.43,0.32,85
0.91,0.36,85
2.45,0.33,85
0.96,0.3,85
-2.04,0.36,85
1.48,0.36,84
-2.94,0.26,84
1.45,0.35,84
3.07,0.3,84
-1.63,0.37,84
0.04,0.26,84
-1.87,0.32,84
-2.57,0.32,84
-2.76,0.34,84
-0.79,0.35,84
1.76,0.4,84
2.17,0.32,84
3.02,0.26,84
1.89,0.37,84
-1.78,0.36,84
1.65,0.4,84
-2.13,0.4,84
-2.53,0.3,84
-0.31,0.31,84
-2.01,0.35,84
2.31,0.36,84
-2.36,0.35,84
-2.91,0.27,84
0.88,0.32,84
-0.92,0.35,84
-0.48,0.32,84
2.12,0.41,84
1.68,0.37,83
0.86,0.29,83
2.07,0.35,83
1.84,0.36,83
-3.04,0.33,83
2.19,0.37,83
2.05,0.4,83
-2.58,0.3,83
0.45,0.32,83
2.06,0.36,83
-1.46,0.39,83
1.41,0.33,83
1.39,0.36,83
-1.87,0.37,83
-1.18,0.37,83
-0.92,0.33,83
-1.3,0.35,83
-1.89,0.34,83
-0.19,0.28,83
2.33,0.35,83
2.76,0.34,83
1.05,0.34,83
2.54,0.34,83
-0.37,0.3,83
2.9,0.31,83
2.11,0.33,83
-1.47,0.41,83
2.85,0.3,83
-0.27,0.32,83
-1.37,0.33,83
2.15,0.37,83
0.83,0.36,83
-0.99,0.37,83
2.23,0.36,83
-1.6,0.34,83
-0.71,0.38,83
1.54,0.35,83
-2.09,0.37,83
-2.17,0.37,83
1.48,0.34,83
-2.94,0.31,83
-1.4,0.31,83
0.43,0.28,83
-2.85,0.3,83
1.04,0.33,83
-0.96,0.35,83
-2.72,0.34,83
1.45,0.36,83
-2.49,0.33,83
2.57,0.32,83
0.12,0.27,83
0.72,0.32,82
2.44,0.36,82
-1.82,0.39,82
-1.24,0.36,82
0.86,0.39,82
0.0,0.33,82
2.19,0.31,82
-2.77,0.32,82
-0.51,0.33,82
-2.23,0.35,82
-1.52,0.38,82
-1.42,0.34,82
-1.42,0.35,82
-1.51,0.36,82
1.57,0.43,82
2.89,0.38,82
1.79,0.35,82
-2.33,0.34,82
2.49,0.4,82
1.44,0.32,82
-2.56,0.33,82
2.93,0.3,82
-0.67,0.38,82
-1.09,0.35,82
-1.54,0.38,82
-1.98,0.35,82
-0.57,0.32,82
1.65,0.38,82
1.6,0.35,82
-2.06,0.39,82
0.95,0.37,82
-1.89,0.37,82
-2.27,0.33,82
-3.07,0.32,82
1.97,0.36,82
-0.81,0.32,82
0.93,0.37,82
-1.46,0.4,82
-0.58,0.33,82
-0.04,0.28,82
-1.8,0.38,82
-2.0,0.41,82
1.57,0.35,82
-0.11,0.28,82
-2.1,0.36,82
-1.44,0.33,81
1.9,0.39,81
1.49,0.38,81
1.49,0.37,81
-2.45,0.32,81
-1.04,0.33,81
-1.6,0.36,81
-1.54,0.33,81
1.66,0.36,81
2.83,0.31,81
2.04,0.4,81
1.49,0.4,81
0.14,0.3,81
-1.48,0.34,81
3.11,0.31,81
1.85,0.34,81
3.14,0.12,81
0.04,0.3,81
2.28,0.39,81
0.86,0.31,81
-2.84,0.32,81
-1.2,0.32,81
-0.45,0.32,81
-0.14,0.3,81
-2.01,0.33,81
-0.17,0.32,81
-0.65,0.33,81
2.47,0.34,81
-0.32,0.34,81
2.16,0.35,81
-2.06,0.31,81
0.66,0.3,81
-0.97,0.34,81
-1.91,0.38,81
-1.08,0.34,81
1.2,0.35,81
2.78,0.3,81
-1.09,0.37,81
-2.36,0.38,81
2.32,0.38,81
1.63,0.35,81
-0.35,0.31,81
2.57,0.35,80
2.05,0.37,80
3.11,0.3,80
0.39,0.28,80
-1.2,0.35,80
-2.22,0.39,80
-0.15,0.29,80
-2.2,0.33,80
0.59,0.31,80
-2.23,0.36,80
-1.52,0.42,80
-1.81,0.36,80
0.0,0.34,80
-1.65,0.41,80
-0.07,0.29,80
-0.75,0.38,80
2.05,0.35,80
1.03,0.31,80
-2.55,0.31,80
-1.01,0.4,80
1.6,0.37,80
-1.88,0.35,80
0.85,0.34,80
2.71,0.28,80
-1.08,0.36,80
0.95,0.33,80
2.17,0.36,80
-1.71,0.38,80
1.21,0.36,80
2.36,0.38,80
0.92,0.33,80
-1.15,0.34,80
2.36,0.35,80
1.17,0.36,80
0.5,0.29,80
-0.86,0.31,80
0.2,0.33,80
2.42,0.37,80
1.51,0.36,80
-2.27,0.35,80
2.24,0.39,80
-2.8,0.28,80
-0.98,0.31,80
-1.51,0.37,80
1.52,0.39,80
2.3,0.4,80
1.71,0.38,80
-0.77,0.37,80
-1.73,0.4,80
-2.87,0.32,80
2.75,0.31,80
-2.16,0.38,79
-3.14,0.31,79
0.33,0.29,79
-1.07,0.35,79
-0.69,0.33,79
1.71,0.39,79
-3.0,0.31,79
-2.69,0.34,79
0.17,0.25,79
1.25,0.34,79
-3.07,0.3,79
1.25,0.37,79
-0.93,0.36,79
-1.41,0.4,79
-1.16,0.35,79
-2.11,0.37,79
1.21,0.33,79
-0.94,0.4,79
0.7,0.35,79
3.01,0.32,79
-2.74,0.3,79
-1.33,0.39,79
1.46,0.37,79
-2.04,0.38,79
2.68,0.33,79
-0.42,0.31,79
-0.92,0.39,79
-2.21,0.37,79
1.85,0.43,79
0.24,0.27,79
0.18,0.29,79
-0.07,0.31,79
-2.21,0.36,79
-2.48,0.31,79
0.54,0.31,79
1.18,0.37,79
-2.75,0.31,79
-2.09,0.32,79
-1.35,0.38,79
-1.6,0.33,79
-0.54,0.4,79
2.53,0.35,78
1.3,0.35,78
-2.4,0.35,78
2.84,0.32,78
-3.11,0.31,78
1.47,0.42,78
-0.72,0.35,78
0.55,0.32,78
1.57,0.37,78
-1.3,0.4,78
-3.01,0.32,78
-1.26,0.35,78
-0.63,0.34,78
3.07,0.29,78
2.14,0.39,78
-1.44,0.42,78
-0.42,0.34,78
1.02,0.36,78
2.38,0.38,78
-2.18,0.34,78
-0.84,0.38,78
0.97,0.36,78
0.38,0.29,78
-1.52,0.4,78
-2.29,0.37,78
-1.72,0.42,78
-2.55,0.35,78
2.06,0.41,78
2.21,0.43,78
1.4,0.37,78
0.15,0.29,78
0.51,0.3,78
-0.76,0.34,78
2.36,0.39,78
1.12,0.34,78
-2.56,0.29,78
1.63,0.37,78
2.07,0.4,78
1.33,0.35,78
-0.3,0.29,78
0.76,0.34,78
1.31,0.41,78
1.07,0.38,78
2.23,0.35,78
0.61,0.3,78
-1.69,0.35,78
-0.35,0.34,78
-0.24,0.32,78
-2.09,0.34,78
-0.4,0.36,78
2.88,0.33,78
2.07,0.38,77
2.18,0.39,77
1.65,0.41,77
0.37,0.3,77
0.29,0.3,77
-0.1,0.31,77
0.32,0.3,77
0.65,0.33,77
0.79,0.35,77
1.32,0.34,77
-1.6,0.37,77
-0.77,0.4,77
-0.81,0.35,77
-1.49,0.37,77
-0.64,0.36,77
1.83,0.37,77
-2.05,0.35,77
-0.61,0.35,77
-0.18,0.29,77
-2.4,0.33,77
-0.32,0.3,77
0.49,0.34,77
-2.96,0.3,77
2.01,0.35,77
-2.45,0.33,77
-2.53,0.31,77
-2.78,0.27,77
2.11,0.4,77
2.4,0.35,77
2.69,0.29,77
0.69,0.32,77
-0.85,0.37,77
3.03,0.29,77
-1.57,0.48,77
1.38,0.4,77
1.02,0.39,77
0.22,0.29,77
2.42,0.35,77
2.21,0.41,77
-1.22,0.37,77
3.11,0.33,77
-2.54,0.32,77
-0.54,0.33,77
-3.07,0.29,77
2.16,0.38,77
2.4,0.33,77
-1.69,0.36,76
0.03,0.32,76
2.13,0.4,76
-1.49,0.41,76
2.62,0.34,76
1.52,0.42,76
1.36,0.35,76
2.25,0.44,76
-1.37,0.37,76
-1.37,0.38,76
0.68,0.36,76
-2.78,0.3,76
-0.2,0.33,76
2.72,0.31,76
-0.34,0.32,76
1.49,0.42,76
2.54,0.36,76
-1.72,0.37,76
-1.51,0.35,76
0.83,0.35,76
0.83,0.38,76
-0.98,0.35,76
-0.2,0.31,76
-2.92,0.34,76
-0.97,0.41,76
-0.98,0.38,76
-2.69,0.32,76
-0.59,0.35,76
-0.67,0.33,76
-0.75,0.39,76
-1.64,0.45,76
0.07,0.29,76
2.94,0.31,76
2.11,0.37,76
-1.34,0.37,76
-0.87,0.36,76
-0.03,0.32,76
0.62,0.33,76
-0.74,0.33,76
2.96,0.3,76
1.08,0.39,76
-1.54,0.39,76
-2.74,0.32,76
2.2,0.4,76
1.46,0.39,76
-3.14,0.33,75
2.81,0.33,75
2.51,0.34,75
1.41,0.4,75
2.78,0.33,75
0.31,0.35,75
1.83,0.41,75
-1.21,0.4,75
0.07,0.31,75
-1.15,0.36,75
-2.82,0.34,75
-1.57,0.4,75
-1.57,0.37,75
1.57,0.41,75
-2.26,0.39,75
-3.1,0.26,75
2.47,0.39,75
-1.39,0.35,75
1.91,0.38,75
-1.04,0.38,75
-0.67,0.34,75
-2.9,0.32,75
2.26,0.39,75
3.06,0.28,75
-3.11,0.32,75
1.54,0.37,75
-2.69,0.29,75
-1.01,0.38,75
-2.66,0.32,75
0.94,0.34,75
-2.33,0.32,75
2.38,0.4,75
-2.0,0.36,75
-1.43,0.39,75
-0.9,0.41,75
-0.9,0.38,75
1.1,0.42,75
-0.87,0.38,75
2.63,0.39,75
1.14,0.41,75
1.98,0.41,75
1.62,0.39,75
-2.17,0.36,75
-0.6,0.32,75
-2.5,0.32,75
1.69,0.36,74
-2.4,0.38,74
0.22,0.34,74
-2.4,0.36,74
-2.38,0.34,74
2.5,0.36,74
0.51,0.33,74
0.21,0.3,74
2.8,0.35,74
-2.06,0.36,74
-2.05,0.37,74
-3.07,0.31,74
2.4,0.36,74
-0.61,0.34,74
0.43,0.33,74
1.04,0.36,74
1.24,0.39,74
2.38,0.37,74
-2.29,0.34,74
-1.0,0.35,74
-2.02,0.39,74
0.76,0.35,74
2.47,0.41,74
-0.18,0.3,74
-1.68,0.41,74
-1.17,0.38,74
-2.95,0.28,74
0.61,0.34,74
-1.11,0.38,74
-1.6,0.42,74
0.03,0.31,74
2.9,0.36,74
-1.85,0.39,74
2.28,0.38,74
-1.65,0.42,74
-3.05,0.34,74
-2.44,0.35,74
0.45,0.34,74
0.25,0.3,74
0.28,0.31,74
0.43,0.3,74
1.6,0.39,74
-0.64,0.37,74
2.65,0.34,74
-0.86,0.39,74
-0.86,0.42,74
1.74,0.39,74
-0.49,0.34,74
-2.59,0.32,74
-0.79,0.36,74
-1.24,0.39,73
1.82,0.39,73
0.17,0.31,73
-3.04,0.32,73
0.18,0.3,73
-1.8,0.42,73
2.22,0.39,73
-1.3,0.36,73
1.86,0.38,73
1.43,0.38,73
1.43,0.46,73
1.86,0.41,73
-1.21,0.39,73
-1.18,0.33,73
2.28,0.41,73
-2.43,0.32,73
-1.29,0.34,73
-2.42,0.34,73
-2.1,0.38,73
1.0,0.35,73
-0.72,0.37,73
0.39,0.31,73
2.44,0.35,73
-2.02,0.37,73
-0.57,0.39,73
2.63,0.33,73
-0.54,0.31,73
3.07,0.31,73
0.81,0.32,73
1.11,0.36,73
1.31,0.37,73
-1.93,0.4,73
1.27,0.54,73
2.38,0.41,73
1.26,0.35,73
-0.13,0.32,73
-1.02,0.36,73
-2.34,0.38,73
-1.88,0.38,73
2.49,0.33,73
-1.57,0.39,73
1.63,0.38,73
2.48,0.36,73
0.1,0.31,73
1.35,0.39,73
-0.3,0.32,73
1.76,0.39,73
-2.05,0.4,73
-2.91,0.33,73
1.88,0.41,72
1.42,0.37,72
-2.38,0.35,72
2.17,0.4,72
-1.62,0.42,72
1.7,0.41,72
-1.21,0.36,72
1.83,0.45,72
-1.36,0.4,72
-1.45,0.43,72
1.93,0.4,72
2.13,0.36,72
2.74,0.32,72
-1.14,0.41,72
1.33,0.36,72
-2.64,0.38,72
-2.64,0.35,72
-1.39,0.36,72
-1.6,0.39,72
-2.33,0.35,72
2.15,0.41,72
-0.03,0.31,72
-2.8,0.32,72
1.37,0.37,72
1.66,0.37,72
0.66,0.35,72
0.66,0.36,72
-1.96,0.37,72
-2.81,0.33,72
-1.43,0.38,72
-1.44,0.41,72
2.58,0.34,72
-0.22,0.34,72
0.72,0.34,72
-0.26,0.33,72
-0.91,0.42,72
-2.01,0.4,72
-0.14,0.31,72
2.95,0.34,72
1.29,0.38,72
1.73,0.4,72
2.32,0.41,72
-2.54,0.34,72
1.16,0.35,72
-0.45,0.34,72
0.98,0.4,72
-0.79,0.38,72
0.79,0.33,72
-2.98,0.33,72
1.06,0.33,72
-0.68,0.37,72
2.01,0.38,72
-0.74,0.36,72
0.31,0.31,72
0.42,0.31,72
1.68,0.4,72
2.92,0.34,72
-1.32,0.38,72
1.47,0.43,72
2.82,0.3,72
3.14,0.13,72
-1.8,0.37,71
1.09,0.35,71
-0.69,0.39,71
-1.83,0.37,71
1.45,0.43,71
1.99,0.4,71
-2.06,0.34,71
0.99,0.37,71
0.97,0.34,71
-2.19,0.37,71
-0.86,0.41,71
1.13,0.35,71
2.69,0.34,71
1.6,0.38,71
-1.49,0.38,71
1.11,0.38,71
1.6,0.36,71
-2.13,0.36,71
-1.72,0.35,71
-2.53,0.35,71
1.03,0.37,71
-2.32,0.41,71
0.11,0.28,71
-2.32,0.38,71
-1.62,0.39,71
2.16,0.46,71
2.55,0.38,71
1.41,0.39,71
1.66,0.46,71
-1.97,0.38,71
2.56,0.33,71
-3.14,0.32,71
-1.41,0.41,71
-1.0,0.43,71
-0.21,0.3,71
0.69,0.39,71
-1.46,0.37,71
1.97,0.41,71
-0.84,0.43,71
-1.68,0.4,71
-0.89,0.44,71
0.85,0.35,71
0.85,0.37,71
2.06,0.39,71
0.9,0.39,71
-0.31,0.35,71
2.46,0.36,71
0.66,0.31,71
-1.03,0.37,71
-1.29,0.38,70
-0.67,0.39,70
-0.77,0.38,70
-0.72,0.34,70
-3.04,0.31,70
2.3,0.43,70
1.4,0.38,70
2.98,0.32,70
-2.68,0.33,70
1.85,0.39,70
-2.11,0.4,70
-0.67,0.41,70
-2.49,0.35,70
-1.84,0.4,70
-0.79,0.39,70
0.4,0.3,70
-2.2,0.38,70
-0.43,0.33,70
0.79,0.38,70
-0.4,0.32,70
1.77,0.43,70
3.04,0.3,70
2.72,0.34,70
1.96,0.37,70
-2.18,0.39,70
-2.15,0.41,70
2.45,0.39,70
-2.71,0.33,70
-0.37,0.32,70
-1.57,0.43,70
-0.81,0.38,70
1.98,0.37,70
-2.12,0.43,70
2.41,0.38,70
-0.8,0.4,70
2.71,0.33,70
1.13,0.4,70
0.9,0.34,70
-1.79,0.45,70
-1.17,0.36,70
1.93,0.42,70
3.02,0.34,70
-2.61,0.33,70
-1.88,0.39,70
-1.41,0.39,70
1.23,0.38,70
-0.93,0.37,70
-1.98,0.37,70
-0.24,0.35,70
-0.23,0.33,70
-1.68,0.37,70
-1.67,0.43,70
2.49,0.39,70
2.1,0.42,70
-0.13,0.33,70
-0.25,0.34,70
-3.11,0.36,70
2.75,0.33,70
2.29,0.37,69
-2.47,0.34,69
-1.5,0.44,69
1.57,0.4,69
-0.7,0.36,69
-1.26,0.38,69
1.06,0.37,69
-0.49,0.36,69
-2.71,0.35,69
1.96,0.47,69
2.96,0.36,69
-0.89,0.37,69
-0.88,0.39,69
-0.9,0.39,69
-1.69,0.45,69
-2.01,0.42,69
0.9,0.38,69
0.79,0.39,69
0.87,0.36,69
2.59,0.39,69
3.03,0.28,69
1.54,0.39,69
-1.93,0.42,69
-2.29,0.35,69
2.38,0.35,69
1.91,0.42,69
-2.93,0.3,69
0.61,0.35,69
-1.2,0.38,69
-1.79,0.44,69
-1.62,0.4,69
1.51,0.37,69
1.52,0.4,69
-2.36,0.39,69
-1.39,0.42,69
-1.39,0.41,69
2.98,0.33,69
-1.86,0.45,69
1.44,0.41,69
-1.79,0.39,69
1.81,0.41,69
1.82,0.44,69
1.09,0.4,68
2.9,0.32,68
-2.08,0.39,68
-3.01,0.33,68
-2.28,0.39,68
2.9,0.35,68
-1.66,0.46,68
2.3,0.41,68
-2.97,0.31,68
1.7,0.42,68
-2.3,0.4,68
1.18,0.39,68
-0.17,0.31,68
-0.22,0.35,68
3.05,0.36,68
1.97,0.38,68
-1.6,0.4,68
1.75,0.41,68
-1.52,0.39,68
-0.1,0.33,68
2.48,0.42,68
2.48,0.38,68
2.09,0.41,68
-1.95,0.4,68
-1.71,0.4,68
0.88,0.39,68
-0.52,0.37,68
2.22,0.4,68
3.14,0.14,68
-1.67,0.42,68
0.46,0.33,68
-2.82,0.3,68
-2.95,0.34,68
2.17,0.37,68
0.39,0.37,68
2.6,0.37,68
1.78,0.4,68
-1.18,0.39,68
1.4,0.44,68
-0.55,0.35,68
2.78,0.36,68
1.87,0.43,68
0.77,0.37,68
0.58,0.33,68
-1.12,0.37,68
-1.88,0.42,68
1.0,0.39,68
2.41,0.4,68
-0.62,0.37,68
-1.94,0.41,68
-3.0,0.3,68
2.17,0.41,68
-0.45,0.37,68
-2.63,0.33,68
2.29,0.42,68
-1.35,0.39,68
-1.97,0.41,67
1.28,0.37,67
1.95,0.38,67
-2.55,0.38,67
1.94,0.41,67
3.01,0.33,67
1.01,0.4,67
-1.06,0.39,67
-0.66,0.43,67
-3.11,0.37,67
-2.01,0.38,67
2.91,0.33,67
1.2,0.41,67
2.25,0.37,67
-2.79,0.34,67
2.26,0.4,67
1.08,0.36,67
1.71,0.45,67
1.72,0.42,67
-0.75,0.42,67
1.12,0.37,67
0.81,0.34,67
0.81,0.37,67
-1.02,0.39,67
1.96,0.39,67
0.74,0.35,67
2.6,0.35,67
-2.65,0.36,67
-1.81,0.41,67
-0.5,0.35,67
0.97,0.37,67
1.42,0.42,67
2.02,0.39,67
-1.84,0.36,67
-1.54,0.42,67
2.5,0.41,67
2.32,0.39,67
1.76,0.44,67
2.77,0.32,67
1.34,0.42,67
-2.38,0.4,67
1.38,0.45,67
-0.56,0.38,67
2.83,0.38,67
2.94,0.33,67
0.54,0.33,67
0.07,0.32,67
2.44,0.38,67
0.1,0.33,67
-0.48,0.35,67
-0.52,0.34,67
-2.65,0.39,67
-1.27,0.39,67
2.32,0.44,67
0.46,0.31,67
-2.42,0.35,67
-1.57,0.41,67
0.29,0.33,67
-2.46,0.37,67
2.2,0.43,66
-2.47,0.41,66
0.3,0.32,66
0.67,0.34,66
0.36,0.36,66
2.69,0.32,66
1.08,0.41,66
2.34,0.4,66
1.52,0.38,66
2.34,0.38,66
2.25,0.42,66
2.25,0.41,66
-0.77,0.44,66
-1.82,0.38,66
-1.47,0.42,66
3.08,0.34,66
2.04,0.38,66
-1.54,0.4,66
3.07,0.32,66
-0.09,0.37,66
1.83,0.42,66
-1.57,0.0,66
-0.94,0.38,66
1.17,0.38,66
-0.87,0.43,66
3.04,0.31,66
-2.2,0.4,66
-1.78,0.4,66
0.09,0.34,66
-2.04,0.43,66
2.99,0.34,66
0.48,0.32,66
0.48,0.35,66
1.32,0.38,66
2.27,0.45,66
1.27,0.4,66
-0.06,0.34,66
-0.66,0.36,66
-1.07,0.4,66
1.3,0.36,66
1.54,0.38,66
-1.65,0.4,66
-1.71,0.45,66
1.57,0.44,66
1.29,0.39,66
2.14,0.42,66
-0.38,0.34,66
-1.05,0.34,66
-1.7,0.42,66
-2.12,0.41,66
-2.8,0.35,66
2.5,0.37,66
1.05,0.41,66
-1.52,0.43,66
-0.97,0.36,66
-1.0,0.39,66
-1.33,0.41,66
-0.91,0.43,66
1.62,0.42,65
-1.83,0.41,65
1.07,0.4,65
-0.04,0.3,65
1.99,0.44,65
2.12,0.45,65
0.92,0.39,65
0.95,0.4,65
-1.34,0.42,65
-0.88,0.42,65
2.45,0.4,65
3.06,0.37,65
0.89,0.37,65
-0.44,0.35,65
-1.78,0.46,65
-2.38,0.37,65
1.65,0.43,65
0.2,0.31,65
0.1,0.32,65
2.43,0.39,65
-2.58,0.34,65
2.64,0.35,65
-0.79,0.44,65
-2.46,0.36,65
0.37,0.32,65
-3.04,0.41,65
-0.79,0.42,65
-0.11,0.3,65
-1.7,0.43,65
2.34,0.37,65
1.99,0.42,65
2.39,0.44,65
2.39,0.42,65
1.94,0.39,65
-1.87,0.54,65
0.62,0.31,65
-2.14,0.39,65
1.78,0.47,65
2.01,0.4,65
1.78,0.41,65
2.61,0.33,65
2.23,0.43,65
0.17,0.32,65
0.0,0.39,65
-0.28,0.34,65
1.39,0.42,65
-1.31,0.41,65
-1.7,0.41,65
-0.38,0.38,65
-1.11,0.4,65
-1.96,0.39,65
-2.17,0.4,65
1.57,0.45,65
-1.74,0.39,65
1.36,0.36,65
1.37,0.33,65
-2.38,0.38,65
1.75,0.42,65
-0.6,0.36,65
-1.57,0.44,65
-2.59,0.36,65
2.36,0.36,65
-1.57,0.47,65
-1.76,0.4,65
-1.54,0.36,65
0.24,0.31,65
0.4,0.32,65
-3.14,0.34,64
0.27,0.32,64
-1.55,0.48,64
-2.44,0.36,64
-2.97,0.37,64
1.71,0.4,64
1.33,0.41,64
1.33,0.39,64
-2.98,0.32,64
2.54,0.37,64
-0.63,0.38,64
-2.93,0.36,64
2.77,0.35,64
-2.96,0.35,64
1.13,0.38,64
-0.75,0.41,64
-1.73,0.41,64
-1.86,0.44,64
1.43,0.39,64
0.93,0.36,64
-2.99,0.35,64
2.39,0.39,64
-2.22,0.4,64
1.25,0.4,64
-0.35,0.37,64
1.62,0.4,64
-0.07,0.3,64
-2.66,0.35,64
2.82,0.37,64
1.26,0.41,64
-2.25,0.42,64
-2.24,0.38,64
3.08,0.33,64
-0.98,0.4,64
1.92,0.44,64
-1.06,0.41,64
-1.95,0.38,64
-3.11,0.35,64
0.49,0.31,64
2.66,0.35,64
-2.12,0.39,64
-2.14,0.43,64
-2.14,0.42,64
-2.11,0.33,64
2.99,0.35,64
-1.14,0.39,64
-1.13,0.4,64
1.27,0.43,64
3.03,0.36,64
-0.73,0.44,64
-2.9,0.35,64
2.11,0.43,64
2.34,0.41,64
2.59,0.36,64
-0.81,0.37,64
0.0,0.35,64
1.74,0.44,64
-2.62,0.34,64
-1.6,0.38,64
-3.14,0.36,64
-3.14,0.4,64
2.19,0.4,64
-0.19,0.34,64
-0.62,0.4,63
-1.55,0.47,63
-1.57,0.5,63
-1.93,0.48,63
-0.82,0.42,63
1.91,0.45,63
-2.63,0.3,63
3.14,0.16,63
-1.65,0.38,63
2.93,0.35,63
-2.42,0.37,63
2.29,0.45,63
-2.6,0.31,63
1.55,0.43,63
1.57,0.5,63
-1.5,0.43,63
2.23,0.42,63
-3.05,0.36,63
-0.77,0.41,63
-2.28,0.38,63
0.52,0.34,63
-1.47,0.44,63
1.71,0.47,63
-0.73,0.38,63
-1.42,0.42,63
-1.44,0.4,63
2.34,0.46,63
-2.65,0.31,63
0.11,0.3,63
1.16,0.4,63
-3.02,0.35,63
-1.72,0.44,63
1.96,0.42,63
1.92,0.37,63
-1.75,0.42,63
-0.1,0.32,63
3.08,0.36,63
-2.24,0.39,63
-2.57,0.35,63
-0.53,0.36,63
1.48,0.45,63
-2.25,0.37,63
1.2,0.43,63
-2.52,0.33,63
-1.9,0.43,63
-2.36,0.36,63
2.74,0.38,63
0.55,0.35,63
-2.73,0.35,63
-2.75,0.33,63
1.49,0.41,63
2.86,0.31,62
2.68,0.36,62
1.3,0.43,62
1.89,0.4,62
-2.17,0.41,62
-1.08,0.41,62
-2.09,0.43,62
-2.45,0.39,62
1.12,0.39,62
-1.64,0.48,62
-2.21,0.43,62
2.36,0.44,62
-0.41,0.35,62
-2.8,0.38,62
-1.13,0.38,62
1.88,0.42,62
-1.05,0.41,62
1.27,0.39,62
-1.16,0.37,62
1.38,0.39,62
1.37,0.42,62
0.6,0.36,62
-0.71,0.42,62
-0.06,0.33,62
2.24,0.38,62
-2.12,0.53,62
0.13,0.33,62
-3.08,0.33,62
-0.31,0.38,62
1.37,0.38,62
2.0,0.39,62
2.0,0.43,62
-0.03,0.36,62
-1.16,0.43,62
-1.33,0.44,62
-0.96,0.39,62
-0.34,0.38,62
2.07,0.45,62
-0.36,0.36,62
-0.06,0.35,62
0.7,0.36,62
1.19,0.4,62
-0.22,0.29,62
-0.87,0.45,62
-0.24,0.36,62
0.74,0.36,62
1.55,0.44,62
1.21,0.4,62
1.97,0.44,62
1.41,0.46,62
1.21,0.39,62
1.72,0.43,62
-0.82,0.39,62
1.09,0.37,62
-1.82,0.43,62
-1.49,0.42,62
-2.72,0.31,62
0.0,0.36,62
2.93,0.36,62
-2.3,0.43,62
0.34,0.32,62
0.35,0.37,62
-2.41,0.38,61
0.4,0.36,61
-0.16,0.33,61
0.24,0.32,61
-3.14,0.39,61
-3.14,0.35,61
1.14,0.39,61
2.7,0.38,61
-2.28,0.41,61
1.99,0.6,61
3.04,0.33,61
3.11,0.32,61
-0.09,0.35,61
1.16,0.37,61
-0.84,0.41,61
1.96,0.45,61
1.14,0.43,61
-0.92,0.4,61
-1.52,0.44,61
-2.94,0.37,61
2.15,0.45,61
0.06,0.33,61
0.58,0.37,61
-0.34,0.35,61
-1.68,0.39,61
-1.73,0.46,61
1.7,0.43,61
1.65,0.42,61
-0.19,0.35,61
-2.51,0.34,61
0.64,0.37,61
2.71,0.39,61
2.73,0.37,61
-2.02,0.41,61
-3.09,0.38,61
1.04,0.38,61
2.68,0.4,61
1.87,0.4,61
1.88,0.38,61
1.84,0.49,61
1.84,0.4,61
2.61,0.36,61
-1.92,0.43,61
1.34,0.37,61
1.03,0.43,61
-2.16,0.42,61
0.0,0.44,61
1.32,0.43,61
-2.34,0.4,61
-0.07,0.32,61
-1.22,0.46,61
1.59,0.44,61
0.19,0.35,61
2.32,0.45,61
2.5,0.43,61
-0.46,0.38,61
1.79,0.45,61
-1.43,0.45,61
-1.28,0.41,61
0.09,0.35,61
-2.52,0.4,61
-0.42,0.36,61
-1.61,0.49,61
1.62,0.44,61
1.73,0.41,61
0.33,0.33,61
2.32,0.42,61
1.42,0.43,61
0.98,0.38,61
-2.65,0.34,61
-1.25,0.44,61
2.79,0.34,61
1.46,0.48,61
-0.16,0.34,60
0.26,0.33,60
0.44,0.35,60
-2.72,0.36,60
-2.86,0.34,60
-2.54,0.37,60
0.23,0.33,60
0.42,0.34,60
-0.82,0.44,60
1.98,0.43,60
-1.19,0.42,60
2.65,0.36,60
-1.26,0.41,60
-1.25,0.4,60
-1.89,0.47,60
-0.61,0.39,60
-2.27,0.42,60
2.76,0.37,60
1.9,0.43,60
0.59,0.35,60
-2.87,0.35,60
-2.85,0.33,60
-1.08,0.39,60
1.92,0.43,60
-0.69,0.4,60
-0.95,0.4,60
1.95,0.43,60
1.23,0.45,60
1.22,0.37,60
-2.04,0.49,60
1.18,0.45,60
1.22,0.43,60
-2.55,0.4,60
-0.98,0.42,60
1.92,0.5,60
-0.95,0.46,60
1.29,0.42,60
-1.29,0.39,60
2.02,0.44,60
-1.32,0.43,60
1.45,0.44,60
-2.88,0.33,60
-0.49,0.39,60
1.79,0.39,60
-0.56,0.36,60
2.83,0.35,60
0.12,0.36,60
-1.43,0.46,60
-1.42,0.43,60
0.52,0.37,60
2.82,0.34,60
0.93,0.43,60
0.98,0.42,60
0.96,0.39,60
-1.83,0.46,60
-1.3,0.43,60
2.87,0.32,60
2.09,0.43,60
2.08,0.39,60
1.6,0.42,60
1.6,0.43,60
-2.59,0.39,60
-2.39,0.41,60
-1.71,0.39,60
-1.57,0.46,60
2.16,0.42,60
-2.6,0.35,60
-1.62,0.43,60
-1.59,0.46,60
-2.6,0.37,60
1.69,0.45,60
0.84,0.38,60
0.29,0.37,60
-2.48,0.36,59
0.35,0.34,59
2.52,0.38,59
0.3,0.36,59
2.2,0.47,59
-0.33,0.36,59
-2.23,0.43,59
-0.42,0.4,59
-0.51,0.39,59
-0.41,0.37,59
2.04,0.48,59
2.61,0.4,59
2.02,0.41,59
-3.02,0.34,59
2.04,0.49,59
3.11,0.35,59
-2.1,0.44,59
-2.06,0.41,59
-0.79,0.41,59
-2.07,0.45,59
-0.82,0.41,59
-3.09,0.39,59
-0.15,0.35,59
2.71,0.35,59
1.17,0.41,59
2.01,0.5,59
2.11,0.46,59
-2.78,0.33,59
2.41,0.43,59
1.01,0.38,59
-0.58,0.41,59
-0.6,0.37,59
1.57,0.39,59
-1.72,0.43,59
1.57,0.46,59
1.75,0.49,59
-1.49,0.4,59
-1.77,0.43,59
1.76,0.45,59
2.84,0.36,59
-2.48,0.38,59
1.67,0.43,59
-1.67,0.45,59
1.62,0.46,59
-1.8,0.43,59
-1.35,0.49,59
0.09,0.36,59
1.52,0.43,59
2.37,0.46,59
-0.09,0.34,59
1.22,0.46,59
-1.06,0.37,59
-1.01,0.44,59
2.12,0.47,59
2.12,0.43,59
-0.06,0.36,59
-2.02,0.44,59
-0.92,0.46,59
0.65,0.39,59
1.2,0.38,59
-2.04,0.42,59
3.03,0.37,59
-0.88,0.4,59
1.17,0.44,59
2.57,0.39,59
1.3,0.44,59
-0.03,0.38,59
-1.04,0.42,59
0.63,0.34,59
-2.85,0.37,59
-1.99,0.6,59
1.24,0.49,59
1.62,0.45,59
-1.55,0.43,59
-1.62,0.44,59
2.36,0.41,59
-1.92,0.41,59
-1.92,0.44,59
1.36,0.41,59
1.3,0.4,59
-1.12,0.41,59
-1.25,0.37,59
-1.21,0.42,59
2.79,0.37,59
-2.94,0.33,59
0.06,0.34,59
0.03,0.35,59
1.87,0.54,59
-2.5,0.36,59
2.13,0.44,59
-3.14,0.38,58
0.39,0.33,58
0.87,0.38,58
0.86,0.41,58
-2.21,0.41,58
0.81,0.38,58
-0.6,0.4,58
0.99,0.41,58
0.77,0.38,58
2.47,0.46,58
2.02,0.46,58
-0.29,0.37,58
0.98,0.35,58
-0.59,0.42,58
2.63,0.37,58
-0.57,0.35,58
2.05,0.46,58
1.26,0.38,58
1.95,0.4,58
1.15,0.42,58
0.64,0.36,58
-1.98,0.41,58
-2.17,0.45,58
1.07,0.42,58
-0.73,0.4,58
2.68,0.38,58
-0.68,0.42,58
1.0,0.42,58
2.41,0.41,58
-0.65,0.39,58
2.72,0.36,58
1.21,0.42,58
2.01,0.47,58
-2.08,0.41,58
1.12,0.41,58
-2.09,0.41,58
-0.8,0.43,58
-0.85,0.48,58
-3.11,0.34,58
2.55,0.44,58
-1.03,0.41,58
-2.95,0.39,58
-1.81,0.49,58
2.29,0.44,58
2.82,0.4,58
0.06,0.36,58
-2.93,0.35,58
2.36,0.42,58
-1.13,0.35,58
2.27,0.43,58
-1.24,0.46,58
-1.22,0.41,58
1.85,0.42,58
-3.06,0.37,58
1.57,0.47,58
1.57,0.54,58
-1.51,0.49,58
-3.08,0.35,58
0.14,0.39,58
-1.48,0.48,58
1.8,0.42,58
1.79,0.44,58
-1.41,0.46,58
-1.41,0.45,58
-1.44,0.47,58
-1.76,0.45,58
2.89,0.34,58
-1.73,0.47,58
1.71,0.46,58
-2.49,0.39,58
-1.09,0.46,57
3.14,0.15,57
-3.14,0.37,57
-0.73,0.43,57
-0.71,0.41,57
-2.97,0.38,57
0.45,0.37,57
-1.11,0.36,57
1.64,0.46,57
1.81,0.45,57
1.57,0.52,57
1.57,0.51,57
-2.74,0.38,57
1.57,0.49,57
-2.23,0.42,57
0.17,0.38,57
-0.55,0.39,57
0.24,0.35,57
0.25,0.34,57
1.51,0.49,57
1.5,0.43,57
-2.36,0.42,57
1.85,0.46,57
-0.59,0.38,57
-1.28,0.44,57
2.65,0.39,57
-0.83,0.49,57
2.59,0.43,57
2.07,0.6,57
-1.77,0.42,57
2.0,0.41,57
-0.03,0.37,57
-0.06,0.37,57
0.28,0.34,57
0.31,0.38,57
0.32,0.37,57
-2.43,0.42,57
3.11,0.36,57
-2.0,0.51,57
1.44,0.42,57
0.16,0.33,57
-1.17,0.41,57
-0.36,0.33,57
1.27,0.47,57
2.54,0.41,57
-1.47,0.43,57
1.25,0.44,57
0.62,0.37,57
-1.48,0.47,57
-2.44,0.45,57
-0.46,0.36,57
-0.39,0.37,57
-0.44,0.38,57
0.14,0.31,57
2.26,0.45,57
-1.12,0.39,57
1.39,0.41,57
-0.37,0.35,57
1.13,0.42,57
-0.95,0.42,57
1.18,0.41,57
2.67,0.37,57
-1.69,0.44,57
3.05,0.35,57
-0.94,0.43,57
2.14,0.45,57
-0.84,0.4,57
-0.93,0.41,57
0.36,0.33,57
-1.91,0.42,57
-0.73,0.41,57
-1.27,0.54,57
-0.69,0.42,57
-2.1,0.42,57
-2.6,0.43,57
0.69,0.4,57
0.77,0.4,57
2.58,0.44,57
2.96,0.35,57
-1.94,0.47,56
1.59,0.49,56
2.88,0.37,56
-2.73,0.37,56
-1.96,0.47,56
1.68,0.47,56
0.54,0.37,56
-2.56,0.37,56
1.67,0.45,56
1.55,0.46,56
-2.61,0.36,56
1.23,0.42,56
2.27,0.42,56
0.62,0.42,56
-1.0,0.45,56
-0.36,0.4,56
-1.48,0.46,56
2.27,0.46,56
0.54,0.4,56
-1.64,0.46,56
-0.5,0.4,56
-0.54,0.37,56
0.03,0.36,56
0.56,0.38,56
-3.11,0.33,56
1.36,0.4,56
0.41,0.35,56
0.38,0.34,56
2.43,0.41,56
2.46,0.42,56
1.62,0.43,56
1.64,0.44,56
-2.5,0.37,56
2.85,0.41,56
-1.87,0.4,56
1.47,0.41,56
-0.86,0.48,56
1.44,0.4,56
-1.5,0.45,56
-2.74,0.36,56
0.48,0.37,56
-2.32,0.42,56
-1.39,0.52,56
-0.23,0.37,56
2.07,0.42,56
0.94,0.38,56
-2.06,0.43,56
1.16,0.45,56
-2.06,0.47,56
0.93,0.41,56
0.03,0.33,56
-1.68,0.47,56
-2.7,0.38,56
2.19,0.42,56
-1.79,0.48,56
-2.88,0.36,56
0.9,0.41,56
2.55,0.4,56
-0.18,0.36,56
2.6,0.41,56
-1.2,0.43,56
2.04,0.43,56
-2.31,0.36,56
2.04,0.42,56
-2.08,0.44,56
-0.83,0.47,56
-2.84,0.36,56
1.6,0.4,56
1.74,0.45,56
2.86,0.34,56
0.46,0.38,56
-2.83,0.38,56
-3.14,0.44,56
1.74,0.43,56
-2.48,0.42,55
-3.14,0.43,55
-2.83,0.35,55
2.39,0.41,55
-0.63,0.4,55
-1.55,0.45,55
0.3,0.39,55
1.79,0.48,55
-1.27,0.43,55
-2.96,0.36,55
-0.75,0.44,55
-1.27,0.4,55
1.06,0.48,55
2.04,0.5,55
-0.69,0.47,55
-0.12,0.34,55
2.64,0.4,55
-0.24,0.41,55
1.08,0.43,55
2.58,0.38,55
-1.37,0.42,55
-2.9,0.41,55
-2.04,0.44,55
-0.39,0.41,55
-3.05,0.35,55
-2.25,0.44,55
0.06,0.35,55
-1.66,0.49,55
2.69,0.37,55
2.69,0.39,55
-0.29,0.33,55
-2.63,0.39,55
2.56,0.37,55
-1.45,0.44,55
2.57,0.43,55
0.0,0.37,55
0.94,0.4,55
2.12,0.63,55
-1.8,0.46,55
1.12,0.46,55
1.14,0.46,55
-2.89,0.34,55
0.82,0.39,55
-0.26,0.37,55
-2.98,0.41,55
-1.96,0.42,55
-1.94,0.5,55
-1.07,0.46,55
2.46,0.37,55
1.69,0.46,55
-1.98,0.43,55
1.46,0.46,55
1.84,0.44,55
-1.52,0.46,55
0.27,0.35,55
2.43,0.44,55
-1.89,0.44,55
1.66,0.47,55
2.85,0.33,55
-1.59,0.45,55
-1.83,0.42,55
-2.02,0.46,55
0.51,0.39,55
-1.63,0.54,55
-0.89,0.42,55
0.16,0.4,55
-1.3,0.44,55
-1.19,0.4,55
0.03,0.34,55
-1.36,0.46,55
-0.8,0.47,55
2.78,0.39,55
-2.87,0.4,55
0.79,0.42,55
2.18,0.43,55
0.72,0.35,55
1.3,0.49,55
-1.86,0.41,55
-1.85,0.42,55
-2.99,0.34,55
0.42,0.36,55
1.54,0.42,55
-2.67,0.4,55
-2.19,0.42,55
-2.86,0.39,55
1.52,0.46,55
-1.99,0.44,55
-1.31,0.42,55
0.56,0.34,55
2.24,0.45,55
2.25,0.48,55
0.12,0.35,55
2.94,0.37,55
1.41,0.41,55
-2.37,0.44,54
1.02,0.43,54
-1.95,0.43,54
2.91,0.43,54
2.08,0.46,54
-2.79,0.37,54
-1.4,0.44,54
2.08,0.41,54
2.62,0.38,54
2.62,0.43,54
-0.14,0.38,54
-2.41,0.4,54
2.97,0.38,54
2.97,0.37,54
-2.29,0.42,54
1.06,0.39,54
2.58,0.4,54
-0.03,0.34,54
-1.44,0.5,54
-2.41,0.41,54
-0.83,0.46,54
-2.27,0.45,54
-2.34,0.41,54
2.19,0.46,54
-1.36,0.41,54
1.21,0.45,54
1.98,0.49,54
1.98,0.45,54
-0.99,0.41,54
0.8,0.41,54
2.01,0.42,54
1.15,0.47,54
-1.0,0.49,54
2.07,0.49,54
2.17,0.44,54
2.17,0.49,54
2.1,0.44,54
0.96,0.43,54
-2.26,0.4,54
0.0,0.38,54
-0.29,0.41,54
-0.3,0.54,54
2.98,0.41,54
-2.71,0.39,54
0.75,0.38,54
1.99,0.47,54
-0.43,0.39,54
-1.35,0.45,54
-1.22,0.43,54
-2.81,0.36,54
0.63,0.4,54
-0.93,0.46,54
1.93,0.45,54
-1.16,0.4,54
-0.5,0.38,54
-3.08,0.34,54
2.51,0.4,54
0.57,0.42,54
3.02,0.35,54
-0.79,0.48,54
-2.34,0.37,54
2.32,0.47,54
-0.56,0.4,54
1.8,0.46,54
0.17,0.37,54
2.34,0.43,54
-2.18,0.43,54
1.37,0.43,54
-2.0,0.39,54
-2.19,0.44,54
-1.88,0.41,54
-2.67,0.37,54
-0.59,0.44,54
-1.29,0.46,54
1.57,0.48,54
-1.25,0.47,54
-3.14,0.41,54
-1.09,0.4,54
1.73,0.46,53
1.72,0.44,53
-2.38,0.41,53
1.69,0.44,53
-2.52,0.37,53
-1.53,0.49,53
2.36,0.45,53
-3.12,0.44,53
0.49,0.36,53
-1.5,0.46,53
-2.49,0.44,53
0.27,0.36,53
0.5,0.4,53
0.22,0.39,53
0.71,0.38,53
2.24,0.5,53
-2.16,0.46,53
0.56,0.36,53
-0.9,0.46,53
-0.84,0.44,53
2.16,0.48,53
3.06,0.38,53
-2.89,0.38,53
0.81,0.35,53
0.68,0.37,53
0.0,0.4,53
-2.88,0.37,53
0.73,0.41,53
0.06,0.37,53
3.04,0.41,53
0.13,0.32,53
0.15,0.35,53
-0.9,0.45,53
0.59,0.38,53
-2.43,0.39,53
-2.9,0.36,53
-0.96,0.43,53
-0.12,0.36,53
2.64,0.38,53
2.09,0.45,53
1.43,0.45,53
1.4,0.43,53
1.35,0.48,53
1.91,0.48,53
2.69,0.41,53
2.72,0.44,53
1.2,0.44,53
-0.46,0.4,53
-2.34,0.43,53
-0.45,0.39,53
2.73,0.35,53
3.09,0.39,53
1.32,0.51,53
1.93,0.49,53
-2.91,0.37,53
-0.27,0.35,53
1.05,0.43,53
-2.64,0.4,53
-2.78,0.42,53
-0.8,0.44,53
-2.3,0.38,53
-2.3,0.41,53
-1.75,0.41,53
-1.74,0.45,53
2.04,0.45,53
-2.37,0.43,53
-1.07,0.42,53
-2.68,0.36,53
-0.51,0.41,53
1.83,0.46,53
-1.03,0.47,53
-1.05,0.47,53
-2.07,0.42,53
2.04,0.44,53
2.09,0.51,52
0.92,0.44,52
-3.03,0.39,52
2.14,0.43,52
2.19,0.44,52
-1.68,0.49,52
1.02,0.45,52
0.9,0.45,52
-0.03,0.35,52
0.49,0.39,52
-1.51,0.51,52
0.25,0.38,52
-1.6,0.43,52
-3.06,0.41,52
-1.23,0.45,52
-0.72,0.45,52
-3.12,0.39,52
3.14,0.17,52
-1.53,0.48,52
-1.65,0.43,52
0.88,0.42,52
0.89,0.42,52
0.73,0.38,52
2.44,0.46,52
-0.89,0.45,52
-1.55,0.46,52
-1.59,0.44,52
0.22,0.35,52
-3.14,0.46,52
-1.1,0.44,52
-0.75,0.45,52
2.85,0.37,52
-2.68,0.38,52
-2.39,0.44,52
-1.05,0.43,52
-0.57,0.43,52
1.67,0.44,52
-1.26,0.42,52
1.5,0.45,52
-1.87,0.5,52
-1.04,0.4,52
-1.29,0.5,52
2.93,0.41,52
-2.39,0.39,52
-0.77,0.43,52
2.8,0.38,52
-2.74,0.41,52
-1.02,0.45,52
-0.53,0.42,52
1.92,0.41,52
1.36,0.47,52
3.09,0.38,52
-2.54,0.36,52
-1.38,0.45,52
-1.74,0.43,52
-0.96,0.48,52
2.73,0.4,52
-2.94,0.38,52
-1.14,0.43,52
-0.96,0.47,52
2.0,0.49,52
-2.3,0.44,52
-2.71,0.41,52
0.61,0.44,52
-2.23,0.47,52
2.52,0.37,52
2.3,0.44,52
0.6,0.37,52
0.64,0.43,52
1.94,0.44,52
-0.46,0.43,52
1.95,0.46,52
1.33,0.44,52
1.21,0.48,52
1.51,0.52,52
-0.77,0.46,52
-1.85,0.43,52
3.11,0.37,52
-0.79,0.47,52
1.43,0.44,52
-1.48,0.49,51
2.52,0.4,51
0.66,0.43,51
2.29,0.48,51
0.57,0.35,51
1.69,0.54,51
-2.98,0.39,51
2.36,0.47,51
-1.57,0.52,51
0.32,0.34,51
2.39,0.45,51
-1.55,0.44,51
0.44,0.38,51
0.24,0.41,51
1.0,0.43,51
1.01,0.44,51
2.08,0.44,51
-1.44,0.48,51
-1.71,0.46,51
2.17,0.45,51
-0.95,0.47,51
-1.45,0.53,51
0.0,0.41,51
-1.67,0.44,51
-2.44,0.38,51
0.69,0.47,51
2.98,0.39,51
-1.66,0.47,51
0.73,0.4,51
-0.92,0.44,51
0.75,0.41,51
0.05,0.39,51
-1.39,0.47,51
-1.4,0.43,51
-1.38,0.44,51
1.09,0.46,51
-0.82,0.45,51
2.76,0.42,51
1.28,0.44,51
1.95,0.52,51
1.98,0.51,51
1.32,0.47,51
1.26,0.51,51
1.26,0.48,51
2.03,0.49,51
1.11,0.48,51
2.8,0.42,51
-0.48,0.37,51
-0.47,0.44,51
2.76,0.4,51
-2.69,0.39,51
-2.32,0.39,51
2.75,0.41,51
-1.29,0.42,51
1.37,0.48,51
-3.0,0.39,51
-1.87,0.47,51
-0.55,0.45,51
-0.54,0.41,51
1.48,0.46,51
-0.52,0.43,51
-0.52,0.41,51
-1.86,0.49,51
-1.89,0.4,51
1.59,0.46,51
1.81,0.5,51
1.8,0.47,51
2.86,0.39,51
-1.29,0.45,51
-0.77,0.49,51
1.77,0.42,51
1.64,0.45,51
-1.91,0.51,51
1.66,0.49,51
2.87,0.35,51
-0.68,0.44,51
-1.09,0.48,51
-1.08,0.47,51
1.72,0.51,50
-1.94,0.39,50
-1.38,0.51,50
1.75,0.48,50
2.23,0.47,50
2.24,0.46,50
-1.64,0.49,50
2.25,0.51,50
2.21,0.53,50
-0.17,0.39,50
-0.17,0.37,50
-0.19,0.39,50
-1.97,0.5,50
-1.1,0.47,50
0.72,0.37,50
-1.15,0.42,50
0.79,0.41,50
0.77,0.41,50
-0.53,0.38,50
-1.16,0.45,50
-2.43,0.41,50
-1.59,0.49,50
2.84,0.39,50
-3.03,0.36,50
2.15,0.48,50
-1.24,0.43,50
1.82,0.53,50
-0.12,0.35,50
-0.4,0.41,50
-1.34,0.47,50
0.42,0.4,50
3.01,0.4,50
-2.2,0.47,50
-0.96,0.44,50
2.0,0.46,50
1.17,0.46,50
-1.76,0.44,50
-1.13,0.42,50
2.42,0.45,50
-0.06,0.38,50
-2.51,0.4,50
-0.11,0.37,50
1.52,0.44,50
-1.99,0.47,50
-1.88,0.46,50
-1.03,0.43,50
-1.04,0.44,50
1.25,0.47,50
1.24,0.43,50
1.23,0.44,50
-1.51,0.5,50
-1.5,0.47,50
0.16,0.34,50
-0.86,0.49,50
0.14,0.38,50
1.86,0.45,50
-2.0,0.46,50
1.45,0.55,50
2.56,0.41,50
0.0,0.43,50
-1.45,0.45,50
-0.03,0.4,50
-0.67,0.45,50
1.93,0.48,50
2.52,0.42,50
0.08,0.38,50
2.55,0.35,50
-1.46,0.5,50
-1.46,0.49,50
-1.46,0.47,50
1.45,0.51,50
-2.39,0.42,50
1.38,0.44,50
-1.87,0.43,50
1.68,0.48,50
-1.07,0.51,50
-0.79,0.45,50
-1.36,0.47,50
-0.92,0.49,50
1.77,0.48,50
-0.2,0.38,50
-0.8,0.41,49
-0.23,0.43,49
-0.22,0.39,49
-1.34,0.43,49
-2.29,0.44,49
1.66,0.48,49
1.76,0.5,49
2.9,0.39,49
1.68,0.49,49
-2.31,0.47,49
-2.7,0.45,49
0.71,0.42,49
-1.37,0.43,49
-0.43,0.41,49
1.86,0.48,49
1.86,0.44,49
-1.19,0.46,49
-2.76,0.37,49
1.92,0.46,49
-2.01,0.45,49
1.41,0.45,49
1.89,0.44,49
1.89,0.51,49
-1.84,0.47,49
1.26,0.42,49
2.88,0.36,49
1.48,0.47,49
2.77,0.38,49
1.96,0.51,49
-3.09,0.4,49
1.35,0.44,49
1.35,0.38,49
0.95,0.46,49
-1.31,0.45,49
-3.03,0.4,49
-1.15,0.47,49
0.43,0.41,49
-1.31,0.5,49
0.45,0.39,49
3.07,0.43,49
3.08,0.37,49
2.01,0.45,49
-2.49,0.4,49
2.46,0.44,49
1.84,0.47,49
-0.09,0.36,49
-2.62,0.38,49
-2.82,0.4,49
2.86,0.38,49
2.47,0.45,49
-3.01,0.4,49
0.21,0.36,49
-1.48,0.45,49
-2.81,0.39,49
2.51,0.43,49
-1.26,0.45,49
0.77,0.43,49
0.79,0.44,49
2.18,0.48,49
-1.2,0.47,49
1.64,0.47,49
1.63,0.56,49
1.62,0.48,49
-1.97,0.55,49
-0.82,0.47,49
-2.6,0.41,49
1.72,0.5,49
-1.23,0.44,49
-2.86,0.38,49
-1.64,0.44,49
3.02,0.43,49
-0.91,0.47,49
2.15,0.47,49
0.91,0.42,49
0.5,0.35,49
-1.59,0.47,49
2.31,0.52,49
2.29,0.47,49
-1.62,0.48,49
-1.9,0.53,49
0.37,0.35,49
1.04,0.44,49
1.05,0.45,49
1.11,0.43,49
2.92,0.44,49
-2.59,0.43,49
2.21,0.52,49
0.75,0.44,49
1.55,0.45,49
1.55,0.47,49
1.82,0.43,49
-1.9,0.49,49
-0.71,0.39,49
0.96,0.44,49
-0.59,0.46,49
-2.03,0.49,48
-2.04,0.51,48
1.48,0.49,48
-2.0,0.48,48
-1.23,0.42,48
-0.67,0.46,48
-2.63,0.37,48
-1.33,0.45,48
-0.3,0.36,48
-1.93,0.45,48
-1.93,0.49,48
-1.93,0.55,48
-2.77,0.35,48
2.95,0.51,48
-0.21,0.41,48
-2.56,0.41,48
-1.93,0.51,48
-2.02,0.52,48
2.96,0.41,48
1.9,0.49,48
-0.74,0.46,48
-2.25,0.41,48
-0.34,0.42,48
-0.36,0.42,48
-0.63,0.43,48
0.92,0.4,48
2.34,0.44,48
0.46,0.4,48
-1.57,0.57,48
-1.57,0.49,48
-1.57,0.45,48
-2.19,0.4,48
2.36,0.5,48
-0.48,0.42,48
1.18,0.47,48
-2.45,0.42,48
-1.76,0.52,48
1.12,0.51,48
-1.74,0.44,48
1.11,0.4,48
-0.88,0.48,48
-1.77,0.49,48
1.97,0.5,48
-1.78,0.41,48
1.22,0.41,48
0.13,0.42,48
1.28,0.41,48
3.09,0.4,48
0.21,0.41,48
-1.11,0.43,48
2.45,0.47,48
-1.99,0.42,48
-2.55,0.42,48
-1.43,0.44,48
-2.27,0.46,48
-1.44,0.49,48
-1.53,0.47,48
-0.65,0.4,48
1.29,0.46,48
-1.67,0.51,48
0.64,0.41,48
-2.18,0.47,48
3.05,0.34,48
0.61,0.39,48
0.55,0.39,48
-1.28,0.48,48
-1.34,0.46,48
-0.13,0.4,48
2.1,0.48,48
1.81,0.49,48
-0.13,0.42,48
0.53,0.38,48
1.59,0.45,48
-0.14,0.39,48
1.64,0.48,48
-1.91,0.48,48
-0.93,0.43,48
0.82,0.42,48
-1.91,0.45,48
1.61,0.54,48
2.21,0.45,48
2.83,0.41,48
-2.13,0.48,48
2.21,0.46,48
-2.13,0.44,48
2.68,0.43,48
-1.65,0.53,48
1.7,0.49,48
-1.08,0.5,48
-1.06,0.44,47
1.68,0.59,47
2.71,0.41,47
0.65,0.44,47
2.22,0.44,47
0.75,0.39,47
-2.86,0.42,47
0.67,0.38,47
-0.8,0.49,47
2.74,0.36,47
0.52,0.41,47
-3.06,0.42,47
-1.17,0.44,47
-3.06,0.38,47
0.91,0.43,47
-1.7,0.48,47
0.88,0.4,47
2.84,0.47,47
0.79,0.45,47
2.19,0.5,47
-1.63,0.53,47
2.31,0.46,47
0.65,0.4,47
0.84,0.4,47
-2.96,0.49,47
1.85,0.5,47
-1.26,0.46,47
-1.02,0.49,47
1.31,0.46,47
-2.21,0.52,47
-2.34,0.47,47
-3.01,0.41,47
-1.52,0.45,47
-1.53,0.5,47
1.24,0.46,47
0.16,0.41,47
-2.04,0.47,47
-0.65,0.44,47
-0.64,0.43,47
1.19,0.46,47
0.2,0.37,47
2.43,0.42,47
1.19,0.42,47
-1.13,0.45,47
0.34,0.38,47
0.29,0.44,47
-2.21,0.46,47
-1.73,0.53,47
1.1,0.44,47
-2.07,0.4,47
1.06,0.41,47
3.0,0.38,47
0.29,0.38,47
-0.49,0.43,47
-1.71,0.47,47
-1.15,0.44,47
0.94,0.43,47
3.05,0.47,47
-1.21,0.49,47
2.67,0.4,47
1.59,0.47,47
-1.98,0.49,47
1.54,0.4,47
-1.42,0.48,47
-0.13,0.41,47
-3.11,0.38,47
1.61,0.51,47
-1.92,0.46,47
1.79,0.49,47
-0.25,0.38,47
-0.2,0.37,47
1.78,0.46,47
-1.96,0.45,47
-1.96,0.48,47
-1.84,0.44,47
-1.47,0.51,47
1.46,0.49,47
-2.73,0.4,47
1.87,0.51,47
1.45,0.53,47
-2.8,0.42,47
1.47,0.44,47
-1.33,0.48,47
-0.85,0.44,47
1.88,0.46,47
0.86,0.42,46
0.84,0.43,46
2.93,0.45,46
2.22,0.49,46
-2.53,0.39,46
-0.31,0.41,46
2.75,0.39,46
2.13,0.48,46
0.89,0.44,46
2.84,0.54,46
0.5,0.38,46
-1.59,0.48,46
-1.59,0.5,46
-1.68,0.48,46
-0.57,0.42,46
-1.62,0.47,46
2.28,0.49,46
-2.16,0.5,46
-1.61,0.51,46
2.81,0.39,46
2.81,0.36,46
-2.36,0.44,46
0.82,0.44,46
1.75,0.47,46
1.69,0.53,46
-1.94,0.44,46
1.7,0.51,46
1.7,0.57,46
-1.37,0.48,46
0.71,0.41,46
0.71,0.39,46
-0.8,0.5,46
2.2,0.49,46
2.93,0.4,46
-0.48,0.4,46
3.06,0.41,46
2.12,0.49,46
-2.58,0.38,46
-2.58,0.4,46
-2.58,0.44,46
-0.64,0.41,46
-1.8,0.47,46
1.19,0.48,46
-1.18,0.45,46
0.1,0.42,46
1.21,0.51,46
-1.51,0.54,46
-1.77,0.48,46
-0.62,0.42,46
2.44,0.45,46
-1.18,0.41,46
-1.27,0.47,46
1.23,0.51,46
2.42,0.5,46
2.37,0.47,46
-2.19,0.46,46
3.01,0.41,46
-0.49,0.41,46
-1.57,0.54,46
0.46,0.36,46
-2.1,0.47,46
0.97,0.41,46
-1.75,0.48,46
0.38,0.38,46
-2.52,0.38,46
2.06,0.47,46
-1.75,0.47,46
-1.14,0.51,46
2.1,0.47,46
1.5,0.46,46
1.84,0.52,46
1.51,0.53,46
-1.88,0.45,46
-1.99,0.5,46
1.53,0.48,46
0.0,0.47,46
1.9,0.46,46
1.49,0.5,46
-1.82,0.53,46
-2.02,0.49,46
-1.01,0.46,46
2.99,0.43,46
0.08,0.42,46
1.45,0.45,46
1.89,0.54,46
-1.83,0.51,46
-1.82,0.44,46
-0.72,0.44,46
1.53,0.56,46
1.55,0.51,46
-0.72,0.47,46
-0.17,0.38,46
1.61,0.5,46
1.67,0.51,46
1.67,0.52,46
1.8,0.43,46
2.91,0.37,46
-0.21,0.4,46
-2.78,0.39,46
1.74,0.5,46
-1.08,0.43,46
-1.35,0.48,45
1.91,0.52,45
-1.95,0.46,45
-1.63,0.52,45
2.72,0.42,45
-2.01,0.5,45
-2.01,0.47,45
1.42,0.48,45
-1.01,0.48,45
1.36,0.5,45
1.89,0.47,45
1.92,0.52,45
-1.57,0.51,45
2.23,0.52,45
2.23,0.49,45
2.26,0.48,45
0.44,0.4,45
-2.14,0.52,45
2.21,0.48,45
-1.66,0.6,45
2.63,0.41,45
0.89,0.45,45
-0.87,0.46,45
-0.88,0.47,45
-0.88,0.5,45
1.31,0.53,45
1.94,0.47,45
-0.3,0.39,45
-2.47,0.45,45
-2.2,0.43,45
-1.68,0.6,45
-0.56,0.44,45
-2.36,0.47,45
1.78,0.51,45
0.41,0.37,45
2.79,0.4,45
0.75,0.42,45
1.78,0.52,45
0.4,0.38,45
-3.12,0.42,45
1.33,0.48,45
-1.45,0.51,45
-2.11,0.43,45
2.4,0.47,45
0.33,0.36,45
1.44,0.48,45
-0.71,0.48,45
1.52,0.45,45
-2.05,0.46,45
-1.03,0.46,45
2.85,0.4,45
-1.18,0.47,45
-2.07,0.49,45
-2.06,0.5,45
2.5,0.48,45
1.15,0.44,45
-2.9,0.44,45
1.98,0.53,45
-0.21,0.36,45
1.13,0.47,45
-2.45,0.4,45
2.5,0.46,45
-1.1,0.42,45
2.33,0.5,45
1.73,0.47,45
3.14,0.0,45
1.7,0.48,45
0.53,0.36,45
-0.51,0.44,45
1.19,0.54,45
-0.77,0.5,45
2.0,0.51,45
2.53,0.44,45
2.74,0.41,45
-2.32,0.48,45
-2.97,0.43,45
0.56,0.4,45
2.07,0.53,45
-2.0,0.49,45
1.46,0.47,45
2.78,0.44,45
0.19,0.39,45
-2.04,0.4,45
1.26,0.46,45
1.06,0.44,45
2.06,0.5,45
-2.78,0.36,45
-1.74,0.5,45
-1.2,0.41,45
3.09,0.42,45
-0.71,0.49,45
0.99,0.45,45
2.45,0.42,45
3.07,0.45,45
0.98,0.48,45
-2.78,0.44,45
0.96,0.48,45
2.64,0.42,45
3.12,0.43,45
0.93,0.46,45
-3.03,0.37,45
-2.22,0.49,45
-0.16,0.41,45
1.29,0.51,45
-3.09,0.43,45
0.48,0.4,45
-2.98,0.4,45
-0.08,0.38,45
1.38,0.55,45
-2.77,0.38,45
0.03,0.37,45
-2.04,0.48,45
-2.04,0.5,45
-2.92,0.38,45
-2.55,0.44,45
1.51,0.5,45
3.0,0.46,44
-2.96,0.4,44
-0.95,0.5,44
-1.32,0.47,44
-2.34,0.44,44
2.57,0.42,44
1.31,0.42,44
0.4,0.44,44
1.34,0.46,44
-1.82,0.47,44
-1.37,0.49,44
-1.55,0.51,44
-0.94,0.45,44
-0.57,0.45,44
-1.55,0.49,44
-0.95,0.55,44
2.57,0.45,44
-0.75,0.5,44
-1.97,0.46,44
-2.11,0.46,44
0.33,0.39,44
1.34,0.43,44
1.63,0.53,44
-0.32,0.37,44
2.95,0.39,44
2.95,0.44,44
-1.01,0.5,44
1.42,0.51,44
2.34,0.52,44
1.64,0.49,44
-2.7,0.4,44
2.22,0.51,44
0.51,0.44,44
2.94,0.38,44
-2.68,0.45,44
2.31,0.5,44
-1.95,0.55,44
1.4,0.5,44
-1.96,0.53,44
-2.43,0.44,44
-3.05,0.48,44
-0.91,0.5,44
-1.64,0.47,44
-3.0,0.37,44
1.35,0.45,44
1.65,0.57,44
-0.89,0.51,44
-1.55,0.5,44
0.83,0.46,44
-2.83,0.41,44
1.88,0.45,44
-0.4,0.38,44
-1.85,0.5,44
-0.75,0.47,44
1.44,0.49,44
-1.7,0.51,44
2.7,0.45,44
0.3,0.4,44
2.55,0.42,44
-1.39,0.54,44
-1.86,0.52,44
0.02,0.45,44
-0.45,0.44,44
-0.45,0.46,44
1.03,0.41,44
-1.51,0.52,44
2.09,0.49,44
1.57,0.53,44
2.96,0.42,44
-2.69,0.37,44
-2.0,0.43,44
-0.45,0.41,44
0.95,0.42,44
1.57,0.63,44
-0.44,0.4,44
1.87,0.47,44
-0.16,0.4,44
1.44,0.47,44
-2.59,0.45,44
-1.72,0.56,44
-2.22,0.44,44
-1.98,0.48,44
-2.39,0.45,44
-0.66,0.42,44
1.95,0.49,44
-2.76,0.4,44
0.25,0.43,44
-1.53,0.59,44
-0.28,0.42,44
2.67,0.42,44
-1.05,0.49,44
0.17,0.44,44
3.12,0.4,44
2.06,0.52,44
0.06,0.38,44
1.97,0.55,44
1.97,0.46,44
2.65,0.41,44
1.5,0.44,44
-1.14,0.48,44
-1.79,0.5,44
2.87,0.4,44
-2.54,0.45,44
0.11,0.37,44
-2.24,0.5,44
1.2,0.5,44
1.98,0.48,44
1.86,0.52,44
2.92,0.39,44
-2.61,0.4,44
1.7,0.5,44
-1.11,0.45,44
-1.83,0.5,44
-1.62,0.46,44
1.37,0.52,44
0.46,0.43,44
-2.85,0.44,44
-0.37,0.39,43
1.68,0.5,43
0.49,0.41,43
1.66,0.5,43
-1.83,0.45,43
-1.43,0.54,43
3.14,0.19,43
1.74,0.52,43
-1.94,0.53,43
-1.76,0.51,43
2.52,0.47,43
1.19,0.49,43
-1.47,0.52,43
2.87,0.43,43
0.11,0.4,43
-2.24,0.46,43
1.16,0.43,43
0.1,0.41,43
-1.39,0.48,43
1.53,0.51,43
-0.98,0.46,43
-2.9,0.39,43
1.08,0.45,43
-2.36,0.41,43
1.84,0.6,43
-3.01,0.42,43
-1.46,0.46,43
1.55,0.48,43
0.18,0.36,43
0.18,0.41,43
2.06,0.43,43
-0.7,0.43,43
-0.7,0.46,43
1.55,0.6,43
1.82,0.48,43
0.99,0.52,43
-1.89,0.51,43
1.46,0.5,43
1.46,0.56,43
1.47,0.53,43
-2.04,0.45,43
-0.66,0.47,43
-0.66,0.49,43
-1.12,0.46,43
0.24,0.36,43
-2.5,0.41,43
-0.58,0.45,43
0.98,0.51,43
0.23,0.37,43
1.8,0.51,43
-1.71,0.53,43
0.94,0.45,43
2.11,0.5,43
-2.22,0.46,43
2.43,0.51,43
-1.9,0.46,43
-0.65,0.46,43
1.3,0.52,43
-0.43,0.43,43
-3.09,0.42,43
0.86,0.49,43
-2.62,0.43,43
2.41,0.44,43
-3.07,0.43,43
2.13,0.5,43
-2.34,0.49,43
-1.69,0.56,43
2.16,0.54,43
-1.91,0.47,43
-1.97,0.54,43
-0.3,0.4,43
-3.09,0.44,43
2.57,0.49,43
1.31,0.45,43
1.31,0.5,43
-2.94,0.42,43
1.33,0.45,43
-2.36,0.45,43
2.17,0.58,43
0.84,0.41,43
3.0,0.39,43
-1.21,0.45,43
2.8,0.44,43
-1.67,0.52,43
1.33,0.49,43
-1.82,0.52,43
1.34,0.56,43
-2.41,0.51,43
1.36,0.51,43
-3.0,0.38,43
1.89,0.48,43
-0.55,0.43,43
2.37,0.44,43
2.37,0.49,43
-1.57,0.58,43
3.03,0.39,43
-2.84,0.43,43
0.65,0.46,43
2.36,0.48,43
-2.14,0.45,43
-0.35,0.43,43
1.65,0.53,43
-1.42,0.51,43
-1.12,0.44,43
-0.67,0.48,43
-0.07,0.45,43
-0.07,0.46,43
-2.27,0.43,43
-2.27,0.5,43
-3.0,0.46,43
-2.32,0.45,43
2.32,0.48,43
-3.06,0.4,43
1.74,0.51,42
0.57,0.43,42
-1.59,0.54,42
1.37,0.49,42
1.36,0.46,42
-0.54,0.43,42
2.34,0.5,42
-2.46,0.45,42
2.62,0.41,42
-2.15,0.45,42
3.03,0.47,42
2.28,0.48,42
-2.02,0.54,42
-0.11,0.39,42
-0.35,0.41,42
0.8,0.4,42
0.35,0.41,42
1.94,0.58,42
-1.45,0.55,42
-3.09,0.45,42
1.44,0.5,42
-0.94,0.49,42
-2.57,0.39,42
0.87,0.51,42
-1.91,0.52,42
0.85,0.44,42
0.85,0.5,42
3.0,0.44,42
3.05,0.45,42
-0.49,0.52,42
2.79,0.43,42
0.4,0.41,42
-3.04,0.44,42
-0.41,0.45,42
-1.81,0.45,42
-0.41,0.43,42
3.12,0.45,42
-0.02,0.43,42
-0.03,0.42,42
-3.12,0.47,42
-1.66,0.5,42
-0.33,0.39,42
2.82,0.47,42
-0.55,0.49,42
3.04,0.42,42
-1.97,0.44,42
2.7,0.4,42
-2.44,0.46,42
0.77,0.46,42
-1.87,0.51,42
-2.0,0.54,42
-1.77,0.53,42
2.48,0.43,42
1.19,0.52,42
0.07,0.47,42
-1.33,0.49,42
1.99,0.5,42
-0.99,0.45,42
1.99,0.52,42
-1.04,0.61,42
2.49,0.44,42
2.31,0.49,42
-0.61,0.43,42
-0.62,0.46,42
1.16,0.53,42
-1.07,0.49,42
0.51,0.41,42
1.5,0.47,42
1.49,0.54,42
-3.08,0.37,42
-0.37,0.41,42
3.08,0.35,42
-2.91,0.43,42
2.03,0.53,42
1.04,0.4,42
1.03,0.5,42
-1.19,0.52,42
1.59,0.48,42
-2.09,0.49,42
-2.42,0.47,42
2.44,0.43,42
-1.79,0.49,42
-2.92,0.44,42
0.03,0.39,42
-2.92,0.39,42
0.22,0.38,42
-1.46,0.56,42
1.22,0.5,42
-1.4,0.51,42
1.01,0.48,42
1.03,0.47,42
1.57,0.0,42
1.0,0.45,42
0.92,0.49,42
-2.34,0.5,42
2.42,0.48,42
2.12,0.51,42
1.47,0.54,42
1.86,0.6,42
0.92,0.46,42
-0.15,0.42,42
1.28,0.48,42
1.95,0.55,42
3.1,0.46,42
-1.0,0.47,42
-2.21,0.45,42
0.91,0.47,42
-2.88,0.42,42
0.87,0.53,42
1.86,0.49,42
-0.98,0.44,42
1.53,0.49,42
2.99,0.48,42
1.61,0.62,41
2.63,0.5,41
1.29,0.5,41
-0.44,0.42,41
0.37,0.39,41
0.36,0.4,41
-0.32,0.47,41
2.98,0.4,41
1.61,0.56,41
-0.38,0.4,41
0.84,0.44,41
2.4,0.49,41
-2.03,0.53,41
-0.84,0.51,41
-0.03,0.33,41
0.43,0.39,41
3.04,0.43,41
0.7,0.45,41
-1.3,0.47,41
2.22,0.46,41
-1.22,0.5,41
2.2,0.54,41
2.8,0.45,41
-0.77,0.47,41
1.94,0.56,41
-1.55,0.55,41
-1.34,0.51,41
-1.81,0.5,41
-0.1,0.43,41
1.4,0.51,41
1.37,0.53,41
2.61,0.44,41
0.58,0.48,41
-1.62,0.59,41
-1.61,0.5,41
-1.59,0.52,41
-1.23,0.47,41
1.41,0.47,41
-1.84,0.49,41
2.34,0.47,41
-1.17,0.49,41
-1.17,0.46,41
2.29,0.54,41
1.67,0.53,41
1.91,0.51,41
1.89,0.55,41
2.6,0.47,41
3.03,0.4,41
0.63,0.38,41
2.72,0.49,41
1.77,0.49,41
-0.8,0.46,41
1.43,0.55,41
-1.85,0.46,41
-0.12,0.43,41
-0.11,0.4,41
1.63,0.51,41
1.63,0.5,41
2.25,0.49,41
0.69,0.42,41
-2.08,0.48,41
1.04,0.42,41
-1.73,0.48,41
-1.51,0.53,41
-2.47,0.39,41
-0.81,0.53,41
1.0,0.47,41
1.96,0.54,41
2.46,0.51,41
-1.14,0.46,41
2.09,0.55,41
-0.6,0.41,41
1.97,0.54,41
2.11,0.54,41
-1.98,0.45,41
-1.98,0.51,41
-1.12,0.51,41
-0.15,0.37,41
-2.26,0.47,41
-1.0,0.42,41
2.13,0.46,41
-1.7,0.5,41
-0.29,0.38,41
-2.34,0.46,41
3.06,0.4,41
2.42,0.47,41
-1.2,0.53,41
-0.82,0.5,41
3.09,0.45,41
1.48,0.6,41
3.12,0.39,41
-2.08,0.46,41
-1.13,0.47,41
2.77,0.47,41
0.15,0.42,41
-2.07,0.6,41
0.15,0.43,41
1.1,0.47,41
1.1,0.49,41
2.92,0.38,41
2.48,0.47,41
-1.39,0.49,41
1.83,0.51,41
-0.97,0.45,41
1.2,0.47,41
2.53,0.39,41
-2.9,0.48,41
-1.49,0.54,41
0.09,0.37,41
2.52,0.51,41
2.52,0.46,41
2.0,0.48,41
0.12,0.34,41
-3.08,0.36,41
-0.4,0.44,41
-1.75,0.55,41
-1.49,0.51,41
-0.61,0.47,41
2.51,0.5,41
1.14,0.51,41
1.49,0.51,41
1.15,0.5,41
0.5,0.45,41
0.52,0.43,41
-1.95,0.49,40
1.71,0.54,40
-2.68,0.43,40
0.34,0.35,40
-1.04,0.51,40
-1.75,0.54,40
0.8,0.44,40
-2.57,0.42,40
-0.14,0.47,40
2.39,0.47,40
-0.14,0.45,40
-0.22,0.38,40
2.86,0.45,40
2.51,0.45,40
-0.99,0.52,40
-1.19,0.55,40
1.32,0.52,40
-1.81,0.54,40
-2.46,0.42,40
-2.84,0.54,40
-3.05,0.45,40
-1.26,0.48,40
-1.13,0.49,40
2.05,0.5,40
-1.69,0.54,40
-0.94,0.5,40
-0.88,0.54,40
3.0,0.37,40
2.88,0.49,40
-2.79,0.46,40
0.62,0.4,40
2.05,0.69,40
-3.02,0.45,40
2.04,0.47,40
-2.94,0.43,40
1.88,0.49,40
1.88,0.57,40
-0.32,0.4,40
2.71,0.46,40
-1.74,0.52,40
0.15,0.37,40
-1.33,0.54,40
0.6,0.4,40
0.61,0.43,40
-0.37,0.47,40
-1.49,0.52,40
2.49,0.46,40
2.53,0.43,40
-2.84,0.39,40
0.7,0.43,40
0.89,0.49,40
0.31,0.41,40
2.25,0.54,40
2.7,0.42,40
1.62,0.47,40
2.43,0.52,40
-3.03,0.47,40
1.26,0.45,40
-1.12,0.49,40
-1.03,0.5,40
0.28,0.42,40
-1.29,0.59,40
1.34,0.47,40
-1.61,0.52,40
-1.61,0.56,40
-3.14,0.51,40
-1.32,0.51,40
1.38,0.5,40
2.61,0.48,40
-2.02,0.57,40
2.74,0.49,40
2.31,0.47,40
1.8,0.56,40
-3.12,0.43,40
-1.2,0.44,40
-0.26,0.42,40
0.72,0.44,40
-1.82,0.48,40
-1.53,0.52,40
-1.65,0.52,40
-1.65,0.51,40
2.15,0.52,40
1.57,0.57,40
0.99,0.48,40
-2.76,0.42,40
2.08,0.48,40
-1.78,0.51,40
-1.72,0.62,40
-0.6,0.45,40
2.11,0.52,40
-0.82,0.48,40
3.07,0.46,40
0.03,0.42,40
1.77,0.54,40
1.65,0.51,40
2.84,0.42,40
-2.62,0.45,40
2.62,0.47,40
-1.02,0.51,40
-2.94,0.48,40
-1.87,0.61,40
-2.41,0.44,40
-2.79,0.4,40
1.3,0.47,40
-3.07,0.44,40
1.31,0.58,39
1.93,0.51,39
-1.88,0.52,39
2.85,0.44,39
2.18,0.5,39
2.18,0.54,39
-0.39,0.39,39
-0.38,0.43,39
-1.35,0.44,39
-0.88,0.55,39
3.0,0.45,39
-1.25,0.55,39
-1.69,0.46,39
-2.11,0.5,39
-1.39,0.53,39
-1.25,0.54,39
1.07,0.49,39
-1.63,0.58,39
2.6,0.43,39
2.27,0.51,39
3.03,0.48,39
-2.84,0.47,39
1.48,0.59,39
-2.65,0.41,39
-0.99,0.48,39
0.6,0.41,39
2.9,0.44,39
-2.55,0.48,39
1.11,0.57,39
-1.96,0.54,39
-1.88,0.49,39
2.04,0.52,39
1.62,0.59,39
-1.06,0.48,39
-1.15,0.6,39
-0.57,0.49,39
0.82,0.48,39
0.82,0.41,39
-0.86,0.51,39
2.77,0.43,39
2.02,0.52,39
0.49,0.43,39
2.34,0.49,39
-1.62,0.61,39
-1.09,0.5,39
-2.79,0.43,39
2.01,0.58,39
-2.12,0.45,39
0.77,0.47,39
2.01,0.53,39
1.15,0.6,39
-1.48,0.6,39
1.15,0.49,39
-2.81,0.43,39
3.11,0.38,39
0.08,0.4,39
-2.46,0.44,39
-2.8,0.44,39
2.91,0.46,39
1.66,0.61,39
-2.97,0.44,39
-2.54,0.41,39
-2.82,0.44,39
1.57,0.55,39
2.44,0.53,39
-0.3,0.43,39
2.16,0.5,39
-1.89,0.54,39
0.66,0.42,39
-2.28,0.48,39
2.23,0.54,39
0.97,0.45,39
0.24,0.39,39
-1.72,0.51,39
-1.28,0.51,39
-2.82,0.37,39
1.77,0.53,39
0.98,0.5,39
2.21,0.56,39
-1.78,0.47,39
2.21,0.5,39
-1.7,0.49,39
2.63,0.44,39
0.68,0.44,39
2.25,0.56,39
1.65,0.64,39
-0.34,0.45,39
-1.4,0.57,39
-0.85,0.47,39
0.45,0.44,39
-2.15,0.56,39
2.47,0.48,39
-0.24,0.39,39
-0.31,0.49,39
2.79,0.46,39
0.38,0.4,39
-0.93,0.48,39
-2.31,0.46,39
-1.92,0.56,39
1.64,0.59,39
-1.21,0.48,39
2.56,0.48,39
2.12,0.55,39
2.43,0.49,39
-0.47,0.47,39
-0.17,0.44,39
-0.84,0.53,39
3.01,0.42,39
2.68,0.45,39
0.26,0.41,39
-2.62,0.41,39
0.91,0.49,39
0.28,0.39,39
-1.32,0.52,39
-1.38,0.55,39
-1.57,0.55,39
-3.12,0.45,39
-1.53,0.54,39
-0.5,0.42,39
1.7,0.59,39
-1.24,0.6,39
-1.24,0.48,39
-0.29,0.44,39
-0.28,0.39,39
-2.93,0.41,39
-0.9,0.52,39
-1.04,0.48,39
0.5,0.42,39
0.57,0.39,39
2.65,0.45,39
-3.14,0.47,39
-0.2,0.43,39
-0.08,0.41,39
1.37,0.54,39
-1.43,0.52,38
-2.29,0.45,38
-2.17,0.44,38
-1.1,0.51,38
2.94,0.42,38
2.94,0.43,38
-1.61,0.54,38
-1.59,0.51,38
3.14,0.18,38
0.53,0.42,38
0.53,0.44,38
-2.61,0.48,38
1.41,0.52,38
2.89,0.52,38
3.06,0.42,38
-1.15,0.49,38
-1.57,0.56,38
-1.66,0.48,38
-1.15,0.57,38
-1.71,0.55,38
-1.71,0.6,38
2.55,0.46,38
-2.63,0.44,38
-2.04,0.52,38
1.47,0.52,38
-2.1,0.51,38
-1.9,0.56,38
-1.16,0.53,38
2.22,0.55,38
0.72,0.45,38
2.37,0.5,38
-2.03,0.51,38
2.13,0.54,38
0.0,0.45,38
0.0,0.5,38
-1.18,0.55,38
-1.72,0.58,38
0.94,0.5,38
0.98,0.46,38
2.46,0.45,38
1.24,0.52,38
-0.64,0.46,38
-0.63,0.49,38
2.24,0.57,38
0.88,0.47,38
0.9,0.46,38
-2.6,0.47,38
-2.13,0.5,38
-0.49,0.47,38
1.96,0.48,38
0.99,0.51,38
1.57,0.58,38
1.57,0.6,38
0.21,0.4,38
1.02,0.49,38
-0.87,0.53,38
2.79,0.41,38
2.83,0.46,38
-2.75,0.45,38
2.2,0.53,38
0.37,0.47,38
1.87,0.5,38
-1.8,0.51,38
-0.83,0.5,38
-0.05,0.39,38
1.91,0.47,38
1.41,0.53,38
1.03,0.46,38
2.78,0.45,38
-0.19,0.5,38
-0.18,0.41,38
-2.05,0.53,38
-0.85,0.45,38
2.59,0.45,38
1.9,0.53,38
2.62,0.49,38
1.55,0.49,38
1.55,0.5,38
0.17,0.43,38
-0.52,0.45,38
-0.34,0.44,38
-0.39,0.51,38
2.4,0.5,38
-0.42,0.6,38
-0.23,0.47,38
1.53,0.54,38
-1.74,0.57,38
-1.31,0.46,38
-1.63,0.51,38
0.64,0.46,38
-1.26,0.49,38
2.48,0.49,38
1.08,0.5,38
-2.45,0.47,38
-2.73,0.43,38
1.62,0.61,38
-2.72,0.44,38
-0.93,0.52,38
3.12,0.46,38
1.63,0.58,38
-1.75,0.49,38
-0.86,0.59,38
1.11,0.5,38
2.53,0.52,38
-1.96,0.56,38
-2.77,0.41,38
2.49,0.51,38
-0.61,0.44,38
-2.4,0.49,38
-2.2,0.49,38
2.18,0.56,38
2.18,0.47,38
-0.75,0.48,38
2.57,0.47,38
-2.91,0.42,38
2.0,0.54,38
2.29,0.5,38
-1.62,0.45,38
1.66,0.59,38
1.66,0.6,38
2.9,0.41,38
1.69,0.56,38
2.02,0.54,38
1.15,0.55,38
-1.75,0.53,38
-1.85,0.51,38
-1.37,0.54,38
-0.72,0.48,38
-3.12,0.4,38
2.18,0.52,38
-3.14,0.45,38
-2.48,0.47,38
-0.79,0.5,38
-3.14,0.54,38
-2.85,0.4,38
1.73,0.54,37
1.73,0.48,37
1.75,0.54,37
0.54,0.41,37
-1.6,0.64,37
-1.61,0.53,37
0.54,0.43,37
3.14,0.2,37
-1.08,0.54,37
-1.68,0.5,37
0.36,0.42,37
0.79,0.47,37
-2.12,0.51,37
-2.12,0.49,37
-2.12,0.47,37
2.19,0.53,37
-0.93,0.53,37
-2.83,0.49,37
2.39,0.5,37
-1.37,0.52,37
2.98,0.45,37
1.32,0.55,37
1.63,0.52,37
-2.72,0.42,37
-2.47,0.46,37
-1.05,0.45,37
-1.06,0.5,37
-2.52,0.47,37
-1.69,0.53,37
-2.49,0.46,37
-2.47,0.48,37
2.76,0.48,37
2.77,0.41,37
-2.8,0.45,37
-0.65,0.51,37
-1.12,0.53,37
-1.97,0.52,37
-1.69,0.55,37
0.39,0.45,37
0.39,0.42,37
2.37,0.43,37
0.31,0.46,37
0.31,0.42,37
2.15,0.68,37
-2.51,0.45,37
-2.51,0.43,37
-1.03,0.58,37
0.91,0.5,37
2.41,0.56,37
2.41,0.46,37
-1.92,0.5,37
-3.12,0.51,37
0.73,0.44,37
-1.57,0.6,37
1.35,0.49,37
-2.93,0.45,37
-0.27,0.4,37
2.69,0.51,37
-1.24,0.52,37
1.26,0.49,37
-1.46,0.59,37
-1.53,0.57,37
1.34,0.51,37
1.34,0.5,37
-1.82,0.57,37
-0.02,0.47,37
-1.3,0.6,37
-1.3,0.52,37
-0.26,0.45,37
-0.26,0.41,37
1.81,0.55,37
1.81,0.54,37
0.95,0.47,37
-0.17,0.43,37
2.97,0.51,37
0.23,0.46,37
-1.72,0.5,37
-1.72,0.52,37
-2.09,0.51,37
-2.09,0.45,37
1.59,0.52,37
1.59,0.5,37
-2.14,0.49,37
0.67,0.41,37
-1.85,0.53,37
1.41,0.59,37
0.05,0.4,37
-1.79,0.54,37
-0.63,0.45,37
1.24,0.48,37
0.98,0.44,37
-0.87,0.51,37
2.08,0.52,37
1.57,0.61,37
1.55,0.62,37
2.45,0.55,37
0.22,0.45,37
1.97,0.52,37
-0.85,0.5,37
-0.69,0.45,37
-1.73,0.54,37
2.72,0.6,37
-0.35,0.46,37
2.26,0.54,37
2.26,0.47,37
0.19,0.34,37
1.06,0.52,37
-0.24,0.45,37
1.55,0.52,37
-2.99,0.43,37
-1.89,0.48,37
1.05,0.49,37
-2.33,0.5,37
-0.46,0.48,37
-0.46,0.45,37
-0.1,0.41,37
1.39,0.49,37
-1.02,0.53,37
2.05,0.48,37
1.53,0.5,37
1.53,0.47,37
2.66,0.43,37
-0.23,0.46,37
1.48,0.48,37
2.53,0.48,37
0.07,0.44,37
-1.47,0.56,37
-1.47,0.54,37
-0.97,0.49,37
0.17,0.39,37
-0.98,0.48,37
1.07,0.58,37
-1.16,0.51,37
-1.16,0.48,37
-2.15,0.51,37
-3.05,0.47,37
-2.18,0.5,37
2.28,0.52,37
-1.33,0.61,37
1.11,0.52,37
1.11,0.45,37
1.09,0.5,37
2.04,0.56,37
2.88,0.41,37
-0.4,0.49,37
-2.95,0.45,37
-0.73,0.51,37
0.59,0.48,37
0.59,0.44,37
2.29,0.57,37
1.13,0.53,37
0.08,0.41,37
1.13,0.45,37
-3.08,0.49,37
1.12,0.44,37
-1.76,0.5,37
2.01,0.55,37
-1.76,0.56,37
0.11,0.47,37
-0.99,0.51,37
1.75,0.53,37
-2.32,0.44,37
3.02,0.51,37
-2.29,0.47,37
1.49,0.52,37
0.48,0.46,37
-1.83,0.55,37
2.61,0.42,37
-2.18,0.48,37
-2.85,0.41,37
-1.08,0.45,37
-3.04,0.42,36
1.28,0.49,36
0.0,0.46,36
0.0,0.48,36
-0.25,0.43,36
1.82,0.47,36
-1.11,0.48,36
-0.05,0.42,36
-0.97,0.53,36
-3.14,0.52,36
2.3,0.53,36
-0.37,0.44,36
2.04,0.51,36
-0.86,0.52,36
-3.1,0.5,36
-0.24,0.44,36
-2.44,0.43,36
1.57,0.62,36
-1.22,0.53,36
-1.05,0.51,36
-2.47,0.52,36
-2.87,0.43,36
2.05,0.53,36
-0.07,0.48,36
-2.16,0.48,36
0.56,0.5,36
-1.36,0.5,36
2.85,0.48,36
2.85,0.52,36
-2.83,0.51,36
3.09,0.43,36
-1.57,0.63,36
0.73,0.43,36
1.83,0.53,36
0.34,0.42,36
1.05,0.54,36
1.39,0.48,36
-2.77,0.43,36
-1.47,0.53,36
1.2,0.53,36
-0.64,0.52,36
-1.5,0.48,36
0.82,0.45,36
0.36,0.48,36
-0.66,0.5,36
-2.04,0.57,36
2.86,0.42,36
-1.28,0.52,36
-1.28,0.56,36
-2.82,0.47,36
1.01,0.46,36
-1.42,0.5,36
0.2,0.42,36
-1.51,0.55,36
1.89,0.5,36
1.67,0.62,36
1.76,0.51,36
-1.25,0.5,36
-1.29,0.61,36
-2.52,0.46,36
2.93,0.51,36
-0.89,0.49,36
-1.3,0.56,36
-0.92,0.52,36
-1.98,0.53,36
-1.21,0.51,36
-2.57,0.43,36
-2.57,0.45,36
-1.81,0.58,36
0.13,0.41,36
-0.8,0.52,36
-2.56,0.48,36
1.13,0.55,36
-1.55,0.52,36
-1.55,0.56,36
-0.94,0.53,36
2.88,0.42,36
0.33,0.43,36
-0.28,0.45,36
1.51,0.54,36
-0.22,0.44,36
2.16,0.51,36
1.61,0.52,36
0.86,0.48,36
1.84,0.56,36
-2.29,0.48,36
-0.2,0.42,36
1.5,0.48,36
-1.18,0.53,36
-2.89,0.43,36
-2.15,0.47,36
2.27,0.5,36
-1.79,0.59,36
-0.42,0.42,36
1.88,0.63,36
1.43,0.52,36
0.87,0.45,36
0.88,0.48,36
-0.44,0.45,36
-2.24,0.45,36
1.16,0.48,36
-0.31,0.45,36
1.61,0.6,36
2.76,0.46,36
1.85,0.51,36
-2.22,0.51,36
-1.02,0.43,36
-0.91,0.49,36
-1.92,0.53,36
0.26,0.37,36
-1.41,0.47,36
2.63,0.48,36
2.15,0.51,36
2.14,0.49,36
1.85,0.53,36
2.75,0.45,36
0.67,0.45,36
-1.4,0.5,36
-1.32,0.55,36
1.85,0.54,36
1.85,0.59,36
-1.71,0.56,36
1.47,0.56,36
-1.45,0.63,36
-2.54,0.47,36
-0.99,0.56,36
1.14,0.48,36
1.31,0.65,36
-0.54,0.47,36
-2.75,0.41,36
-2.31,0.52,36
-1.53,0.51,36
-2.21,0.48,36
2.65,0.47,36
-0.18,0.48,36
2.71,0.48,36
0.45,0.46,36
-1.71,0.54,36
-2.68,0.4,36
-1.19,0.49,36
0.05,0.45,36
1.73,0.55,36
-2.48,0.43,36
-1.23,0.51,36
-0.51,0.48,36
2.81,0.43,36
-0.79,0.51,36
2.31,0.53,36
-0.05,0.45,36
-2.71,0.48,36
1.11,0.55,36
2.58,0.52,36
-2.93,0.5,36
1.23,0.47,36
-2.61,0.42,36
1.72,0.66,36
-3.14,0.49,36
-1.95,0.57,35
-1.95,0.52,35
-0.9,0.54,35
1.33,0.55,35
-2.93,0.4,35
-3.02,0.43,35
-2.71,0.5,35
-2.61,0.46,35
-2.61,0.44,35
-0.74,0.47,35
0.05,0.46,35
-1.19,0.6,35
-2.05,0.48,35
-1.53,0.53,35
-2.86,0.46,35
0.44,0.42,35
2.26,0.52,35
-2.73,0.45,35
-2.1,0.48,35
2.13,0.58,35
1.48,0.57,35
1.86,0.56,35
0.94,0.49,35
1.87,0.65,35
-2.31,0.49,35
2.51,0.49,35
2.76,0.52,35
0.93,0.52,35
-1.29,0.51,35
-1.64,0.62,35
2.24,0.58,35
3.12,0.47,35
-1.64,0.59,35
-2.72,0.47,35
2.15,0.55,35
-2.66,0.43,35
-0.16,0.46,35
2.64,0.46,35
-1.31,0.57,35
-0.5,0.51,35
0.04,0.49,35
3.1,0.47,35
0.95,0.5,35
0.94,0.54,35
0.3,0.54,35
-2.58,0.48,35
-0.43,0.48,35
-0.43,0.46,35
1.16,0.51,35
1.15,0.52,35
-0.44,0.47,35
-2.63,0.48,35
-1.13,0.53,35
-2.45,0.48,35
-2.65,0.45,35
-1.33,0.55,35
0.23,0.43,35
0.23,0.42,35
-2.89,0.47,35
0.87,0.43,35
1.5,0.58,35
-2.95,0.44,35
1.5,0.6,35
1.79,0.5,35
1.61,0.49,35
-1.65,0.54,35
-2.04,0.54,35
-1.99,0.55,35
-2.11,0.52,35
2.89,0.43,35
1.8,0.52,35
-2.96,0.47,35
-0.27,0.36,35
-1.88,0.56,35
-2.4,0.52,35
-1.55,0.53,35
1.42,0.5,35
2.02,0.49,35
-2.43,0.51,35
-2.56,0.45,35
1.78,0.57,35
-0.33,0.46,35
-0.33,0.43,35
-0.59,0.48,35
2.44,0.48,35
-2.53,0.48,35
0.71,0.52,35
-2.52,0.42,35
-2.36,0.48,35
2.17,0.57,35
0.83,0.47,35
-0.7,0.45,35
-2.08,0.5,35
-2.18,0.54,35
1.76,0.52,35
0.48,0.42,35
1.02,0.63,35
2.08,0.57,35
2.45,0.5,35
2.45,0.48,35
1.29,0.45,35
1.59,0.55,35
1.59,0.51,35
-1.98,0.59,35
-1.8,0.6,35
1.16,0.56,35
-2.06,0.54,35
2.51,0.54,35
1.28,0.52,35
-0.64,0.48,35
1.21,0.49,35
-2.25,0.49,35
1.06,0.55,35
1.06,0.5,35
1.39,0.52,35
1.39,0.47,35
1.9,0.59,35
-0.1,0.42,35
1.53,0.55,35
2.66,0.48,35
1.83,0.5,35
0.8,0.43,35
-2.67,0.44,35
0.72,0.47,35
-1.57,0.61,35
-1.38,0.57,35
0.35,0.43,35
-2.87,0.44,35
2.03,0.51,35
-1.75,0.64,35
-3.02,0.44,35
1.36,0.7,35
2.33,0.54,35
-1.61,0.6,35
-1.61,0.55,35
-0.07,0.47,35
-0.07,0.43,35
0.77,0.44,35
-1.89,0.5,35
2.83,0.48,35
0.75,0.5,35
-1.98,0.61,35
-2.13,0.46,35
0.39,0.39,35
2.38,0.51,35
1.09,0.48,35
1.35,0.54,35
-1.07,0.56,35
-1.1,0.49,35
0.16,0.47,35
-2.41,0.43,35
2.57,0.55,35
2.98,0.47,35
-2.24,0.53,35
-3.1,0.47,35
1.55,0.54,35
1.82,0.59,35
-1.67,0.54,35
-2.87,0.52,35
1.55,0.55,35
2.96,0.4,35
1.28,0.51,35
-1.67,0.63,35
-3.14,0.5,34
1.7,0.64,34
-2.5,0.48,34
1.71,0.55,34
1.17,0.57,34
1.55,0.58,34
2.96,0.48,34
2.93,0.46,34
2.2,0.56,34
2.58,0.48,34
1.68,0.61,34
-0.96,0.53,34
-1.67,0.56,34
0.0,0.51,34
0.74,0.49,34
1.57,0.66,34
1.33,0.57,34
-1.19,0.48,34
2.99,0.42,34
2.46,0.49,34
1.78,0.56,34
0.95,0.55,34
2.63,0.52,34
1.87,0.62,34
-2.99,0.42,34
1.82,0.52,34
1.82,0.56,34
1.27,0.5,34
3.09,0.44,34
-0.86,0.54,34
-0.05,0.44,34
-1.44,0.57,34
0.27,0.4,34
-1.31,0.53,34
-1.63,0.5,34
-1.63,0.56,34
1.93,0.58,34
-1.81,0.63,34
1.77,0.59,34
0.5,0.6,34
1.83,0.54,34
1.52,0.63,34
1.53,0.53,34
0.8,0.47,34
-2.2,0.53,34
1.55,0.57,34
1.65,0.52,34
-0.52,0.54,34
-1.92,0.65,34
1.63,0.54,34
1.42,0.55,34
2.09,0.54,34
1.41,0.54,34
-2.41,0.53,34
-2.06,0.52,34
-1.48,0.57,34
1.18,0.51,34
1.18,0.62,34
-1.02,0.55,34
2.46,0.54,34
-1.51,0.56,34
1.46,0.58,34
1.46,0.6,34
-0.18,0.42,34
-1.45,0.6,34
1.94,0.53,34
2.07,0.56,34
-2.74,0.49,34
2.28,0.51,34
0.6,0.45,34
0.62,0.46,34
-1.31,0.58,34
-0.47,0.49,34
-2.1,0.53,34
-1.15,0.52,34
0.65,0.51,34
-0.4,0.5,34
-0.92,0.51,34
-2.53,0.43,34
-0.22,0.49,34
-0.73,0.53,34
0.12,0.43,34
-0.02,0.44,34
-0.83,0.52,34
-2.64,0.42,34
-1.4,0.55,34
-1.87,0.58,34
2.41,0.54,34
0.92,0.51,34
-0.48,0.48,34
1.04,0.51,34
-0.09,0.45,34
-0.09,0.46,34
-0.09,0.47,34
-3.0,0.44,34
1.38,0.51,34
-0.94,0.56,34
-2.4,0.47,34
1.8,0.57,34
2.88,0.45,34
-0.7,0.53,34
2.67,0.47,34
-1.3,0.49,34
-2.37,0.47,34
-0.98,0.5,34
2.59,0.49,34
0.56,0.52,34
2.33,0.51,34
-3.07,0.46,34
0.42,0.44,34
1.05,0.51,34
0.67,0.39,34
-1.06,0.52,34
1.19,0.55,34
-1.46,0.48,34
1.4,0.56,34
-1.83,0.57,34
0.07,0.45,34
1.98,0.61,34
2.86,0.46,34
2.86,0.5,34
1.61,0.53,34
1.79,0.53,34
0.7,0.46,34
2.15,0.66,34
0.29,0.41,34
0.18,0.48,34
-1.43,0.55,34
-0.08,0.4,34
-1.72,0.57,34
-1.27,0.5,34
-1.34,0.5,34
1.88,0.52,34
1.43,0.54,34
-2.69,0.44,34
2.56,0.45,34
-1.23,0.57,34
-3.04,0.43,34
1.33,0.66,34
0.14,0.45,34
-0.91,0.55,34
0.5,0.51,33
-0.9,0.53,33
-1.82,0.61,33
-1.49,0.53,33
-1.49,0.5,33
-1.94,0.56,33
-0.5,0.46,33
-1.95,0.63,33
-1.78,0.52,33
0.05,0.44,33
0.05,0.43,33
-1.9,0.6,33
-1.52,0.64,33
1.88,0.59,33
-1.33,0.53,33
0.63,0.43,33
2.1,0.51,33
-1.03,0.53,33
1.44,0.59,33
-1.09,0.69,33
1.07,0.46,33
0.18,0.42,33
-1.7,0.6,33
2.15,0.58,33
0.43,0.46,33
-2.74,0.44,33
1.98,0.57,33
-1.47,0.61,33
2.9,0.45,33
2.61,0.46,33
1.4,0.55,33
0.02,0.46,33
-1.77,0.59,33
1.99,0.58,33
-2.92,0.52,33
2.7,0.49,33
-1.76,0.55,33
0.11,0.39,33
-1.64,0.63,33
1.79,0.54,33
3.12,0.48,33
2.24,0.52,33
0.89,0.51,33
-2.88,0.46,33
-2.88,0.45,33
-1.54,0.6,33
-3.0,0.45,33
2.06,0.57,33
-2.76,0.46,33
-1.55,0.58,33
-1.55,0.54,33
2.36,0.54,33
0.69,0.5,33
-3.07,0.47,33
1.51,0.51,33
-2.62,0.47,33
1.76,0.55,33
-0.08,0.42,33
-0.89,0.52,33
-1.57,0.7,33
2.67,0.49,33
-0.3,0.47,33
-2.96,0.42,33
2.89,0.47,33
-1.38,0.5,33
-2.7,0.42,33
-1.88,0.63,33
0.19,0.45,33
-2.08,0.52,33
2.13,0.56,33
2.84,0.43,33
2.03,0.56,33
-2.54,0.5,33
1.12,0.56,33
1.12,0.49,33
-1.01,0.52,33
-1.96,0.51,33
0.58,0.45,33
-1.98,0.56,33
2.23,0.55,33
2.25,0.57,33
-2.86,0.5,33
0.45,0.57,33
0.44,0.45,33
-1.17,0.6,33
-1.62,0.65,33
-2.01,0.55,33
2.02,0.61,33
1.94,0.5,33
0.93,0.48,33
2.12,0.59,33
0.27,0.43,33
2.97,0.43,33
-1.2,0.5,33
-1.1,0.54,33
1.08,0.47,33
-1.5,0.6,33
1.29,0.53,33
2.52,0.55,33
0.08,0.51,33
1.59,0.53,33
1.94,0.63,33
2.5,0.52,33
-0.83,0.53,33
-2.33,0.53,33
1.0,0.49,33
-0.12,0.44,33
-0.61,0.52,33
3.12,0.49,33
-0.52,0.49,33
-0.53,0.44,33
-0.54,0.52,33
2.95,0.45,33
2.83,0.49,33
0.34,0.47,33
1.53,0.52,33
0.79,0.48,33
-2.6,0.57,33
-2.67,0.42,33
-0.38,0.46,33
-1.35,0.62,33
-2.16,0.51,33
-0.35,0.52,33
-0.35,0.5,33
2.73,0.45,33
-1.49,0.65,33
1.32,0.56,33
0.63,0.45,33
-0.5,0.6,33
-1.24,0.62,33
-1.53,0.56,33
-2.71,0.43,33
-2.07,0.62,33
1.08,0.59,33
1.08,0.54,33
1.08,0.52,33
2.59,0.53,33
-0.36,0.45,33
-2.99,0.48,33
-1.53,0.55,33
-3.03,0.48,33
-1.86,0.48,33
-0.68,0.51,33
-2.09,0.54,33
-1.52,0.6,33
-1.92,0.6,33
-1.92,0.57,33
-1.92,0.52,33
1.93,0.55,33
-2.5,0.52,33
0.74,0.46,33
-1.39,0.64,33
0.39,0.41,33
1.82,0.57,33
0.0,0.55,33
0.0,0.49,33
2.03,0.63,33
1.1,0.51,33
-2.71,0.46,33
3.07,0.44,33
2.09,0.56,33
-0.03,0.39,33
0.76,0.53,33
-1.11,0.52,33
1.17,0.5,33
1.17,0.49,33
2.56,0.51,33
1.72,0.52,33
1.33,0.54,33
1.92,0.56,33
-1.09,0.53,32
1.21,0.57,32
-1.35,0.58,32
3.14,0.22,32
2.8,0.47,32
-2.17,0.53,32
0.53,0.51,32
1.33,0.59,32
2.49,0.52,32
-0.77,0.58,32
1.92,0.53,32
-0.74,0.5,32
-1.08,0.52,32
-1.28,0.49,32
-0.6,0.49,32
-2.39,0.47,32
-2.89,0.51,32
-2.84,0.42,32
-1.33,0.58,32
-2.65,0.5,32
1.99,0.55,32
1.25,0.55,32
-0.42,0.44,32
-1.34,0.56,32
-1.14,0.5,32
-1.14,0.56,32
2.64,0.51,32
0.95,0.51,32
-2.09,0.56,32
0.97,0.5,32
-0.15,0.51,32
-2.64,0.51,32
-2.42,0.45,32
-0.15,0.48,32
1.45,0.61,32
-1.52,0.59,32
-0.72,0.54,32
1.93,0.57,32
0.12,0.44,32
0.13,0.4,32
0.13,0.49,32
2.73,0.51,32
-0.8,0.58,32
-0.99,0.55,32
3.08,0.54,32
1.14,0.5,32
-0.15,0.44,32
2.81,0.48,32
-1.37,0.65,32
-0.32,0.54,32
2.71,0.43,32
3.12,0.51,32
-2.43,0.52,32
1.12,0.57,32
0.22,0.44,32
-1.42,0.57,32
-1.84,0.63,32
0.2,0.38,32
1.89,0.57,32
2.97,0.44,32
2.97,0.5,32
-1.86,0.56,32
1.94,0.54,32
2.62,0.45,32
1.03,0.52,32
0.47,0.49,32
1.66,0.58,32
1.67,0.54,32
-2.43,0.49,32
1.03,0.53,32
-0.95,0.51,32
-1.15,0.5,32
2.26,0.55,32
-1.3,0.61,32
-0.54,0.46,32
-1.06,0.56,32
0.45,0.41,32
0.67,0.48,32
0.68,0.49,32
-0.31,0.42,32
2.65,0.5,32
-0.58,0.47,32
1.49,0.53,32
-0.18,0.54,32
-1.25,0.58,32
1.04,0.61,32
-0.1,0.44,32
2.78,0.42,32
1.05,0.47,32
-2.63,0.41,32
1.49,0.65,32
-2.88,0.49,32
-2.72,0.5,32
2.65,0.54,32
2.24,0.53,32
2.71,0.51,32
0.32,0.4,32
1.29,0.54,32
2.54,0.47,32
2.54,0.49,32
0.05,0.42,32
1.96,0.62,32
1.9,0.55,32
-1.83,0.58,32
-2.25,0.48,32
0.17,0.5,32
0.42,0.47,32
-1.97,0.6,32
0.7,0.51,32
0.85,0.48,32
1.84,0.55,32
-2.95,0.5,32
-1.7,0.57,32
0.3,0.43,32
2.48,0.54,32
0.57,0.45,32
-1.59,0.55,32
-3.06,0.53,32
-0.3,0.5,32
-2.11,0.56,32
-0.71,0.52,32
-0.22,0.45,32
0.32,0.5,32
-1.69,0.63,32
0.85,0.45,32
0.85,0.47,32
-1.65,0.67,32
-1.55,0.6,32
-2.7,0.49,32
3.04,0.44,32
2.69,0.46,32
-0.29,0.48,32
2.88,0.46,32
-0.23,0.42,32
-1.57,0.64,32
0.42,0.6,32
2.91,0.5,32
2.03,0.58,32
-1.5,0.57,32
-0.65,0.49,32
0.1,0.43,32
0.1,0.44,32
-2.04,0.55,32
1.18,0.73,32
-0.77,0.53,32
-1.5,0.59,32
-0.97,0.62,32
-1.02,0.63,32
1.35,0.53,32
-1.07,0.53,32
-1.07,0.57,32
2.3,0.51,32
2.3,0.57,32
2.21,0.62,32
-1.66,0.63,32
0.8,0.46,32
1.83,0.55,32
0.8,0.53,32
-2.26,0.45,32
-1.9,0.62,32
2.38,0.56,32
0.37,0.44,32
-2.12,0.55,32
-2.12,0.63,32
-2.19,0.5,32
-1.57,0.62,32
3.01,0.49,32
2.74,0.46,32
-0.86,0.63,32
-0.84,0.54,32
-3.1,0.48,32
-3.1,0.52,32
0.75,0.45,32
-1.9,0.55,32
-1.9,0.59,32
-0.49,0.5,32
-2.91,0.51,32
1.57,0.56,32
0.76,0.51,32
1.91,0.61,32
1.23,0.57,32
-2.97,0.51,32
-1.96,0.73,32
0.54,0.46,32
0.54,0.47,32
3.02,0.44,32
-2.17,0.49,32
1.73,0.53,31
-2.98,0.52,31
1.7,0.58,31
-1.94,0.54,31
1.75,0.55,31
1.69,0.55,31
-0.74,0.49,31
1.73,0.61,31
-0.76,0.51,31
-1.82,0.56,31
1.33,0.58,31
1.09,0.55,31
2.04,0.54,31
-1.12,0.57,31
1.36,0.57,31
-0.02,0.45,31
2.59,0.46,31
1.07,0.6,31
2.05,0.55,31
2.6,0.5,31
-1.26,0.51,31
-0.67,0.6,31
-1.43,0.62,31
1.07,0.53,31
2.47,0.53,31
2.62,0.51,31
-1.51,0.67,31
0.19,0.51,31
-1.84,0.56,31
-1.84,0.52,31
-1.42,0.55,31
1.0,0.53,31
0.99,0.56,31
2.46,0.52,31
-1.81,0.59,31
-0.87,0.54,31
1.43,0.61,31
-2.79,0.5,31
-1.52,0.62,31
-0.75,0.58,31
-0.68,0.49,31
0.26,0.45,31
0.25,0.47,31
3.1,0.49,31
0.94,0.53,31
-1.45,0.54,31
1.46,0.59,31
-1.86,0.6,31
-1.86,0.57,31
2.12,0.57,31
-1.71,0.62,31
0.27,0.44,31
-2.34,0.53,31
-2.34,0.52,31
-0.48,0.53,31
-0.69,0.5,31
-1.25,0.65,31
1.49,0.55,31
-1.29,0.57,31
-1.29,0.54,31
-1.29,0.53,31
-0.19,0.4,31
-1.54,0.61,31
-0.43,0.51,31
2.51,0.53,31
1.14,0.56,31
1.3,0.55,31
0.32,0.47,31
0.87,0.46,31
1.5,0.59,31
-3.07,0.48,31
1.52,0.59,31
-1.69,0.62,31
-2.49,0.51,31
-2.49,0.49,31
-1.15,0.63,31
2.17,0.6,31
-1.55,0.62,31
-2.36,0.5,31
-0.7,0.54,31
-1.26,0.52,31
0.37,0.41,31
2.39,0.48,31
-2.2,0.56,31
-0.23,0.51,31
1.83,0.57,31
-1.68,0.61,31
-1.68,0.59,31
-1.68,0.57,31
0.79,0.53,31
0.79,0.5,31
-2.83,0.52,31
2.19,0.55,31
2.19,0.51,31
0.77,0.52,31
-2.99,0.5,31
-0.24,0.48,31
1.16,0.7,31
1.16,0.59,31
-1.11,0.57,31
-0.25,0.47,31
2.96,0.53,31
-1.22,0.56,31
-2.75,0.51,31
2.79,0.49,31
0.74,0.47,31
2.21,0.57,31
-1.66,0.59,31
2.37,0.53,31
2.37,0.52,31
-0.26,0.46,31
-1.38,0.62,31
-1.38,0.61,31
0.09,0.48,31
1.59,0.56,31
2.68,0.48,31
-2.67,0.49,31
-1.57,0.68,31
2.82,0.44,31
-1.24,0.59,31
1.59,0.58,31
3.04,0.53,31
-2.7,0.47,31
0.42,0.42,31
-1.57,0.53,31
-1.65,0.55,31
1.79,0.64,31
2.55,0.5,31
1.19,0.57,31
2.54,0.45,31
2.7,0.52,31
0.68,0.42,31
2.25,0.59,31
-2.15,0.55,31
2.34,0.55,31
0.66,0.49,31
0.65,0.49,31
2.9,0.53,31
2.9,0.49,31
-1.37,0.53,31
-0.32,0.44,31
-2.75,0.39,31
1.64,0.6,31
-1.79,0.58,31
1.25,0.65,31
-1.13,0.52,31
2.27,0.58,31
2.94,0.48,31
3.03,0.46,31
-0.92,0.56,31
-2.15,0.48,31
-1.17,0.52,31
-3.05,0.46,31
0.62,0.5,31
1.67,0.57,31
1.65,0.55,31
1.65,0.54,31
2.28,0.56,31
0.46,0.45,31
1.2,0.64,31
-3.12,0.53,31
0.58,0.47,31
-2.16,0.55,31
-2.16,0.54,31
-1.59,0.6,31
1.76,0.57,31
-1.36,0.57,31
-0.36,0.49,31
-1.59,0.56,31
-1.59,0.53,31
0.57,0.49,31
-1.61,0.62,31
0.56,0.48,31
2.9,0.48,31
2.33,0.56,31
-0.9,0.48,31
0.06,0.5,31
-2.05,0.5,31
1.21,0.63,31
1.74,0.58,31
1.71,0.61,31
-1.08,0.59,31
-2.48,0.5,31
-2.68,0.55,30
-2.32,0.47,30
-0.9,0.58,30
-2.05,0.55,30
-0.5,0.45,30
-0.79,0.53,30
1.22,0.66,30
2.99,0.51,30
-1.78,0.56,30
-1.78,0.58,30
-1.78,0.61,30
-1.47,0.66,30
1.98,0.59,30
-0.38,0.48,30
0.53,0.48,30
-2.58,0.52,30
1.24,0.53,30
-1.27,0.61,30
1.24,0.6,30
-1.0,0.53,30
-1.0,0.63,30
1.22,0.53,30
2.53,0.53,30
1.25,0.5,30
2.41,0.53,30
0.03,0.38,30
0.03,0.4,30
-2.53,0.44,30
-2.3,0.53,30
1.59,0.57,30
1.59,0.61,30
-2.96,0.41,30
-2.73,0.56,30
0.51,0.48,30
0.71,0.49,30
0.24,0.45,30
0.24,0.53,30
2.75,0.47,30
3.1,0.5,30
-0.17,0.45,30
1.96,0.53,30
1.96,0.56,30
-1.22,0.59,30
-0.81,0.56,30
2.96,0.49,30
2.68,0.5,30
-2.6,0.5,30
0.75,0.47,30
1.25,0.54,30
1.25,0.57,30
0.96,0.47,30
-2.09,0.58,30
-1.41,0.52,30
-1.41,0.53,30
-1.15,0.55,30
1.45,0.6,30
-0.58,0.51,30
-0.58,0.52,30
-1.05,0.55,30
0.02,0.44,30
1.26,0.52,30
0.09,0.45,30
1.26,0.56,30
0.55,0.45,30
0.55,0.49,30
-2.66,0.46,30
-1.18,0.73,30
-2.5,0.46,30
-2.39,0.48,30
2.42,0.57,30
3.1,0.48,30
0.66,0.47,30
-2.81,0.49,30
2.5,0.53,30
-2.06,0.57,30
-2.69,0.46,30
1.17,0.58,30
2.91,0.42,30
2.91,0.47,30
-1.39,0.66,30
2.67,0.44,30
2.81,0.52,30
-2.79,0.41,30
-0.42,0.47,30
1.85,0.62,30
-2.38,0.51,30
-0.69,0.54,30
-3.07,0.45,30
0.86,0.51,30
0.49,0.47,30
-1.36,0.56,30
-3.12,0.54,30
-1.57,0.72,30
-1.3,0.55,30
-2.81,0.46,30
1.79,0.6,30
0.69,0.45,30
-0.19,0.44,30
-3.12,0.49,30
1.42,0.69,30
-1.42,0.65,30
-1.52,0.63,30
2.09,0.6,30
-1.72,0.63,30
-1.84,0.55,30
0.1,0.53,30
1.31,0.57,30
-1.81,0.55,30
-1.8,0.57,30
2.01,0.62,30
-1.48,0.59,30
-1.48,0.62,30
1.12,0.64,30
2.02,0.59,30
2.98,0.46,30
-1.13,0.58,30
-0.36,0.48,30
3.12,0.52,30
-2.44,0.53,30
-0.24,0.55,30
1.54,0.63,30
1.54,0.64,30
-2.99,0.51,30
-2.98,0.45,30
1.76,0.63,30
-1.59,0.57,30
-1.65,0.64,30
-1.84,0.64,30
-2.55,0.5,30
-0.88,0.57,30
0.84,0.51,30
-2.11,0.54,30
-0.21,0.47,30
-1.7,0.58,30
0.88,0.5,30
1.63,0.66,30
-1.99,0.52,30
-1.62,0.62,30
-1.19,0.54,30
-0.85,0.63,30
-1.49,0.55,30
-0.02,0.48,30
1.32,0.64,30
0.14,0.46,30
0.14,0.52,30
-1.18,0.51,30
-0.76,0.53,30
-0.99,0.58,30
-0.99,0.62,30
-1.82,0.6,30
2.29,0.58,30
-2.87,0.47,30
0.35,0.46,30
-2.83,0.46,30
-2.07,0.58,30
1.09,0.62,30
0.58,0.41,30
0.58,0.58,30
0.83,0.55,30
-1.88,0.57,30
-1.88,0.59,30
-2.55,0.46,30
0.21,0.47,30
-2.33,0.51,30
-0.12,0.45,30
0.19,0.4,30
-0.05,0.4,30
-0.34,0.48,30
1.77,0.64,30
-1.17,0.54,30
2.58,0.5,30
2.94,0.52,30
2.27,0.53,30
-1.73,0.6,30
-2.01,0.58,30
-1.84,0.67,30
1.4,0.62,30
-1.73,0.55,30
1.51,0.66,30
1.38,0.56,30
0.83,0.49,30
2.17,0.53,30
2.66,0.46,30
-2.41,0.46,30
1.91,0.54,30
-1.83,0.53,30
2.61,0.51,30
2.61,0.52,30
0.17,0.45,30
-0.8,0.56,30
-1.74,0.56,30
-1.74,0.62,30
-0.98,0.54,30
-0.98,0.58,30
3.04,0.52,30
1.6,0.64,30
-0.89,0.76,30
-2.62,0.54,30
3.07,0.47,30
-2.9,0.45,30
-2.39,0.5,30
-1.74,0.51,30
-0.67,0.52,30
-0.67,0.54,30
-2.37,0.49,30
-0.08,0.52,30
1.35,0.62,30
-0.91,0.54,30
0.55,0.43,30
1.68,0.57,30
-2.98,0.53,30
-3.14,0.56,30
-1.09,0.55,30
1.81,0.59,30
1.57,0.65,30
1.57,0.7,30
-0.48,0.46,30
-3.01,0.5,30
0.91,0.54,30
-2.21,0.5,30
0.93,0.53,30
1.47,0.51,30
1.75,0.64,30
-2.68,0.5,30
3.14,0.21,30
1.21,0.54,30
-3.14,0.53,30
2.81,0.46,29
-1.23,0.54,29
1.71,0.56,29
1.46,0.57,29
-1.25,0.61,29
0.92,0.52,29
0.9,0.57,29
1.21,0.6,29
2.37,0.56,29
-0.74,0.53,29
1.68,0.58,29
1.72,0.63,29
1.91,0.67,29
-0.67,0.53,29
-1.43,0.6,29
1.07,0.51,29
-2.18,0.52,29
-1.23,0.61,29
-1.5,0.62,29
0.16,0.46,29
1.36,0.6,29
2.36,0.62,29
0.41,0.51,29
-1.65,0.65,29
0.69,0.48,29
1.6,0.68,29
-1.91,0.63,29
-1.91,0.58,29
2.66,0.53,29
-0.34,0.47,29
0.18,0.49,29
-1.5,0.63,29
-1.83,0.54,29
-0.07,0.44,29
-2.08,0.57,29
1.38,0.62,29
1.38,0.57,29
-0.84,0.64,29
2.48,0.5,29
-2.29,0.5,29
-0.56,0.56,29
-0.56,0.52,29
-0.56,0.5,29
-0.56,0.46,29
-0.57,0.53,29
0.83,0.5,29
1.52,0.61,29
-0.7,0.56,29
1.53,0.59,29
1.89,0.58,29
1.02,0.51,29
1.01,0.54,29
1.37,0.6,29
2.27,0.66,29
2.94,0.49,29
2.94,0.47,29
-0.61,0.48,29
-0.76,0.54,29
0.46,0.48,29
-0.9,0.64,29
-2.56,0.55,29
2.72,0.5,29
2.03,0.7,29
1.1,0.54,29
0.15,0.44,29
1.92,0.57,29
-0.06,0.53,29
-0.92,0.63,29
-1.17,0.5,29
-1.42,0.56,29
1.01,0.52,29
1.84,0.65,29
1.5,0.61,29
-2.4,0.5,29
3.05,0.48,29
0.36,0.45,29
1.53,0.57,29
1.52,0.62,29
-1.89,0.62,29
0.35,0.5,29
1.66,0.63,29
1.34,0.57,29
2.92,0.53,29
-1.49,0.64,29
2.99,0.55,29
-1.62,0.6,29
-1.55,0.64,29
-1.7,0.67,29
-2.88,0.5,29
-1.04,0.59,29
0.84,0.56,29
1.41,0.6,29
2.22,0.58,29
-1.89,0.55,29
1.83,0.62,29
-2.44,0.54,29
-2.44,0.48,29
2.37,0.62,29
-2.77,0.47,29
2.98,0.58,29
-1.75,0.59,29
2.76,0.54,29
-0.09,0.49,29
-1.85,0.69,29
-1.85,0.59,29
-1.85,0.58,29
-0.14,0.46,29
-2.28,0.49,29
-2.28,0.51,29
-1.63,0.55,29
3.03,0.55,29
-3.12,0.5,29
-3.12,0.46,29
0.64,0.5,29
0.64,0.48,29
-2.31,0.5,29
-0.19,0.51,29
-2.14,0.59,29
-2.14,0.53,29
-1.64,0.64,29
2.71,0.5,29
1.79,0.62,29
1.79,0.58,29
1.61,0.59,29
-2.81,0.48,29
-1.57,0.67,29
-1.57,0.66,29
2.82,0.5,29
-0.55,0.51,29
2.69,0.44,29
-1.24,0.55,29
2.79,0.5,29
0.0,0.54,29
-0.36,0.51,29
0.9,0.48,29
2.87,0.44,29
-0.69,0.48,29
0.89,0.52,29
-2.88,0.41,29
1.85,0.58,29
-1.34,0.57,29
-0.53,0.61,29
-0.37,0.54,29
2.0,0.59,29
-2.91,0.46,29
1.27,0.65,29
1.27,0.58,29
-0.65,0.56,29
-1.76,0.66,29
0.66,0.5,29
-1.03,0.52,29
1.44,0.58,29
2.42,0.55,29
1.62,0.63,29
-2.5,0.43,29
0.97,0.53,29
-1.18,0.61,29
-1.41,0.54,29
2.51,0.61,29
2.73,0.43,29
-1.01,0.58,29
1.18,0.64,29
2.52,0.5,29
-2.63,0.55,29
0.0,0.53,29
2.0,0.69,29
-1.11,0.55,29
0.26,0.54,29
0.92,0.6,29
-2.1,0.57,29
-0.18,0.49,29
-0.87,0.6,29
0.97,0.49,29
0.96,0.52,29
0.95,0.59,29
-1.39,0.6,29
2.21,0.61,29
-0.81,0.54,29
2.92,0.49,29
-0.77,0.56,29
0.56,0.44,29
2.41,0.51,29
1.48,0.62,29
-2.0,0.63,29
-0.39,0.42,29
2.25,0.66,29
-1.06,0.55,29
-0.31,0.46,29
-1.4,0.62,29
-2.21,0.53,29
-1.29,0.58,29
2.11,0.58,29
-2.19,0.51,29
2.32,0.61,29
2.83,0.51,29
-1.24,0.65,29
1.59,0.54,29
-3.1,0.54,29
0.28,0.5,29
-1.77,0.54,29
-1.47,0.62,29
-1.0,0.55,29
1.24,0.55,29
1.97,0.6,29
1.87,0.68,29
1.45,0.63,29
-1.94,0.63,29
-0.79,0.54,29
1.72,0.56,29
0.5,0.46,29
2.74,0.44,28
-2.32,0.56,28
-2.05,0.69,28
1.2,0.56,28
-2.25,0.51,28
-3.01,0.48,28
1.22,0.56,28
-2.98,0.46,28
1.22,0.52,28
-1.6,0.65,28
1.86,0.64,28
1.86,0.57,28
-1.86,0.59,28
-1.71,0.63,28
0.27,0.49,28
-1.25,0.57,28
-0.39,0.47,28
-1.64,0.58,28
2.34,0.56,28
1.61,0.61,28
2.7,0.47,28
-1.52,0.58,28
0.94,0.56,28
-3.03,0.46,28
-1.2,0.62,28
-0.47,0.51,28
-1.53,0.7,28
1.62,0.66,28
2.75,0.5,28
1.44,0.57,28
-0.6,0.54,28
2.44,0.54,28
-2.42,0.48,28
1.45,0.54,28
-0.58,0.48,28
2.14,0.57,28
-1.4,0.63,28
2.4,0.56,28
-1.87,0.62,28
1.88,0.56,28
-1.52,0.61,28
-2.59,0.51,28
2.34,0.53,28
0.44,0.47,28
2.36,0.53,28
0.68,0.52,28
-1.64,0.6,28
-1.97,0.62,28
-2.15,0.58,28
2.1,0.59,28
-1.14,0.54,28
2.44,0.51,28
-2.22,0.58,28
-2.57,0.53,28
2.87,0.47,28
2.63,0.55,28
-2.28,0.57,28
-2.28,0.56,28
-1.42,0.58,28
0.63,0.49,28
-1.31,0.54,28
-0.32,0.51,28
-2.15,0.68,28
0.32,0.51,28
0.3,0.47,28
-0.2,0.58,28
-0.2,0.49,28
-0.21,0.51,28
0.21,0.46,28
-1.51,0.66,28
-2.33,0.54,28
1.01,0.5,28
0.98,0.54,28
0.21,0.52,28
1.84,0.61,28
1.5,0.63,28
-2.4,0.56,28
-1.55,0.57,28
-1.21,0.55,28
-1.21,0.54,28
2.07,0.62,28
2.07,0.58,28
2.07,0.51,28
1.39,0.6,28
1.39,0.58,28
1.39,0.54,28
1.39,0.53,28
1.41,0.61,28
-0.08,0.5,28
-1.43,0.61,28
-0.8,0.55,28
-0.8,0.53,28
1.78,0.58,28
1.04,0.53,28
2.06,0.54,28
0.19,0.44,28
1.9,0.6,28
-1.65,0.66,28
-2.96,0.48,28
-0.28,0.5,28
-0.98,0.55,28
-0.98,0.51,28
2.05,0.58,28
-1.43,0.59,28
-2.18,0.56,28
-1.63,0.66,28
-0.97,0.54,28
-1.5,0.58,28
-1.12,0.59,28
1.36,0.56,28
2.48,0.55,28
2.67,0.51,28
2.88,0.5,28
0.36,0.49,28
1.08,0.6,28
1.35,0.52,28
2.58,0.54,28
0.48,0.48,28
-0.35,0.53,28
-0.33,0.49,28
1.1,0.61,28
-2.71,0.51,28
-1.44,0.63,28
-0.05,0.46,28
-0.05,0.43,28
1.92,0.62,28
0.82,0.59,28
0.8,0.5,28
0.34,0.48,28
0.34,0.44,28
2.39,0.59,28
-2.55,0.58,28
2.66,0.69,28
-1.89,0.58,28
-0.76,0.6,28
2.49,0.56,28
1.92,0.66,28
2.33,0.53,28
-1.59,0.58,28
1.67,0.56,28
-1.93,0.61,28
0.77,0.5,28
-2.99,0.58,28
-2.44,0.51,28
-3.04,0.5,28
0.38,0.49,28
0.1,0.51,28
3.08,0.52,28
1.3,0.64,28
-1.45,0.69,28
-3.08,0.5,28
1.13,0.52,28
1.13,0.49,28
0.13,0.5,28
1.14,0.59,28
1.14,0.54,28
-2.24,0.52,28
0.11,0.5,28
0.11,0.49,28
-1.8,0.56,28
1.32,0.59,28
0.1,0.52,28
1.55,0.53,28
0.43,0.51,28
2.93,0.54,28
-1.67,0.62,28
-1.67,0.57,28
1.28,0.6,28
0.0,0.57,28
-1.61,0.57,28
-2.77,0.49,28
-0.74,0.55,28
2.57,0.57,28
2.0,0.56,28
-2.91,0.5,28
0.09,0.47,28
-2.04,0.58,28
0.02,0.49,28
0.02,0.47,28
0.0,0.52,28
-1.67,0.74,28
-2.87,0.51,28
2.96,0.47,28
-0.77,0.55,28
-1.35,0.59,28
2.3,0.59,28
2.3,0.56,28
0.55,0.51,28
0.52,0.54,28
-1.1,0.61,28
-1.22,0.52,28
-1.24,0.49,28
1.59,0.6,28
-2.3,0.59,28
-2.78,0.54,28
-2.53,0.52,28
0.04,0.51,28
-2.63,0.5,28
-1.79,0.6,28
1.96,0.73,28
-2.26,0.48,28
1.19,0.61,28
1.19,0.6,28
1.99,0.57,28
2.92,0.52,28
-1.0,0.59,28
1.19,0.65,28
-0.64,0.5,28
-1.79,0.53,28
-2.92,0.48,28
3.01,0.48,28
-1.9,0.7,28
1.81,0.58,28
0.41,0.43,28
1.71,0.6,28
2.32,0.65,28
1.72,0.58,28
3.14,0.27,28
1.73,0.6,27
1.21,0.55,27
1.69,0.61,27
-1.94,0.58,27
-2.98,0.47,27
-1.09,0.62,27
-0.74,0.52,27
-2.48,0.49,27
2.21,0.68,27
0.72,0.6,27
0.73,0.5,27
-1.66,0.72,27
-0.89,0.56,27
-2.3,0.51,27
-0.82,0.59,27
-0.82,0.64,27
-0.81,0.6,27
-1.66,0.61,27
-2.13,0.56,27
0.74,0.5,27
-1.11,0.59,27
2.2,0.58,27
0.38,0.43,27
0.41,0.45,27
0.75,0.48,27
-0.71,0.51,27
-0.55,0.53,27
0.41,0.48,27
0.43,0.43,27
0.43,0.48,27
0.38,0.46,27
0.4,0.52,27
-3.04,0.51,27
-3.04,0.52,27
-0.93,0.62,27
-1.39,0.59,27
0.77,0.49,27
2.19,0.66,27
1.54,0.67,27
1.82,0.64,27
2.18,0.57,27
2.18,0.6,27
2.38,0.57,27
-2.36,0.53,27
2.93,0.5,27
-1.91,0.54,27
0.41,0.58,27
1.51,0.67,27
-1.99,0.57,27
1.52,0.6,27
3.05,0.46,27
-1.21,0.58,27
-0.94,0.58,27
2.16,0.61,27
2.16,0.65,27
-2.62,0.49,27
-1.04,0.54,27
0.28,0.53,27
2.16,0.55,27
1.61,0.57,27
-1.97,0.58,27
0.67,0.54,27
0.68,0.51,27
-2.29,0.54,27
1.85,0.65,27
1.49,0.67,27
0.3,0.5,27
2.4,0.52,27
2.14,0.52,27
-2.72,0.49,27
-0.21,0.46,27
2.14,0.53,27
-0.58,0.55,27
-1.4,0.56,27
-1.37,0.59,27
1.62,0.6,27
-0.4,0.54,27
0.44,0.49,27
-2.86,0.45,27
-2.86,0.53,27
1.47,0.63,27
1.47,0.64,27
1.48,0.58,27
2.13,0.68,27
-0.18,0.47,27
-2.0,0.56,27
1.87,0.58,27
-3.03,0.49,27
-3.03,0.57,27
0.94,0.58,27
0.96,0.56,27
-0.69,0.55,27
-0.75,0.56,27
-1.18,0.56,27
-2.42,0.5,27
-1.52,0.65,27
1.62,0.62,27
2.26,0.57,27
2.81,0.49,27
-0.42,0.49,27
1.43,0.67,27
1.88,0.66,27
-2.94,0.47,27
-2.94,0.52,27
-0.13,0.48,27
-1.85,0.66,27
-2.22,0.6,27
-0.96,0.56,27
-0.6,0.6,27
-2.59,0.46,27
-2.31,0.53,27
2.94,0.53,27
-0.5,0.56,27
3.03,0.57,27
0.63,0.53,27
1.42,0.56,27
-0.11,0.49,27
1.41,0.58,27
0.19,0.5,27
2.06,0.66,27
1.39,0.66,27
-3.0,0.52,27
1.04,0.48,27
1.04,0.59,27
1.78,0.62,27
-2.15,0.52,27
0.6,0.49,27
2.27,0.6,27
-2.02,0.59,27
-1.32,0.56,27
-1.32,0.6,27
1.05,0.55,27
1.05,0.58,27
2.06,0.59,27
-2.27,0.53,27
-1.5,0.64,27
2.05,0.6,27
1.07,0.57,27
-0.98,0.59,27
2.48,0.57,27
-2.23,0.52,27
-2.23,0.54,27
-1.12,0.64,27
-2.46,0.51,27
3.01,0.56,27
2.28,0.66,27
0.47,0.47,27
-2.03,0.56,27
1.35,0.58,27
1.09,0.53,27
-0.84,0.57,27
-1.44,0.56,27
-1.44,0.58,27
0.14,0.55,27
-3.08,0.55,27
-3.02,0.51,27
-3.02,0.59,27
-1.28,0.59,27
-1.82,0.64,27
0.59,0.42,27
-1.93,0.58,27
-1.59,0.63,27
1.13,0.62,27
-1.75,0.58,27
1.94,0.62,27
-1.13,0.62,27
1.31,0.62,27
1.93,0.6,27
-2.04,0.59,27
-1.8,0.66,27
1.3,0.56,27
-2.8,0.47,27
2.91,0.51,27
-0.73,0.5,27
-1.61,0.59,27
-1.61,0.61,27
-1.36,0.51,27
1.28,0.59,27
-1.76,0.57,27
1.16,0.58,27
-0.65,0.55,27
-1.01,0.6,27
-2.91,0.47,27
1.17,0.54,27
-2.65,0.57,27
0.07,0.49,27
0.02,0.43,27
1.95,0.65,27
1.95,0.66,27
-1.01,0.54,27
1.67,0.64,27
0.55,0.53,27
2.3,0.54,27
-1.07,0.62,27
1.96,0.59,27
-1.77,0.72,27
-1.77,0.6,27
2.53,0.57,27
1.24,0.62,27
1.25,0.61,27
-2.71,0.54,27
-1.19,0.57,27
1.23,0.63,27
-0.63,0.47,27
1.24,0.59,27
2.77,0.49,27
-3.01,0.49,27
1.23,0.61,27
-1.13,0.55,27
2.31,0.6,27
-0.9,0.57,27
-1.95,0.66,26
-1.95,0.69,26
-3.14,0.48,26
-1.08,0.57,26
2.23,0.59,26
-2.14,0.63,26
-2.73,0.51,26
-2.73,0.53,26
1.49,0.64,26
-2.38,0.56,26
2.87,0.56,26
-0.68,0.52,26
-1.62,0.67,26
2.28,0.62,26
-2.13,0.58,26
0.59,0.46,26
2.28,0.59,26
2.27,0.54,26
-1.66,0.71,26
-1.87,0.65,26
-2.37,0.46,26
-2.37,0.53,26
-0.64,0.56,26
-1.23,0.58,26
-0.73,0.54,26
-2.16,0.63,26
0.76,0.59,26
0.57,0.55,26
0.58,0.51,26
2.2,0.59,26
2.2,0.62,26
-1.05,0.58,26
3.12,0.42,26
1.86,0.67,26
1.86,0.74,26
1.46,0.66,26
-2.74,0.46,26
-2.74,0.52,26
-0.63,0.54,26
-1.04,0.53,26
0.57,0.53,26
-1.11,0.62,26
2.85,0.56,26
-2.5,0.53,26
-0.59,0.5,26
-0.59,0.51,26
-0.59,0.54,26
2.84,0.5,26
-2.57,0.47,26
1.43,0.62,26
-1.99,0.65,26
-0.76,0.57,26
1.88,0.74,26
1.43,0.53,26
-2.57,0.55,26
-2.36,0.51,26
-1.85,0.54,26
2.83,0.59,26
-2.98,0.54,26
-2.98,0.59,26
3.1,0.51,26
0.79,0.54,26
0.79,0.56,26
-2.12,0.6,26
-2.61,0.63,26
0.53,0.53,26
2.19,0.79,26
0.77,0.55,26
2.92,0.48,26
-0.77,0.62,26
-2.01,0.53,26
-0.53,0.57,26
1.89,0.62,26
-0.52,0.51,26
0.5,0.49,26
2.32,0.56,26
0.52,0.47,26
-1.89,0.57,26
2.93,0.56,26
-1.31,0.7,26
1.4,0.57,26
-1.31,0.62,26
-0.49,0.54,26
2.79,0.53,26
-0.79,0.59,26
-1.89,0.61,26
-2.34,0.55,26
1.75,0.6,26
-2.46,0.49,26
-2.11,0.58,26
-2.18,0.57,26
2.16,0.63,26
0.47,0.54,26
0.49,0.5,26
-1.59,0.69,26
1.82,0.6,26
1.9,0.62,26
1.82,0.68,26
1.55,0.61,26
1.55,0.63,26
1.55,0.64,26
-0.45,0.51,26
-2.65,0.59,26
1.91,0.68,26
-1.34,0.6,26
2.96,0.57,26
1.75,0.59,26
-2.19,0.53,26
0.42,0.49,26
2.36,0.51,26
2.34,0.61,26
0.44,0.53,26
-1.34,0.67,26
-0.41,0.48,26
-0.41,0.51,26
-0.41,0.53,26
-0.82,0.58,26
-0.39,0.53,26
-1.35,0.53,26
-0.38,0.49,26
1.33,0.53,26
1.57,0.68,26
1.57,0.69,26
-2.77,0.55,26
2.73,0.48,26
2.73,0.59,26
-0.34,0.51,26
1.57,0.72,26
1.57,0.78,26
-0.83,0.62,26
1.93,0.61,26
-0.33,0.56,26
-1.37,0.58,26
2.69,0.59,26
2.68,0.52,26
-0.85,0.6,26
2.38,0.54,26
0.92,0.55,26
2.12,0.69,26
0.36,0.51,26
0.37,0.54,26
1.75,0.67,26
1.27,0.57,26
-3.1,0.46,26
1.59,0.62,26
-0.23,0.52,26
2.65,0.59,26
-0.2,0.48,26
1.59,0.71,26
-0.86,0.57,26
-0.16,0.47,26
-1.41,0.61,26
-1.41,0.66,26
-0.15,0.43,26
3.08,0.49,26
2.39,0.62,26
-1.71,0.59,26
-2.83,0.45,26
-2.69,0.41,26
-1.18,0.62,26
1.6,0.63,26
-1.78,0.57,26
-2.64,0.6,26
-3.01,0.47,26
-1.78,0.66,26
-2.79,0.56,26
-1.91,0.67,26
-2.79,0.58,26
-2.79,0.59,26
1.22,0.61,26
-2.28,0.52,26
-1.54,0.67,26
-0.88,0.58,26
-0.1,0.53,26
-0.09,0.48,26
-1.43,0.53,26
-0.08,0.51,26
3.01,0.5,26
-2.27,0.51,26
2.58,0.66,26
1.18,0.53,26
1.18,0.55,26
-0.04,0.5,26
-0.04,0.52,26
-2.43,0.54,26
2.09,0.58,26
-2.21,0.58,26
2.1,0.57,26
0.29,0.49,26
2.4,0.53,26
0.31,0.45,26
1.17,0.52,26
1.17,0.63,26
2.0,0.61,26
-1.76,0.63,26
-2.06,0.61,26
1.62,0.64,26
1.15,0.62,26
0.0,0.6,26
-1.46,0.6,26
2.02,0.57,26
-0.96,0.6,26
0.26,0.42,26
0.98,0.59,26
-0.97,0.5,26
-0.97,0.64,26
1.12,0.59,26
0.05,0.47,26
-2.25,0.54,26
1.11,0.59,26
-1.75,0.6,26
3.04,0.51,26
-0.92,0.55,26
-0.92,0.6,26
-1.48,0.58,26
-1.48,0.67,26
0.11,0.48,26
-0.93,0.57,26
-2.82,0.54,26
0.23,0.51,26
2.44,0.56,26
0.99,0.62,26
0.24,0.48,26
2.43,0.54,26
-1.92,0.66,26
-2.24,0.6,26
-1.74,0.63,26
0.13,0.48,26
0.14,0.47,26
2.48,0.59,26
1.78,0.65,26
-2.56,0.52,26
-0.95,0.59,26
0.2,0.43,26
1.02,0.59,26
2.45,0.58,26
-1.73,0.61,26
1.02,0.53,26
1.76,0.69,26
1.77,0.63,26
-1.5,0.61,26
-1.5,0.7,26
2.47,0.52,26
1.04,0.57,26
-2.08,0.55,26
0.18,0.47,26
-3.14,0.55,26
-0.73,0.75,26
-1.88,0.9,26
1.84,0.67,26
1.72,0.57,26
3.12,0.54,26
-1.63,0.7,26
2.22,0.56,26
-1.65,0.57,26
0.67,0.46,26
2.29,0.55,25
-1.63,0.67,25
-1.95,0.61,25
0.59,0.54,25
-1.1,0.56,25
0.61,0.47,25
-1.07,0.58,25
1.73,0.59,25
-3.12,0.48,25
1.71,0.53,25
2.46,0.57,25
2.46,0.6,25
0.21,0.5,25
-3.08,0.52,25
-1.5,0.65,25
3.14,0.26,25
-2.85,0.51,25
2.2,0.66,25
-1.05,0.54,25
-2.47,0.53,25
2.9,0.58,25
-2.37,0.55,25
-1.27,0.58,25
1.86,0.59,25
-1.28,0.6,25
-1.28,0.63,25
-0.61,0.5,25
1.7,0.67,25
-1.74,0.58,25
-1.49,0.67,25
-1.92,0.59,25
3.04,0.54,25
1.06,0.56,25
1.06,0.59,25
2.05,0.62,25
0.18,0.54,25
-1.15,0.65,25
1.7,0.68,25
2.19,0.64,25
-1.67,0.53,25
0.54,0.53,25
0.56,0.46,25
-2.47,0.58,25
-1.11,0.5,25
1.44,0.56,25
-2.94,0.49,25
1.01,0.56,25
0.24,0.44,25
2.08,0.68,25
-2.7,0.54,25
1.08,0.61,25
2.04,0.57,25
2.04,0.62,25
1.07,0.56,25
0.12,0.46,25
0.12,0.53,25
-2.63,0.52,25
0.09,0.46,25
1.1,0.56,25
-2.81,0.59,25
2.04,0.68,25
-0.95,0.56,25
0.23,0.5,25
0.23,0.52,25
1.88,0.64,25
-1.85,0.61,25
-0.56,0.54,25
-2.94,0.6,25
-2.75,0.5,25
-1.6,0.63,25
-2.61,0.52,25
2.08,0.63,25
0.27,0.47,25
0.27,0.52,25
-1.93,0.57,25
3.07,0.48,25
-0.97,0.57,25
-2.89,0.52,25
-0.91,0.59,25
1.12,0.61,25
2.54,0.54,25
-2.25,0.56,25
0.07,0.43,25
0.07,0.48,25
0.77,0.53,25
2.19,0.6,25
-0.77,0.59,25
1.42,0.58,25
-1.3,0.64,25
2.81,0.53,25
-0.53,0.48,25
1.83,0.66,25
-1.94,0.65,25
-2.26,0.54,25
-1.46,0.57,25
2.54,0.5,25
0.81,0.51,25
0.8,0.49,25
-1.59,0.65,25
-1.59,0.66,25
-1.68,0.58,25
0.52,0.45,25
-1.84,0.61,25
-0.51,0.56,25
-2.72,0.6,25
2.41,0.57,25
2.1,0.53,25
0.97,0.54,25
-1.93,0.76,25
-1.96,0.6,25
-1.17,0.63,25
-2.67,0.58,25
-1.76,0.61,25
1.62,0.65,25
3.02,0.53,25
-0.79,0.56,25
-1.89,0.64,25
-1.89,0.67,25
1.39,0.64,25
-3.0,0.53,25
-1.32,0.59,25
2.78,0.48,25
-2.76,0.48,25
-2.46,0.52,25
3.01,0.47,25
-2.67,0.47,25
1.19,0.63,25
2.6,0.58,25
2.59,0.51,25
-0.06,0.5,25
-2.59,0.49,25
2.09,0.62,25
-1.69,0.71,25
0.84,0.54,25
0.48,0.5,25
1.82,0.65,25
-1.33,0.72,25
2.77,0.53,25
1.37,0.58,25
-1.33,0.57,25
-3.07,0.58,25
-3.07,0.6,25
2.11,0.56,25
2.12,0.6,25
0.93,0.57,25
-1.55,0.61,25
-0.11,0.5,25
1.2,0.62,25
1.55,0.56,25
-2.65,0.52,25
-0.44,0.49,25
-1.34,0.75,25
1.91,0.58,25
-2.88,0.54,25
1.79,0.63,25
2.62,0.53,25
2.62,0.54,25
1.21,0.64,25
-0.12,0.46,25
-0.12,0.54,25
-3.01,0.55,25
-0.11,0.48,25
1.76,0.56,25
1.76,0.66,25
0.31,0.49,25
-2.62,0.58,25
-1.54,0.62,25
2.39,0.58,25
-1.78,0.62,25
-0.14,0.54,25
-1.78,0.65,25
-1.91,0.61,25
2.15,0.56,25
2.15,0.62,25
0.43,0.54,25
2.96,0.59,25
1.34,0.6,25
-2.03,0.58,25
-0.41,0.56,25
-1.82,0.65,25
-0.4,0.46,25
-1.98,0.65,25
-0.81,0.57,25
1.92,0.68,25
-1.35,0.52,25
-1.35,0.54,25
2.74,0.54,25
-0.38,0.57,25
0.89,0.56,25
1.8,0.6,25
-2.64,0.49,25
-0.19,0.45,25
-1.41,0.59,25
1.96,0.64,25
1.67,0.63,25
-1.55,0.63,25
0.89,0.57,25
0.39,0.47,25
0.39,0.51,25
0.4,0.5,25
-1.7,0.59,25
-1.02,0.57,25
1.75,0.58,25
1.32,0.6,25
-2.04,0.64,25
2.66,0.55,25
1.95,0.64,25
-0.22,0.48,25
-1.79,0.68,25
-0.21,0.52,25
2.65,0.57,25
1.25,0.64,25
-1.4,0.64,25
2.72,0.47,25
-1.81,0.62,25
-1.81,0.82,25
1.31,0.54,25
-1.37,0.69,25
2.71,0.53,25
2.69,0.49,25
1.29,0.57,25
2.98,0.54,25
2.12,0.65,25
2.13,0.6,25
2.14,0.55,25
1.75,0.66,25
1.68,0.6,25
1.27,0.61,25
2.67,0.54,25
-0.28,0.46,25
-0.28,0.59,25
-0.27,0.43,25
-0.27,0.44,25
-1.8,0.67,25
1.95,0.57,25
1.51,0.55,25
1.48,0.68,25
1.48,0.61,25
-0.66,0.52,25
-3.12,0.52,25
-1.11,0.63,25
-2.08,0.59,25
-2.95,0.51,25
-2.95,0.55,25
-1.25,0.67,25
-2.38,0.57,25
-2.55,0.54,25
-1.62,0.64,25
-1.66,0.62,25
0.71,0.51,25
0.7,0.53,25
0.74,0.55,24
-2.13,0.54,24
2.87,0.55,24
-1.25,0.64,24
1.5,0.71,24
-1.24,0.56,24
-1.24,0.53,24
1.04,0.63,24
-0.65,0.58,24
-1.26,0.56,24
1.85,0.66,24
-1.87,0.71,24
-0.73,0.59,24
-1.66,0.68,24
2.27,0.64,24
-1.65,0.68,24
0.91,0.61,24
0.35,0.53,24
-1.9,0.66,24
-2.78,0.45,24
1.28,0.56,24
-2.04,0.62,24
1.94,0.68,24
-1.8,0.61,24
-0.28,0.53,24
-2.58,0.54,24
-1.39,0.58,24
-0.24,0.49,24
-3.1,0.53,24
1.27,0.66,24
-2.3,0.54,24
-3.1,0.55,24
3.09,0.56,24
0.38,0.54,24
0.9,0.53,24
1.29,0.64,24
1.29,0.59,24
2.7,0.6,24
-0.32,0.57,24
-1.37,0.6,24
2.71,0.64,24
2.72,0.52,24
-2.96,0.52,24
1.25,0.74,24
1.95,0.69,24
-1.19,0.61,24
-2.42,0.6,24
1.59,0.65,24
1.59,0.63,24
1.81,0.63,24
-2.77,0.5,24
1.68,0.71,24
1.68,0.67,24
2.37,0.58,24
2.37,0.55,24
-1.57,0.73,24
-1.7,0.64,24
-2.2,0.54,24
-0.99,0.6,24
-1.41,0.65,24
-1.41,0.58,24
-0.16,0.53,24
-0.17,0.5,24
1.25,0.58,24
-1.4,0.68,24
-0.86,0.62,24
3.09,0.59,24
1.68,0.65,24
-0.37,0.53,24
2.74,0.57,24
-2.32,0.58,24
-0.38,0.54,24
2.96,0.54,24
2.96,0.52,24
-1.98,0.64,24
1.57,0.64,24
1.34,0.65,24
-0.8,0.61,24
0.86,0.52,24
2.36,0.59,24
-2.19,0.55,24
-2.79,0.52,24
-2.64,0.56,24
1.23,0.6,24
1.23,0.54,24
-2.51,0.5,24
-2.97,0.5,24
-1.0,0.57,24
-2.69,0.56,24
-1.71,0.71,24
0.34,0.45,24
2.39,0.64,24
1.98,0.56,24
1.22,0.59,24
-1.18,0.59,24
-2.88,0.63,24
-2.88,0.53,24
-1.01,0.56,24
-2.93,0.51,24
-2.03,0.6,24
2.75,0.51,24
1.35,0.59,24
2.76,0.57,24
1.36,0.72,24
-1.21,0.6,24
-2.05,0.6,24
-2.05,0.58,24
3.0,0.52,24
1.6,0.7,24
-3.03,0.56,24
-3.03,0.55,24
0.33,0.52,24
0.33,0.49,24
-0.8,0.64,24
-1.83,0.67,24
1.82,0.66,24
1.82,0.61,24
-1.94,0.59,24
-1.59,0.67,24
0.82,0.5,24
2.33,0.63,24
-2.21,0.57,24
-1.17,0.57,24
-1.44,0.59,24
-0.05,0.47,24
-0.06,0.51,24
-2.27,0.54,24
1.98,0.65,24
-0.89,0.57,24
1.81,0.77,24
-2.76,0.57,24
2.78,0.57,24
2.78,0.54,24
1.38,0.61,24
1.39,0.59,24
-0.48,0.55,24
3.02,0.59,24
-0.91,0.66,24
1.16,0.64,24
1.16,0.61,24
-1.96,0.61,24
2.4,0.62,24
1.9,0.56,24
1.89,0.74,24
-0.79,0.63,24
1.82,0.77,24
0.52,0.49,24
2.32,0.64,24
0.8,0.55,24
0.99,0.55,24
0.98,0.58,24
3.06,0.53,24
1.78,0.66,24
2.55,0.54,24
2.55,0.48,24
-1.46,0.65,24
1.14,0.79,24
0.0,0.58,24
2.56,0.52,24
1.15,0.57,24
-2.8,0.51,24
-0.9,0.61,24
-3.06,0.54,24
-1.59,0.62,24
-1.12,0.6,24
-0.51,0.5,24
-0.52,0.47,24
1.42,0.57,24
2.82,0.57,24
1.12,0.54,24
-0.91,0.61,24
-1.14,0.61,24
-1.6,0.66,24
0.52,0.51,24
-0.77,0.52,24
1.54,0.6,24
-0.56,0.48,24
-2.01,0.6,24
-1.99,0.63,24
1.43,0.59,24
2.84,0.57,24
2.08,0.5,24
-2.07,0.56,24
-2.07,0.53,24
2.5,0.57,24
-3.02,0.54,24
-1.16,0.61,24
0.08,0.5,24
0.07,0.58,24
0.12,0.45,24
-2.9,0.53,24
-0.93,0.61,24
2.44,0.57,24
1.01,0.62,24
2.08,0.55,24
-2.94,0.58,24
2.85,0.49,24
-2.16,0.58,24
0.56,0.54,24
2.3,0.63,24
2.31,0.63,24
-1.04,0.57,24
1.77,0.6,24
0.15,0.5,24
0.14,0.53,24
2.49,0.49,24
2.05,0.65,24
-0.94,0.54,24
-1.74,0.64,24
-1.99,0.58,24
1.44,0.63,24
1.45,0.62,24
1.74,0.69,24
0.64,0.52,24
2.47,0.6,24
2.47,0.54,24
0.17,0.52,24
-3.08,0.53,24
-2.23,0.49,24
1.65,0.71,24
1.02,0.55,24
-1.73,0.66,24
0.22,0.53,24
1.71,0.62,24
2.26,0.62,24
0.73,0.51,24
1.84,0.63,24
-0.72,0.55,24
-1.88,0.6,24
3.14,0.23,24
-2.68,0.48,24
-1.09,0.6,24
-3.14,0.61,24
-3.14,0.6,24
1.73,0.67,24
-1.64,0.61,24
-1.1,0.63,24
-1.95,0.64,23
-2.68,0.52,23
-3.1,0.49,23
3.12,0.53,23
-2.53,0.57,23
-3.05,0.57,23
1.5,0.57,23
1.5,0.62,23
1.5,0.65,23
-0.71,0.6,23
0.63,0.47,23
0.72,0.48,23
2.99,0.5,23
-3.1,0.56,23
-2.29,0.55,23
-0.18,0.53,23
-0.26,0.51,23
1.28,0.62,23
1.95,0.63,23
-2.78,0.48,23
-2.78,0.55,23
-1.19,0.79,23
1.97,0.58,23
0.61,0.48,23
2.27,0.61,23
2.88,0.61,23
0.73,0.53,23
1.72,0.65,23
-2.51,0.53,23
1.6,0.66,23
1.23,0.67,23
2.63,0.56,23
-0.15,0.66,23
-2.64,0.58,23
-0.27,0.49,23
-0.27,0.52,23
-0.13,0.5,23
-2.79,0.53,23
-1.91,0.64,23
-1.91,0.71,23
1.74,0.65,23
-2.66,0.55,23
-2.13,0.6,23
0.73,0.56,23
-1.42,0.63,23
-1.42,0.72,23
-2.28,0.59,23
-0.12,0.55,23
-0.1,0.51,23
-0.29,0.49,23
2.7,0.54,23
2.7,0.55,23
2.7,0.57,23
1.3,0.6,23
2.69,0.53,23
-0.07,0.58,23
2.29,0.65,23
-2.85,0.56,23
1.48,0.71,23
-2.55,0.55,23
-1.88,0.78,23
1.74,0.63,23
1.99,0.63,23
-1.37,0.64,23
-0.32,0.55,23
-0.04,0.53,23
-1.17,0.58,23
-0.83,0.56,23
1.31,0.63,23
-0.02,0.46,23
1.71,0.7,23
0.76,0.57,23
1.93,0.66,23
-0.02,0.49,23
1.16,0.69,23
-2.8,0.57,23
-2.8,0.58,23
-1.45,0.61,23
2.73,0.58,23
-1.36,0.61,23
-0.9,0.6,23
-1.17,0.66,23
-2.26,0.52,23
-2.26,0.57,23
-2.77,0.56,23
-3.04,0.53,23
1.74,0.56,23
-1.26,0.59,23
-1.26,0.63,23
2.19,0.63,23
0.02,0.48,23
-2.32,0.62,23
-0.37,0.59,23
-1.2,0.71,23
-1.2,0.73,23
1.14,0.67,23
1.63,0.72,23
1.78,0.72,23
2.03,0.6,23
1.12,0.58,23
0.06,0.51,23
-2.37,0.56,23
-2.0,0.79,23
-2.12,0.61,23
-2.12,0.65,23
-1.47,0.74,23
-0.81,0.62,23
1.92,0.65,23
-2.63,0.56,23
-1.75,0.73,23
2.52,0.59,23
-1.16,0.58,23
1.92,0.6,23
-0.39,0.45,23
-1.48,0.61,23
0.51,0.5,23
-1.03,0.6,23
-2.0,0.61,23
-0.64,0.53,23
2.86,0.53,23
0.79,0.51,23
-0.8,0.59,23
-1.34,0.66,23
1.34,0.66,23
1.34,0.67,23
1.09,0.58,23
-2.07,0.51,23
3.04,0.56,23
-2.93,0.46,23
-2.7,0.52,23
-1.16,0.56,23
-2.24,0.58,23
-3.06,0.5,23
-3.06,0.52,23
-0.74,0.65,23
2.9,0.54,23
1.46,0.65,23
0.81,0.53,23
0.49,0.64,23
2.04,0.58,23
2.04,0.61,23
0.12,0.51,23
1.35,0.69,23
-1.74,0.65,23
1.64,0.62,23
-2.65,0.47,23
1.36,0.65,23
-0.43,0.54,23
-0.43,0.63,23
3.05,0.49,23
-0.94,0.62,23
0.48,0.69,23
-1.27,0.65,23
-0.62,0.51,23
0.13,0.57,23
-0.8,0.65,23
1.82,0.69,23
1.55,0.66,23
-0.45,0.52,23
0.15,0.56,23
0.16,0.53,23
1.77,0.68,23
0.17,0.55,23
-0.45,0.49,23
-1.33,0.59,23
0.84,0.53,23
-0.62,0.55,23
1.45,0.7,23
0.83,0.52,23
0.83,0.53,23
-2.11,0.61,23
1.77,0.71,23
-2.4,0.55,23
-1.83,0.62,23
1.65,0.67,23
-0.95,0.71,23
1.03,0.56,23
1.03,0.6,23
-0.46,0.52,23
-0.46,0.56,23
2.07,0.67,23
1.52,0.65,23
-2.46,0.54,23
-2.46,0.56,23
-1.69,0.61,23
3.06,0.5,23
0.23,0.47,23
1.0,0.59,23
-1.52,0.68,23
0.99,0.6,23
1.0,0.57,23
0.25,0.59,23
2.43,0.59,23
1.66,0.75,23
-1.89,0.68,23
3.06,0.54,23
0.42,0.52,23
-1.23,0.63,23
-1.23,0.64,23
2.43,0.62,23
2.08,0.59,23
2.42,0.61,23
0.28,0.46,23
-2.09,0.65,23
0.28,0.51,23
0.28,0.59,23
0.29,0.48,23
0.97,0.57,23
-0.79,0.65,23
1.89,0.61,23
1.88,0.77,23
-0.52,0.55,23
2.8,0.57,23
1.83,0.63,23
-2.62,0.51,23
-2.94,0.53,23
-0.59,0.58,23
-2.19,0.59,23
0.32,0.44,23
-0.54,0.5,23
-0.53,0.51,23
-3.07,0.59,23
-2.09,0.62,23
-2.52,0.51,23
-1.22,0.65,23
0.93,0.58,23
-1.55,0.67,23
1.67,0.66,23
3.08,0.51,23
3.08,0.53,23
0.88,0.55,23
1.68,0.66,23
-1.71,0.68,23
-2.2,0.58,23
-2.75,0.53,23
-0.55,0.59,23
-2.83,0.58,23
-2.97,0.55,23
-1.13,0.6,23
2.38,0.59,23
-2.36,0.56,23
-0.57,0.55,23
0.92,0.56,23
0.9,0.6,23
2.14,0.59,23
0.38,0.48,23
-0.76,0.62,23
-0.75,0.75,23
-2.01,0.65,23
-2.01,0.68,23
-2.46,0.76,23
-3.14,0.57,23
-3.14,0.58,23
-1.07,0.6,23
0.71,0.48,23
-2.86,0.54,23
-2.86,0.57,23
0.67,0.53,23
-3.05,0.49,22
1.5,0.74,22
1.25,0.68,22
1.25,0.71,22
-2.29,0.6,22
-0.85,0.58,22
-2.96,0.53,22
1.8,0.61,22
1.8,0.65,22
0.38,0.52,22
-2.01,0.72,22
-3.14,0.63,22
1.73,0.69,22
-1.09,0.58,22
1.8,0.66,22
-0.19,0.55,22
-2.78,0.51,22
-1.98,0.57,22
1.24,0.63,22
-0.15,0.5,22
2.28,0.6,22
-2.1,0.63,22
-2.83,0.48,22
-2.83,0.56,22
-1.0,0.66,22
-3.14,0.68,22
-1.29,0.66,22
-0.57,0.57,22
-1.85,0.62,22
-1.85,0.65,22
2.38,0.69,22
-1.56,0.7,22
1.72,0.71,22
1.23,0.64,22
-3.01,0.58,22
-2.51,0.54,22
-2.04,0.61,22
-0.15,0.58,22
-2.57,0.57,22
-2.57,0.49,22
-1.99,0.79,22
-0.55,0.57,22
2.82,0.54,22
-0.27,0.6,22
-2.79,0.49,22
-1.91,0.68,22
1.6,0.67,22
-1.62,0.7,22
-2.6,0.56,22
2.29,0.6,22
0.59,0.58,22
2.28,0.57,22
-0.87,0.56,22
-0.87,0.61,22
1.97,0.62,22
1.21,0.72,22
-0.84,0.7,22
1.21,0.58,22
-2.52,0.5,22
-2.52,0.55,22
2.92,0.59,22
1.42,0.66,22
1.42,0.79,22
2.12,0.61,22
-3.03,0.58,22
-1.96,0.59,22
2.13,0.7,22
0.88,0.54,22
-0.59,0.59,22
-0.58,0.56,22
-2.19,0.6,22
0.87,0.54,22
0.87,0.61,22
0.32,0.55,22
1.41,0.67,22
1.41,0.74,22
-0.53,0.54,22
0.33,0.46,22
2.61,0.54,22
-2.58,0.66,22
1.29,0.58,22
1.29,0.61,22
-0.29,0.52,22
1.19,0.66,22
-1.43,0.78,22
-1.54,0.66,22
-1.54,0.68,22
0.96,0.53,22
-0.51,0.52,22
1.54,0.65,22
-1.54,0.65,22
-2.62,0.53,22
-2.5,0.57,22
2.6,0.53,22
-1.77,0.76,22
1.98,0.64,22
-0.06,0.54,22
-2.85,0.48,22
0.75,0.75,22
-1.62,0.63,22
-1.31,0.66,22
0.28,0.58,22
0.3,0.58,22
-0.98,0.73,22
2.94,0.54,22
-1.84,0.65,22
-0.5,0.49,22
-1.93,0.67,22
1.51,0.56,22
1.99,0.68,22
-1.77,0.65,22
-1.44,0.65,22
-0.04,0.48,22
-0.04,0.49,22
1.18,0.61,22
2.79,0.59,22
-0.79,0.57,22
2.42,0.58,22
-1.93,0.6,22
-1.14,0.59,22
-1.14,0.71,22
-2.89,0.55,22
1.4,0.63,22
3.01,0.58,22
-1.97,0.68,22
-0.04,0.57,22
-3.09,0.59,22
-0.83,0.55,22
-2.41,0.54,22
2.0,0.63,22
2.31,0.55,22
0.54,0.52,22
1.52,0.68,22
2.85,0.51,22
2.34,0.59,22
0.26,0.5,22
-2.34,0.59,22
-1.87,0.68,22
1.71,0.59,22
-0.33,0.52,22
-0.33,0.53,22
-0.02,0.52,22
2.57,0.59,22
2.57,0.65,22
-2.06,0.66,22
-1.76,0.74,22
-2.06,0.59,22
-1.45,0.78,22
2.56,0.62,22
2.73,0.61,22
-1.36,0.6,22
-0.36,0.66,22
-1.32,0.69,22
3.06,0.51,22
3.06,0.52,22
-2.82,0.57,22
0.23,0.56,22
-2.22,0.56,22
-2.22,0.63,22
0.25,0.55,22
-0.47,0.54,22
-0.97,0.68,22
0.42,0.5,22
1.52,0.64,22
1.69,0.73,22
1.69,0.74,22
0.45,0.49,22
0.45,0.52,22
0.22,0.48,22
-1.73,0.69,22
-0.47,0.58,22
-2.34,0.58,22
-1.32,0.64,22
3.02,0.45,22
1.15,0.72,22
-1.9,0.69,22
1.32,0.74,22
-1.36,0.62,22
-2.54,0.62,22
0.53,0.54,22
2.19,0.59,22
-2.59,0.53,22
-2.76,0.52,22
-1.51,0.7,22
-1.28,0.67,22
-0.61,0.57,22
-0.67,0.61,22
-0.66,0.54,22
-1.04,0.65,22
-2.93,0.56,22
0.02,0.53,22
0.02,0.55,22
0.04,0.5,22
-0.92,0.7,22
1.63,0.55,22
1.63,0.67,22
3.03,0.58,22
2.53,0.63,22
-1.6,0.71,22
-2.0,0.67,22
1.47,0.61,22
2.33,0.62,22
0.47,0.51,22
0.82,0.47,22
-2.72,0.55,22
1.37,0.64,22
1.37,0.65,22
-1.15,0.71,22
-3.12,0.55,22
-3.12,0.57,22
-2.17,0.57,22
-2.17,0.58,22
-2.12,0.57,22
-2.12,0.59,22
1.12,0.53,22
-1.47,0.65,22
-0.39,0.55,22
1.64,0.65,22
-2.9,0.58,22
-3.08,0.51,22
-1.5,0.77,22
0.17,0.56,22
2.77,0.5,22
1.9,0.7,22
0.18,0.53,22
0.19,0.55,22
-0.95,0.6,22
0.46,0.5,22
-0.63,0.53,22
-0.63,0.58,22
2.85,0.6,22
-1.94,0.62,22
-1.33,0.62,22
0.07,0.46,22
-0.4,0.57,22
-0.4,0.58,22
3.03,0.66,22
0.51,0.52,22
0.52,0.55,22
1.83,0.69,22
-2.98,0.58,22
3.1,0.53,22
1.09,0.6,22
1.1,0.58,22
2.95,0.5,22
2.95,0.55,22
1.36,0.61,22
-3.11,0.61,22
1.78,0.61,22
-2.74,0.57,22
-2.74,0.62,22
1.92,0.59,22
-2.03,0.63,22
1.91,0.63,22
-1.34,0.61,22
-1.12,0.58,22
-1.59,0.64,22
0.81,0.54,22
0.81,0.56,22
2.18,0.71,22
2.04,0.55,22
2.04,0.63,22
-0.42,0.5,22
-0.42,0.52,22
-0.42,0.55,22
1.35,0.68,22
2.99,0.58,22
-2.58,0.5,22
1.96,0.6,22
-0.25,0.55,22
-2.04,0.56,22
2.66,0.6,22
-0.21,0.62,22
3.12,0.5,22
1.26,0.66,22
-2.04,0.63,22
-2.04,0.69,22
-2.04,0.7,22
2.25,0.63,22
2.24,0.64,22
-3.14,0.62,22
1.84,0.71,22
0.67,0.6,22
1.5,0.75,21
-3.14,0.65,21
-2.14,0.66,21
-2.86,0.62,21
-1.24,0.69,21
0.69,0.55,21
-2.92,0.53,21
-0.86,0.69,21
2.64,0.53,21
-0.17,0.51,21
-2.78,0.57,21
-2.64,0.64,21
0.61,0.5,21
2.88,0.57,21
-0.7,0.51,21
-1.25,0.62,21
-1.13,0.72,21
-1.29,0.69,21
2.83,0.52,21
2.38,0.63,21
-1.56,0.76,21
-2.44,0.57,21
-1.49,0.76,21
2.17,0.64,21
0.49,0.54,21
-1.59,0.61,21
2.95,0.62,21
1.08,0.65,21
1.08,0.68,21
-2.07,0.64,21
-1.92,0.62,21
2.75,0.56,21
-1.92,0.68,21
-1.92,0.72,21
-2.24,0.57,21
-2.24,0.64,21
-1.12,0.56,21
0.09,0.49,21
2.51,0.59,21
-1.68,0.66,21
-2.0,0.59,21
-0.64,0.57,21
2.86,0.54,21
-2.98,0.6,21
1.09,0.69,21
-3.02,0.53,21
2.96,0.63,21
-2.56,0.64,21
1.64,0.61,21
1.36,0.62,21
-0.44,0.6,21
-0.43,0.59,21
3.05,0.57,21
2.05,0.67,21
2.05,0.73,21
-0.8,0.62,21
-1.33,0.66,21
-0.45,0.54,21
1.06,0.61,21
0.15,0.51,21
2.53,0.6,21
-1.75,0.67,21
2.52,0.6,21
-1.16,0.59,21
1.63,0.75,21
-0.41,0.66,21
-1.82,0.66,21
-1.82,0.59,21
-0.92,0.58,21
-2.17,0.6,21
-2.61,0.54,21
-2.12,0.67,21
0.06,0.55,21
-0.81,0.65,21
1.92,0.72,21
1.11,0.62,21
-1.5,0.73,21
-1.33,0.7,21
2.77,0.56,21
-2.84,0.5,21
-2.18,0.6,21
1.86,0.63,21
-0.62,0.5,21
-1.94,0.68,21
-1.12,0.54,21
2.02,0.64,21
-2.54,0.49,21
1.14,0.64,21
2.55,0.51,21
-0.91,0.62,21
2.54,0.57,21
0.06,0.52,21
0.46,0.57,21
1.45,0.69,21
-0.62,0.63,21
0.47,0.56,21
1.77,0.72,21
-0.46,0.59,21
-1.83,0.75,21
1.37,0.63,21
1.65,0.66,21
0.19,0.57,21
0.2,0.48,21
-1.51,0.68,21
0.21,0.51,21
0.21,0.56,21
1.52,0.58,21
-1.11,0.68,21
-2.37,0.52,21
-1.26,0.67,21
-2.68,0.57,21
-1.67,0.65,21
-3.09,0.63,21
-0.38,0.55,21
-1.2,0.64,21
2.97,0.55,21
1.57,0.67,21
0.45,0.59,21
-2.34,0.56,21
-0.47,0.63,21
1.62,0.79,21
-0.91,0.69,21
3.02,0.6,21
2.97,0.56,21
-1.36,0.66,21
0.0,0.64,21
2.01,0.69,21
1.71,0.71,21
-0.95,0.69,21
1.03,0.58,21
-0.46,0.5,21
1.55,0.68,21
2.46,0.76,21
1.93,0.72,21
1.31,0.69,21
-0.02,0.5,21
2.57,0.61,21
-1.76,0.67,21
-2.06,0.63,21
-1.36,0.7,21
1.62,0.68,21
1.01,0.68,21
-2.22,0.55,21
-0.48,0.5,21
-2.45,0.5,21
2.16,0.58,21
1.69,0.72,21
-2.46,0.57,21
-1.69,0.64,21
-1.96,0.62,21
-1.96,0.64,21
1.69,0.64,21
-1.86,0.67,21
0.26,0.46,21
1.39,0.71,21
-1.84,0.68,21
0.56,0.58,21
-0.73,0.64,21
-0.68,0.63,21
-1.87,0.66,21
-1.87,0.69,21
-0.67,0.57,21
1.71,0.67,21
2.2,0.72,21
1.93,0.64,21
3.07,0.58,21
3.07,0.6,21
2.1,0.63,21
-2.89,0.56,21
-1.31,0.77,21
1.18,0.67,21
-0.04,0.55,21
-0.83,0.71,21
2.71,0.56,21
2.58,0.6,21
0.55,0.61,21
2.3,0.64,21
1.52,0.66,21
2.85,0.59,21
-1.69,0.72,21
0.44,0.55,21
-1.89,0.75,21
-0.79,0.77,21
-0.51,0.57,21
1.76,0.62,21
-2.55,0.51,21
-1.05,0.62,21
-1.05,0.69,21
1.99,0.65,21
1.18,0.68,21
1.18,0.81,21
-2.31,0.55,21
-0.32,0.5,21
1.3,0.72,21
0.98,0.61,21
2.08,0.61,21
2.42,0.6,21
-2.5,0.58,21
-2.94,0.54,21
1.87,0.73,21
-0.31,0.56,21
-0.31,0.59,21
1.3,0.63,21
-0.07,0.49,21
-0.06,0.55,21
-0.06,0.56,21
2.29,0.61,21
0.57,0.59,21
0.58,0.55,21
1.89,0.67,21
-0.49,0.57,21
2.1,0.76,21
2.4,0.63,21
1.41,0.68,21
-0.54,0.53,21
-0.1,0.56,21
1.2,0.58,21
1.2,0.71,21
1.29,0.62,21
-1.9,0.63,21
-0.08,0.54,21
-0.08,0.55,21
-0.08,0.57,21
-2.67,0.56,21
1.41,0.66,21
1.83,0.58,21
0.95,0.56,21
0.95,0.6,21
-1.57,0.83,21
0.74,0.53,21
-1.62,0.72,21
-1.42,0.62,21
-1.42,0.66,21
-2.28,0.67,21
-0.29,0.6,21
1.42,0.63,21
0.93,0.61,21
0.93,0.62,21
-1.55,0.68,21
2.14,0.67,21
2.84,0.61,21
-0.59,0.55,21
-1.57,0.65,21
-1.57,0.71,21
-3.07,0.57,21
-1.02,0.67,21
2.39,0.61,21
-1.71,0.7,21
1.54,0.61,21
0.34,0.6,21
2.62,0.6,21
-1.78,0.71,21
-0.14,0.52,21
-1.8,0.65,21
-0.13,0.49,21
-0.88,0.73,21
1.74,0.64,21
-2.66,0.53,21
-2.38,0.54,21
1.85,0.7,21
0.74,0.52,21
-1.66,0.69,21
0.73,0.54,21
0.62,0.56,21
1.72,0.76,21
-1.06,0.67,21
-1.18,0.64,21
1.8,0.67,21
-2.96,0.59,21
1.23,0.58,21
1.23,0.71,21
-1.99,0.69,21
-2.55,0.59,21
-1.7,0.74,21
-1.7,0.68,21
-1.7,0.73,21
0.4,0.58,21
-1.88,0.66,21
2.89,0.55,21
-0.71,0.59,21
0.63,0.58,21
-0.85,0.55,21
1.27,0.69,21
-2.96,0.54,21
-0.76,0.59,21
-1.29,0.64,21
-1.01,0.76,21
1.75,0.65,21
3.09,0.65,21
1.73,0.66,21
1.73,0.68,21
-2.48,0.57,21
3.12,0.58,21
-3.06,0.51,21
2.33,0.57,21
0.8,0.52,21
2.04,0.64,21
2.04,0.67,21
-1.49,0.75,21
1.59,0.64,21
1.59,0.66,21
-2.92,0.49,21
-0.25,0.56,21
-2.3,0.64,21
1.26,0.69,21
-3.1,0.51,21
-0.22,0.54,21
0.65,0.56,21
-2.53,0.53,21
-1.95,0.7,20
-1.95,0.65,20
-2.02,0.69,20
-2.02,0.73,20
-1.32,0.65,20
-1.51,0.71,20
-2.14,0.57,20
0.69,0.54,20
2.23,0.66,20
1.84,0.64,20
-1.07,0.64,20
2.22,0.6,20
2.24,0.65,20
-2.53,0.56,20
-2.3,0.73,20
-0.22,0.53,20
1.66,0.71,20
1.66,0.72,20
1.66,0.74,20
1.76,0.75,20
2.78,0.6,20
-2.76,0.54,20
-2.02,0.61,20
-2.76,0.6,20
1.54,0.71,20
0.19,0.52,20
2.67,0.58,20
-0.21,0.5,20
-0.2,0.6,20
-2.15,0.6,20
0.64,0.56,20
0.65,0.6,20
-0.96,0.52,20
-1.21,0.66,20
-2.72,0.52,20
-1.83,0.71,20
1.37,0.59,20
0.72,0.57,20
2.88,0.63,20
2.99,0.56,20
2.99,0.57,20
1.27,0.6,20
-1.79,0.63,20
-1.79,0.69,20
-1.79,0.75,20
2.89,0.51,20
1.9,0.69,20
1.9,0.72,20
1.03,0.68,20
-2.08,0.61,20
1.05,0.62,20
-2.23,0.55,20
-3.0,0.54,20
-3.0,0.61,20
-1.63,0.77,20
2.63,0.59,20
-0.87,0.66,20
3.12,0.55,20
3.12,0.56,20
-1.14,0.64,20
-2.23,0.61,20
0.17,0.51,20
1.06,0.66,20
0.15,0.48,20
-2.34,0.65,20
2.79,0.56,20
-2.99,0.57,20
-1.89,0.65,20
-1.63,0.68,20
-2.53,0.6,20
2.21,0.73,20
2.27,0.63,20
1.28,0.63,20
1.95,0.61,20
-2.78,0.59,20
1.24,0.56,20
-1.4,0.67,20
0.28,0.45,20
-2.89,0.59,20
0.98,0.55,20
1.64,0.75,20
-1.74,0.75,20
-1.21,0.57,20
0.27,0.55,20
0.27,0.56,20
-1.93,0.64,20
-0.7,0.61,20
-0.7,0.64,20
0.74,0.62,20
2.21,0.58,20
-2.6,0.6,20
-2.42,0.55,20
1.23,0.68,20
-0.27,0.63,20
-0.27,0.67,20
-1.38,0.56,20
2.4,0.55,20
2.4,0.66,20
0.31,0.48,20
2.1,0.61,20
-1.21,0.63,20
2.94,0.58,20
-0.45,0.53,20
1.4,0.68,20
2.79,0.69,20
-1.41,0.73,20
-1.38,0.63,20
-1.38,0.74,20
-2.64,0.53,20
-1.18,0.67,20
-2.49,0.55,20
0.73,0.59,20
0.6,0.57,20
-0.51,0.61,20
-1.93,0.69,20
-1.93,0.73,20
-2.21,0.61,20
-1.72,0.81,20
-1.72,0.7,20
-2.09,0.64,20
-2.33,0.59,20
-0.44,0.5,20
-2.09,0.66,20
0.3,0.51,20
-1.62,0.68,20
2.68,0.57,20
2.8,0.51,20
1.54,0.66,20
-1.54,0.63,20
-0.79,0.81,20
-2.24,0.65,20
-2.9,0.54,20
-1.84,0.6,20
2.8,0.67,20
-0.51,0.55,20
-2.66,0.6,20
-2.73,0.48,20
2.87,0.51,20
-1.91,0.74,20
1.6,0.69,20
-2.79,0.61,20
-0.14,0.55,20
-0.69,0.58,20
3.12,0.44,20
-0.54,0.58,20
-3.07,0.62,20
1.76,0.61,20
0.96,0.61,20
-1.74,0.68,20
1.91,0.64,20
1.89,0.65,20
1.74,0.57,20
1.74,0.71,20
-0.12,0.53,20
2.98,0.52,20
1.97,0.63,20
1.97,0.68,20
1.97,0.69,20
-2.85,0.52,20
1.67,0.75,20
3.08,0.5,20
2.11,0.62,20
-3.11,0.59,20
1.56,0.71,20
0.33,0.55,20
-0.77,0.61,20
0.58,0.6,20
1.51,0.68,20
-3.01,0.56,20
-0.11,0.47,20
-0.73,0.56,20
-0.73,0.57,20
1.85,0.61,20
-2.97,0.57,20
-2.94,0.68,20
1.1,0.66,20
-2.75,0.61,20
2.93,0.61,20
-1.3,0.72,20
1.67,0.73,20
2.98,0.53,20
0.55,0.57,20
-1.48,0.69,20
1.09,0.65,20
-1.82,0.68,20
0.35,0.52,20
-2.69,0.49,20
0.9,0.61,20
-1.82,0.73,20
3.04,0.5,20
2.53,0.56,20
2.14,0.61,20
0.9,0.52,20
2.38,0.6,20
-0.76,0.68,20
2.03,0.65,20
2.52,0.56,20
0.06,0.54,20
-0.75,0.62,20
3.09,0.58,20
-1.26,0.66,20
-0.66,0.55,20
3.11,0.63,20
-2.61,0.57,20
-0.29,0.56,20
-0.11,0.65,20
1.79,0.69,20
-2.61,0.59,20
0.53,0.59,20
0.4,0.46,20
0.4,0.49,20
2.37,0.61,20
-0.39,0.64,20
2.74,0.58,20
2.74,0.52,20
1.33,0.62,20
2.13,0.72,20
1.79,0.59,20
-1.97,0.66,20
-1.03,0.62,20
1.69,0.62,20
2.14,0.66,20
0.39,0.59,20
1.33,0.72,20
-2.03,0.65,20
-2.03,0.68,20
1.11,0.68,20
-1.47,0.63,20
1.63,0.68,20
3.03,0.49,20
-2.57,0.59,20
1.43,0.6,20
-3.12,0.6,20
1.3,0.67,20
-0.3,0.57,20
2.6,0.57,20
1.19,0.72,20
2.86,0.57,20
1.83,0.7,20
2.32,0.58,20
2.32,0.59,20
-2.19,0.64,20
-1.57,0.74,20
-0.39,0.73,20
1.14,0.66,20
-1.57,0.77,20
-1.02,0.59,20
0.51,0.56,20
-1.44,0.68,20
-1.77,0.75,20
-0.31,0.48,20
-1.68,0.69,20
-3.04,0.61,20
-2.88,0.58,20
2.01,0.65,20
1.13,0.58,20
1.13,0.6,20
1.13,0.75,20
2.54,0.53,20
0.0,0.65,20
1.88,0.7,20
-0.59,0.63,20
-2.36,0.62,20
2.84,0.58,20
1.3,0.68,20
1.18,0.56,20
-0.74,0.6,20
2.91,0.56,20
2.91,0.57,20
-0.6,0.57,20
0.41,0.59,20
-0.37,0.58,20
1.81,0.68,20
0.02,0.52,20
-2.77,0.65,20
0.86,0.54,20
-0.9,0.67,20
-0.04,0.56,20
-3.09,0.56,20
-3.09,0.58,20
2.71,0.61,20
-1.37,0.68,20
-1.37,0.73,20
-1.86,0.64,20
1.46,0.67,20
-2.39,0.59,20
0.0,0.61,20
2.55,0.59,20
-1.36,0.72,20
2.56,0.55,20
-2.91,0.55,20
1.92,0.8,20
2.57,0.53,20
0.46,0.55,20
-1.86,0.68,20
-1.27,0.6,20
-1.2,0.59,20
1.93,0.81,20
1.17,0.65,20
-0.04,0.51,20
-2.74,0.6,20
-3.06,0.55,20
0.83,0.56,20
-0.62,0.56,20
-0.62,0.64,20
1.44,0.67,20
1.44,0.68,20
1.16,0.66,20
-1.76,0.62,20
-1.76,0.69,20
0.48,0.58,20
0.49,0.52,20
-0.62,0.53,20
-1.2,0.56,20
-1.1,0.66,20
-1.95,0.75,20
2.21,0.84,20
-1.88,0.67,20
-1.88,0.7,20
-1.88,0.73,20
-1.88,0.74,20
1.77,0.77,20
1.65,0.65,20
2.45,0.57,20
0.22,0.49,20
0.22,0.54,20
0.22,0.58,20
2.78,0.55,20
-1.52,0.66,20
-2.82,0.5,20
3.05,0.59,19
-1.52,0.67,19
0.23,0.57,19
-2.82,0.64,19
-2.59,0.55,19
-1.73,0.72,19
-1.73,0.67,19
-1.73,0.59,19
-1.79,0.62,19
-2.92,0.58,19
0.24,0.55,19
2.42,0.63,19
1.65,0.7,19
1.76,0.73,19
-0.46,0.55,19
2.46,0.56,19
-2.92,0.59,19
1.26,0.59,19
1.26,0.64,19
-2.04,0.68,19
1.25,0.75,19
-0.2,0.54,19
2.66,0.5,19
0.65,0.63,19
-1.94,0.73,19
2.32,0.67,19
2.17,0.76,19
1.86,0.83,19
1.44,0.64,19
-0.61,0.56,19
-2.39,0.58,19
1.69,0.71,19
2.16,0.71,19
2.01,0.6,19
-2.8,0.61,19
-2.06,0.65,19
0.47,0.44,19
0.48,0.6,19
0.49,0.57,19
-1.59,0.68,19
-1.23,0.72,19
2.73,0.56,19
1.62,0.69,19
-0.02,0.54,19
-0.02,0.56,19
-2.84,0.6,19
0.84,0.57,19
2.33,0.59,19
0.85,0.61,19
-1.96,0.68,19
1.69,0.63,19
-1.2,0.58,19
-0.33,0.55,19
1.94,0.59,19
1.17,0.6,19
-1.86,0.63,19
-0.04,0.61,19
-2.91,0.59,19
2.9,0.61,19
-1.94,0.74,19
-1.94,0.76,19
-1.86,0.7,19
-1.28,0.7,19
-1.28,0.74,19
2.35,0.76,19
0.43,0.79,19
2.16,0.59,19
1.32,0.65,19
1.32,0.73,19
0.0,0.56,19
-0.36,0.58,19
-1.23,0.67,19
-0.06,0.58,19
-1.77,0.68,19
-0.06,0.68,19
2.18,0.65,19
2.91,0.55,19
0.87,0.56,19
0.41,0.56,19
-1.2,0.65,19
-2.26,0.55,19
1.57,0.71,19
-1.9,0.75,19
2.97,0.57,19
2.36,0.57,19
0.42,0.57,19
2.91,0.59,19
-0.9,0.68,19
-2.67,0.54,19
2.6,0.56,19
-1.68,0.65,19
-1.68,0.78,19
0.81,0.63,19
2.35,0.67,19
2.35,0.74,19
-1.57,0.78,19
-1.46,0.64,19
-0.6,0.62,19
-3.04,0.63,19
2.0,0.67,19
1.17,0.79,19
1.18,0.59,19
2.59,0.55,19
-0.06,0.52,19
1.51,0.69,19
-2.19,0.68,19
-1.7,0.65,19
-1.7,0.72,19
1.12,0.6,19
2.54,0.58,19
-1.35,0.63,19
-1.35,0.64,19
2.02,0.66,19
-1.57,0.76,19
-2.46,0.59,19
1.18,0.7,19
-2.27,0.63,19
-2.27,0.68,19
3.01,0.55,19
-2.67,0.51,19
2.61,0.57,19
2.69,0.58,19
-2.0,0.64,19
1.47,0.65,19
1.47,0.66,19
-2.37,0.62,19
2.14,0.65,19
0.39,0.73,19
1.78,0.73,19
1.88,0.6,19
-0.3,0.58,19
2.6,0.6,19
-1.43,0.68,19
2.59,0.59,19
-2.66,0.69,19
-0.64,0.58,19
0.77,0.68,19
2.14,0.71,19
0.89,0.59,19
-0.81,0.51,19
1.92,0.71,19
-0.38,0.52,19
2.13,0.76,19
2.38,0.53,19
0.39,0.53,19
-3.04,0.54,19
0.77,0.61,19
0.79,0.57,19
-1.6,0.69,19
-1.6,0.7,19
-1.6,0.72,19
2.59,0.61,19
0.39,0.55,19
0.88,0.58,19
-1.75,0.7,19
2.52,0.62,19
2.52,0.64,19
-1.47,0.64,19
0.06,0.53,19
-0.75,0.71,19
-1.01,0.68,19
3.09,0.6,19
3.11,0.61,19
-3.12,0.56,19
2.31,0.65,19
2.31,0.66,19
-0.85,0.65,19
-0.85,0.72,19
2.51,0.65,19
-2.81,0.53,19
2.83,0.45,19
2.83,0.55,19
-2.94,0.59,19
-1.71,0.75,19
-2.2,0.66,19
0.9,0.58,19
-1.82,0.83,19
-0.82,0.61,19
2.38,0.77,19
0.36,0.57,19
0.89,0.76,19
0.37,0.53,19
0.37,0.59,19
0.35,0.59,19
-0.89,0.67,19
-0.88,0.63,19
-2.49,0.52,19
-0.88,0.69,19
1.2,0.59,19
-0.84,0.59,19
-0.84,0.6,19
0.55,0.55,19
-2.87,0.55,19
-2.16,0.61,19
-1.26,0.77,19
-1.26,0.64,19
-2.36,0.54,19
0.09,0.57,19
0.09,0.58,19
2.51,0.58,19
-0.11,0.56,19
-1.42,0.73,19
1.48,0.67,19
1.71,0.63,19
-1.67,0.64,19
-2.75,0.56,19
-1.34,0.65,19
1.34,0.71,19
1.34,0.74,19
1.08,0.64,19
0.1,0.54,19
-2.75,0.64,19
0.33,0.59,19
1.67,0.72,19
2.19,0.68,19
0.54,0.5,19
1.97,0.66,19
0.57,0.57,19
0.58,0.56,19
-0.98,0.63,19
2.11,0.61,19
2.39,0.65,19
-3.11,0.57,19
1.56,0.7,19
-2.81,0.55,19
2.5,0.58,19
2.92,0.58,19
-0.54,0.56,19
-2.47,0.64,19
2.9,0.66,19
2.9,0.67,19
-0.29,0.64,19
-0.14,0.6,19
-0.69,0.66,19
-0.53,0.53,19
1.4,0.76,19
-2.1,0.7,19
2.1,0.7,19
2.04,0.59,19
1.07,0.67,19
0.11,0.56,19
0.11,0.57,19
1.41,0.65,19
2.2,0.67,19
0.76,0.54,19
-0.12,0.51,19
-2.05,0.62,19
2.97,0.7,19
-1.8,0.71,19
-2.66,0.48,19
1.49,0.66,19
-2.66,0.58,19
2.8,0.54,19
-1.54,0.79,19
-0.79,0.69,19
1.89,0.75,19
1.35,0.63,19
-0.42,0.69,19
0.12,0.54,19
1.85,0.78,19
1.22,0.71,19
-1.91,0.77,19
-2.79,0.65,19
-2.79,0.67,19
-1.66,0.58,19
-0.44,0.53,19
-2.44,0.56,19
0.11,0.58,19
1.91,0.73,19
0.29,0.52,19
-1.62,0.69,19
2.28,0.73,19
-1.25,0.68,19
-0.28,0.58,19
-0.27,0.47,19
-1.8,0.52,19
1.94,0.67,19
1.28,0.7,19
-1.8,0.69,19
-1.8,0.7,19
-0.87,0.64,19
-1.41,0.72,19
-2.09,0.55,19
-1.84,0.84,19
1.4,0.64,19
1.55,0.65,19
-2.7,0.65,19
1.89,0.71,19
2.41,0.59,19
-1.41,0.6,19
-0.26,0.53,19
-1.38,0.66,19
-1.38,0.68,19
2.62,0.62,19
-1.91,0.83,19
0.59,0.51,19
-1.9,0.65,19
-1.41,0.67,19
1.24,0.65,19
1.59,0.68,19
-1.4,0.7,19
1.64,0.64,19
1.64,0.74,19
-2.56,0.58,19
1.77,0.65,19
-1.49,0.77,19
-1.74,0.7,19
-2.21,0.56,19
2.88,0.58,19
-0.7,0.6,19
2.87,0.52,19
-0.87,0.63,19
2.64,0.49,19
2.65,0.52,19
-0.87,0.71,19
1.8,0.74,19
-1.06,0.61,19
-1.06,0.63,19
-1.06,0.65,19
-1.14,0.79,19
2.43,0.6,19
0.26,0.62,19
-0.49,0.59,19
1.05,0.6,19
-2.72,0.63,19
-0.79,0.6,19
-1.63,0.69,19
-2.38,0.66,19
-1.79,0.64,19
1.5,0.64,19
-3.05,0.58,19
-1.63,0.75,19
-1.89,0.71,19
-1.89,0.72,19
2.79,0.61,19
-0.48,0.62,19
1.04,0.54,19
1.39,0.69,19
1.66,0.8,19
3.06,0.55,19
0.63,0.54,19
0.62,0.53,19
-2.29,0.58,19
-0.18,0.6,19
0.65,0.65,19
0.7,0.63,19
-0.96,0.61,19
-1.52,0.69,19
-1.52,0.77,19
2.08,0.66,19
2.08,0.67,19
-1.83,0.7,19
-1.83,0.63,19
-2.33,0.56,19
2.77,0.55,19
2.77,0.62,19
1.0,0.55,19
0.72,0.54,19
-0.85,0.57,19
2.98,0.59,19
2.25,0.7,19
1.38,0.77,19
2.46,0.69,19
0.2,0.54,19
-2.14,0.61,19
1.95,0.72,19
-2.95,0.56,19
2.22,0.63,19
2.22,0.72,19
-2.86,0.58,19
2.26,0.67,19
2.26,0.82,19
-0.24,0.54,19
-0.24,0.57,19
1.96,0.61,19
1.95,0.7,19
2.33,0.6,19
-0.03,0.62,19
-1.81,0.67,19
-1.81,0.71,19
2.72,0.62,19
-0.34,0.6,19
-2.91,0.61,19
-0.83,0.69,19
0.68,0.59,19
-3.14,0.66,19
0.71,0.57,19
0.66,0.52,19
2.25,0.64,19
1.59,0.67,19
-2.71,0.53,19
-0.23,0.56,19
2.24,0.7,18
-1.65,0.69,18
3.14,0.24,18
-1.08,0.61,18
-1.95,0.72,18
3.12,0.66,18
3.12,0.65,18
3.14,0.29,18
2.25,0.75,18
0.2,0.49,18
1.38,0.63,18
-0.96,0.63,18
1.01,0.6,18
-0.24,0.61,18
1.26,0.73,18
1.26,0.7,18
-0.25,0.52,18
2.66,0.58,18
-2.29,0.63,18
1.25,0.8,18
1.25,0.78,18
2.65,0.6,18
-1.39,0.65,18
0.62,0.55,18
0.62,0.51,18
-0.71,0.57,18
2.46,0.64,18
-2.59,0.56,18
2.44,0.61,18
1.77,0.74,18
1.77,0.69,18
1.54,0.69,18
1.54,0.68,18
0.69,0.57,18
-1.08,0.64,18
-1.51,0.75,18
1.66,0.62,18
-2.99,0.56,18
1.66,0.73,18
-0.97,0.67,18
1.9,0.63,18
2.47,0.61,18
-0.95,0.64,18
1.54,0.72,18
1.01,0.58,18
2.89,0.56,18
1.27,0.78,18
1.27,0.68,18
2.98,0.68,18
-2.95,0.68,18
-0.71,0.63,18
-3.05,0.59,18
-2.08,0.81,18
0.18,0.6,18
2.47,0.64,18
-1.83,0.69,18
-1.83,0.66,18
2.79,0.58,18
-2.02,0.64,18
2.64,0.57,18
2.64,0.56,18
1.24,0.7,18
1.25,0.62,18
1.72,0.73,18
0.62,0.6,18
-2.13,0.76,18
-0.71,0.75,18
2.88,0.53,18
-0.86,0.7,18
-2.51,0.49,18
1.58,0.76,18
-2.78,0.63,18
0.59,0.61,18
0.16,0.55,18
1.06,0.67,18
1.06,0.63,18
-1.5,0.76,18
-1.5,0.71,18
2.06,0.64,18
-1.5,0.8,18
-1.5,0.79,18
-2.23,0.59,18
2.08,0.72,18
-1.52,0.82,18
3.06,0.63,18
1.39,0.7,18
2.49,0.58,18
2.48,0.62,18
-2.7,0.62,18
-2.56,0.6,18
-1.84,0.73,18
-2.96,0.58,18
1.8,0.71,18
-1.78,0.77,18
-0.15,0.57,18
-1.38,0.73,18
2.87,0.59,18
1.85,0.81,18
1.94,0.65,18
-1.8,0.83,18
2.68,0.62,18
-0.28,0.51,18
1.71,0.69,18
1.74,0.76,18
-1.31,0.65,18
-1.31,0.63,18
-1.49,0.66,18
2.04,0.7,18
-1.33,0.68,18
0.26,0.53,18
3.07,0.59,18
-0.14,0.53,18
-2.51,0.56,18
-0.69,0.57,18
2.87,0.6,18
0.58,0.52,18
0.75,0.62,18
0.97,0.62,18
-0.42,0.57,18
-0.44,0.62,18
-2.65,0.54,18
0.98,0.63,18
2.79,0.7,18
2.79,0.68,18
-2.85,0.6,18
-2.85,0.49,18
0.57,0.66,18
-0.13,0.58,18
2.97,0.68,18
-2.05,0.78,18
-2.16,0.73,18
-0.68,0.57,18
-0.73,0.63,18
-2.45,0.66,18
-2.45,0.65,18
2.8,0.63,18
-1.92,0.76,18
2.49,0.6,18
-1.34,0.93,18
-1.21,0.64,18
2.1,0.65,18
2.62,0.55,18
1.22,0.69,18
-0.12,0.62,18
1.94,0.79,18
-0.29,0.57,18
-2.47,0.61,18
2.3,0.73,18
2.3,0.69,18
-2.87,0.59,18
2.3,0.66,18
2.1,0.72,18
-0.93,0.68,18
-0.93,0.64,18
3.04,0.6,18
1.07,0.62,18
-1.74,0.69,18
2.04,0.86,18
1.64,0.63,18
-1.93,0.72,18
-0.84,0.56,18
-0.88,0.65,18
0.54,0.66,18
1.71,0.68,18
2.69,0.6,18
-2.17,0.66,18
-0.54,0.6,18
2.81,0.62,18
2.81,0.55,18
2.11,0.66,18
-1.54,0.64,18
1.89,0.84,18
-1.04,0.63,18
-1.26,0.69,18
-2.37,0.5,18
1.47,0.73,18
-3.12,0.64,18
-0.67,0.58,18
-2.68,0.64,18
-1.11,0.69,18
-2.12,0.77,18
0.52,0.69,18
0.77,0.56,18
-1.22,0.66,18
-2.52,0.56,18
-2.81,0.62,18
2.96,0.6,18
2.75,0.64,18
2.75,0.59,18
1.08,0.57,18
0.96,0.65,18
-2.61,0.51,18
0.53,0.61,18
1.79,0.72,18
1.79,0.7,18
-0.11,0.6,18
-0.85,0.66,18
2.69,0.61,18
-2.0,0.69,18
-0.99,0.68,18
3.08,0.55,18
-1.3,0.73,18
0.34,0.51,18
2.93,0.57,18
2.81,0.74,18
1.42,0.62,18
-1.6,0.73,18
-0.09,0.58,18
1.2,0.67,18
-1.97,0.63,18
1.61,0.55,18
1.6,0.86,18
2.59,0.63,18
3.1,0.54,18
1.7,0.65,18
2.86,0.58,18
2.59,0.56,18
-2.07,0.73,18
-2.7,0.58,18
0.1,0.61,18
2.5,0.66,18
-1.71,0.69,18
-1.71,0.67,18
0.33,0.53,18
0.32,0.58,18
-1.43,0.75,18
1.98,0.73,18
-0.3,0.61,18
1.46,0.71,18
1.69,0.82,18
-2.37,0.68,18
-2.68,0.59,18
0.51,0.68,18
-1.0,0.67,18
-1.0,0.61,18
-2.69,0.51,18
-2.83,0.55,18
-2.2,0.62,18
0.34,0.63,18
-2.1,0.59,18
0.91,0.55,18
-0.55,0.55,18
-2.75,0.63,18
-2.75,0.59,18
-1.16,0.66,18
-1.16,0.64,18
-2.81,0.52,18
-2.07,0.7,18
-2.07,0.67,18
-0.58,0.68,18
0.35,0.57,18
0.37,0.56,18
-1.71,0.61,18
0.51,0.63,18
-1.44,0.64,18
-2.27,0.6,18
-2.27,0.58,18
2.32,0.62,18
0.52,0.65,18
3.1,0.55,18
0.5,0.56,18
0.49,0.63,18
-2.7,0.57,18
2.97,0.62,18
-0.4,0.52,18
2.13,0.66,18
2.13,0.64,18
-1.85,0.77,18
-1.85,0.7,18
-0.41,0.59,18
0.8,0.58,18
-1.77,0.64,18
-2.31,0.63,18
-2.31,0.6,18
-0.32,0.58,18
-1.37,0.75,18
-3.04,0.56,18
0.81,0.6,18
-1.03,0.56,18
-2.68,0.62,18
-1.27,0.78,18
2.86,0.65,18
-2.01,0.66,18
1.81,0.62,18
-1.47,0.72,18
-1.75,0.71,18
-0.76,0.66,18
-1.01,0.66,18
-2.63,0.59,18
1.31,0.67,18
-1.17,0.65,18
2.18,0.61,18
2.31,0.72,18
1.87,0.69,18
0.39,0.56,18
1.33,0.61,18
-1.35,0.69,18
1.92,0.69,18
-2.03,0.79,18
-0.39,0.59,18
-0.81,0.59,18
2.14,0.81,18
1.88,0.76,18
1.61,0.73,18
-1.17,0.8,18
2.0,0.64,18
1.17,0.62,18
-1.27,0.57,18
-2.69,0.59,18
2.58,0.64,18
-1.86,0.74,18
-0.58,0.6,18
-0.58,0.58,18
-1.56,0.71,18
2.14,0.63,18
0.48,0.53,18
0.83,0.66,18
2.17,0.66,18
0.46,0.65,18
0.46,0.64,18
-1.12,0.61,18
2.0,0.77,18
-2.8,0.63,18
-0.02,0.62,18
-1.02,0.61,18
-2.46,0.63,18
1.14,0.61,18
1.33,0.81,18
1.92,0.75,18
0.04,0.52,18
2.54,0.6,18
2.37,0.59,18
-1.99,0.68,18
2.33,0.75,18
2.33,0.73,18
-0.62,0.59,18
-0.34,0.58,18
1.31,0.7,18
1.93,0.73,18
0.45,0.66,18
-0.02,0.61,18
1.57,0.76,18
-1.46,0.66,18
-2.26,0.82,18
2.55,0.58,18
2.01,0.66,18
2.84,0.6,18
-1.01,0.62,18
1.68,0.75,18
1.68,0.7,18
-2.8,0.54,18
-1.45,0.71,18
-1.17,0.74,18
-0.35,0.57,18
-0.36,0.69,18
2.58,0.62,18
-2.91,0.56,18
-2.84,0.61,18
-1.28,0.77,18
0.86,0.57,18
2.36,0.63,18
-1.9,0.73,18
-1.46,0.7,18
-0.37,0.56,18
-2.32,0.59,18
2.36,0.56,18
2.84,0.69,18
2.84,0.65,18
0.44,0.62,18
0.44,0.6,18
0.44,0.5,18
2.34,0.64,18
0.46,0.52,18
2.36,0.68,18
0.85,0.55,18
1.87,0.77,18
-0.61,0.6,18
-1.23,0.71,18
-0.36,0.63,18
-0.36,0.57,18
2.01,0.68,18
0.43,0.62,18
-1.24,0.66,18
-0.72,0.57,18
0.67,0.57,18
0.67,0.52,18
-1.64,0.73,18
0.69,0.58,18
-0.23,0.5,18
2.21,0.65,18
-1.19,0.65,18
-1.19,0.63,18
-1.09,0.66,18
-1.1,0.58,17
3.14,0.3,17
-1.09,0.65,17
-2.48,0.55,17
-2.42,0.57,17
-2.42,0.63,17
-0.86,0.75,17
-2.14,0.79,17
-1.88,0.88,17
2.25,0.68,17
0.7,0.54,17
2.22,0.68,17
2.24,0.67,17
-0.47,0.61,17
-0.47,0.56,17
3.05,0.6,17
-0.96,0.76,17
-1.73,0.79,17
1.26,0.74,17
2.26,0.65,17
2.21,0.66,17
-2.3,0.57,17
-2.29,0.61,17
2.65,0.61,17
-1.63,0.72,17
1.01,0.64,17
2.46,0.66,17
-2.59,0.61,17
-1.73,0.68,17
-1.46,0.67,17
-2.32,0.65,17
-2.32,0.64,17
2.15,0.6,17
-2.88,0.65,17
0.4,0.57,17
-1.28,0.68,17
1.44,0.83,17
-1.96,0.7,17
2.34,0.62,17
-1.58,0.74,17
-2.18,0.69,17
-2.84,0.57,17
-0.61,0.65,17
-1.23,0.73,17
-2.39,0.62,17
-2.88,0.61,17
-1.46,0.58,17
-1.46,0.79,17
0.02,0.58,17
1.13,0.67,17
2.01,0.67,17
-2.88,0.57,17
2.15,0.74,17
-1.9,0.85,17
-1.17,0.79,17
-0.36,0.7,17
2.58,0.58,17
-2.91,0.57,17
1.32,0.69,17
2.34,0.58,17
0.42,0.63,17
-2.69,0.68,17
1.16,0.67,17
1.14,0.74,17
1.14,0.63,17
0.02,0.56,17
2.54,0.62,17
2.14,0.73,17
0.38,0.6,17
-0.77,0.67,17
-1.69,0.7,17
1.83,0.78,17
-1.28,0.62,17
-0.83,0.68,17
-2.41,0.56,17
-0.84,0.83,17
-2.11,0.62,17
-0.58,0.66,17
3.03,0.56,17
1.63,0.71,17
-0.92,0.71,17
1.11,0.74,17
2.53,0.61,17
0.04,0.53,17
1.33,0.79,17
1.33,0.67,17
-1.01,0.64,17
0.88,0.57,17
-1.86,0.71,17
2.33,0.65,17
-1.03,0.76,17
-1.59,0.71,17
2.17,0.7,17
0.38,0.65,17
-1.35,0.68,17
0.06,0.56,17
-0.81,0.66,17
1.75,0.73,17
-1.29,0.65,17
-1.29,0.9,17
3.01,0.57,17
-0.04,0.54,17
1.17,0.73,17
-2.69,0.63,17
0.8,0.68,17
0.8,0.62,17
-0.35,0.61,17
-1.86,0.78,17
1.43,0.68,17
-1.75,0.76,17
-0.76,0.71,17
2.38,0.65,17
0.07,0.59,17
-3.02,0.62,17
-0.74,0.74,17
-0.33,0.7,17
-1.44,0.76,17
-0.9,0.72,17
-0.9,0.7,17
0.8,0.59,17
2.18,0.67,17
0.5,0.64,17
1.87,0.61,17
-0.63,0.59,17
-1.17,0.62,17
2.03,0.72,17
2.03,0.68,17
-1.92,0.88,17
-1.82,0.77,17
-1.82,0.74,17
0.9,0.54,17
-2.1,0.61,17
-2.01,0.62,17
-2.31,0.66,17
0.81,0.57,17
1.86,0.78,17
1.86,0.71,17
-0.82,0.62,17
2.52,0.71,17
0.08,0.53,17
-1.75,0.78,17
0.92,0.58,17
1.1,0.63,17
1.63,0.76,17
0.08,0.55,17
0.35,0.68,17
0.36,0.55,17
0.35,0.56,17
3.07,0.71,17
-1.13,0.68,17
-1.44,0.67,17
-1.44,0.84,17
-0.05,0.62,17
0.51,0.61,17
0.51,0.55,17
0.5,0.62,17
0.5,0.53,17
1.34,0.7,17
-1.21,0.73,17
-3.03,0.66,17
0.94,0.62,17
-1.55,0.65,17
1.19,0.78,17
2.69,0.56,17
-0.3,0.51,17
-0.31,0.52,17
-3.12,0.58,17
-1.03,0.64,17
0.52,0.6,17
0.51,0.72,17
-2.2,0.59,17
0.34,0.54,17
2.12,0.67,17
1.67,0.74,17
0.33,0.65,17
0.33,0.62,17
1.42,0.76,17
-1.22,0.62,17
-1.3,0.68,17
-0.77,0.65,17
2.92,0.69,17
1.2,0.74,17
1.2,0.7,17
1.6,0.78,17
3.0,0.62,17
-2.67,0.61,17
-2.07,0.76,17
-2.07,0.74,17
1.08,0.63,17
-2.4,0.63,17
-2.81,0.56,17
-1.92,0.69,17
1.81,0.81,17
1.81,0.78,17
2.04,0.75,17
0.96,0.6,17
0.53,0.57,17
-0.89,0.59,17
2.61,0.61,17
2.61,0.59,17
1.57,0.84,17
-2.37,0.61,17
1.47,0.62,17
-0.66,0.61,17
-0.98,0.61,17
0.31,0.52,17
-1.3,0.63,17
-1.3,0.75,17
0.32,0.54,17
0.95,0.64,17
2.11,0.68,17
1.42,0.72,17
1.35,0.64,17
1.91,0.81,17
-0.98,0.67,17
3.11,0.57,17
-3.12,0.62,17
-2.16,0.59,17
2.29,0.84,17
-2.98,0.65,17
-1.21,0.69,17
1.83,0.67,17
2.8,0.58,17
2.75,0.55,17
0.1,0.63,17
-1.72,0.72,17
-1.72,0.65,17
-0.84,0.67,17
-0.84,0.66,17
-0.88,0.62,17
-0.89,0.74,17
1.6,0.71,17
1.79,0.74,17
0.54,0.6,17
-1.67,0.67,17
1.29,0.7,17
0.77,0.64,17
-0.73,0.72,17
-2.9,0.57,17
-2.24,0.67,17
-1.92,0.74,17
-1.74,0.86,17
0.12,0.55,17
2.75,0.53,17
-1.31,0.69,17
-0.5,0.53,17
-1.42,0.69,17
1.22,0.7,17
1.22,0.68,17
-0.12,0.63,17
1.94,0.74,17
1.94,0.71,17
-0.98,0.65,17
-1.05,0.6,17
2.4,0.65,17
0.28,0.61,17
1.91,0.71,17
-0.43,0.67,17
2.76,0.65,17
-0.94,0.65,17
-0.44,0.58,17
-2.65,0.6,17
2.41,0.6,17
-0.27,0.55,17
-0.12,0.6,17
1.21,0.68,17
1.21,0.66,17
0.76,0.56,17
-1.11,0.79,17
2.04,0.69,17
-2.9,0.63,17
0.14,0.54,17
0.13,0.59,17
-0.45,0.57,17
2.43,0.63,17
-0.97,0.58,17
1.83,0.85,17
-0.69,0.62,17
-0.69,0.6,17
-2.58,0.58,17
-2.51,0.58,17
-1.91,0.73,17
-0.88,0.77,17
1.22,0.77,17
-2.47,0.54,17
-0.17,0.56,17
-1.38,0.75,17
1.85,0.74,17
1.84,0.76,17
1.84,0.75,17
1.84,0.72,17
-2.66,0.5,17
-1.8,0.8,17
1.28,0.74,17
-1.8,0.85,17
2.28,0.72,17
-1.62,0.71,17
2.2,0.69,17
1.74,0.7,17
3.04,0.62,17
-1.49,0.68,17
0.27,0.61,17
-1.53,0.73,17
1.64,0.76,17
-2.56,0.51,17
1.64,0.73,17
-1.53,0.8,17
2.09,0.65,17
0.98,0.65,17
-1.84,0.71,17
-2.34,0.62,17
-0.49,0.79,17
0.59,0.55,17
0.59,0.5,17
-1.91,0.86,17
-1.78,0.72,17
-0.16,0.54,17
1.72,0.7,17
-0.15,0.56,17
-1.91,0.87,17
-2.6,0.58,17
-1.25,0.8,17
-1.25,0.75,17
1.49,0.78,17
2.88,0.54,17
2.64,0.64,17
-2.64,0.46,17
0.6,0.54,17
0.73,0.57,17
0.59,0.59,17
-2.9,0.72,17
2.06,0.65,17
0.26,0.57,17
-3.05,0.61,17
-3.05,0.6,17
1.39,0.65,17
1.05,0.64,17
2.06,0.68,17
0.16,0.61,17
1.9,0.75,17
2.79,0.52,17
1.81,0.76,17
-2.49,0.7,17
1.76,0.67,17
3.12,0.57,17
-0.87,0.74,17
-0.2,0.65,17
-1.79,1.0,17
-2.92,0.68,17
2.45,0.68,17
1.02,0.61,17
-2.99,0.55,17
1.9,0.65,17
-1.15,0.62,17
1.54,0.73,17
1.0,0.68,17
-2.22,0.67,17
0.23,0.6,17
2.89,0.6,17
-1.79,0.74,17
-1.79,0.72,17
-2.3,0.56,17
1.8,0.76,17
-2.73,0.61,17
0.72,0.58,17
0.66,0.54,17
-1.08,0.68,17
1.84,0.68,17
-1.24,0.72,17
-2.14,0.69,17
-2.14,0.65,17
-1.95,0.77,17
3.12,0.68,17
3.12,0.62,17
-1.64,0.65,17
0.7,0.6,17
0.65,0.61,17
2.26,0.6,17
2.78,0.51,17
-1.32,0.68,17
1.38,0.73,17
-0.36,0.6,17
-1.45,0.7,17
0.0,0.62,17
-1.36,0.65,17
1.32,0.71,17
2.15,0.7,17
-1.57,0.82,17
0.86,0.59,17
-0.72,0.61,17
-2.14,0.55,17
-1.64,0.77,17
-1.64,0.75,17
-1.39,0.76,17
-1.39,0.7,17
-1.98,0.66,17
2.25,0.61,17
-1.95,0.74,16
-1.95,0.81,16
2.23,0.64,16
2.67,0.56,16
2.23,0.67,16
1.12,0.69,16
0.05,0.59,16
2.53,0.66,16
-0.54,0.62,16
-1.65,0.71,16
-1.64,0.76,16
0.67,0.58,16
0.67,0.61,16
-1.1,0.68,16
1.11,0.79,16
-2.25,0.59,16
0.04,0.59,16
1.89,0.93,16
0.03,0.63,16
0.04,0.48,16
-0.5,0.62,16
2.81,0.56,16
0.06,0.58,16
-2.35,0.7,16
-2.04,0.74,16
1.74,0.62,16
1.74,0.68,16
1.74,0.75,16
-1.65,0.79,16
-3.02,0.61,16
1.11,0.64,16
2.54,0.68,16
2.55,0.55,16
0.02,0.57,16
-1.84,0.79,16
1.41,0.82,16
-2.63,0.63,16
1.42,0.71,16
1.42,0.75,16
1.7,0.88,16
1.71,0.74,16
1.26,0.63,16
-2.04,0.66,16
-2.75,0.47,16
-2.75,0.55,16
-2.75,0.7,16
0.08,0.54,16
-1.85,0.84,16
2.83,0.58,16
0.09,0.61,16
2.83,0.63,16
1.89,0.68,16
1.89,0.72,16
-0.56,0.62,16
-1.48,0.72,16
-1.48,0.73,16
-1.48,0.79,16
2.83,0.56,16
-1.03,0.66,16
2.22,0.76,16
1.71,0.79,16
1.7,0.84,16
-1.29,0.7,16
-2.07,0.69,16
1.09,0.66,16
2.51,0.81,16
2.5,0.62,16
-1.85,0.76,16
-0.57,0.59,16
-2.9,0.49,16
2.04,0.66,16
2.04,0.76,16
-3.09,0.6,16
-3.09,0.61,16
-3.09,0.67,16
-1.46,0.74,16
-1.84,0.72,16
1.27,0.76,16
3.11,0.6,16
3.11,0.66,16
2.26,0.72,16
0.64,0.61,16
1.07,0.69,16
0.12,0.6,16
2.49,0.65,16
-1.74,0.81,16
0.63,0.63,16
-2.86,0.75,16
3.1,0.52,16
-2.78,0.6,16
2.66,0.64,16
-0.23,0.57,16
1.43,0.76,16
-2.36,0.59,16
-2.54,0.54,16
-2.54,0.57,16
2.55,0.65,16
-3.0,0.6,16
-1.32,0.86,16
0.13,0.58,16
2.84,0.68,16
-1.28,0.73,16
-2.26,0.6,16
-2.26,0.62,16
-2.26,0.67,16
-2.69,0.6,16
-1.94,0.77,16
0.71,0.59,16
0.71,0.63,16
2.01,0.7,16
-0.62,0.66,16
-2.9,0.66,16
1.06,0.65,16
0.15,0.58,16
-3.08,0.67,16
2.85,0.62,16
-1.32,0.73,16
2.56,0.56,16
-2.91,0.74,16
1.15,0.63,16
-2.23,0.64,16
3.09,0.66,16
-1.66,0.73,16
-1.96,0.67,16
1.69,0.7,16
-1.79,0.7,16
-1.79,0.78,16
-0.21,0.57,16
1.04,0.68,16
1.04,0.74,16
2.06,0.63,16
1.86,0.7,16
1.86,0.72,16
-1.27,0.76,16
-1.76,0.75,16
-2.06,0.64,16
-2.8,0.73,16
1.68,0.76,16
1.68,0.8,16
0.61,0.52,16
0.61,0.66,16
-1.12,0.76,16
-1.32,0.74,16
1.37,0.71,16
-0.64,0.64,16
0.17,0.58,16
1.04,0.65,16
1.04,0.67,16
-2.08,0.67,16
-0.65,0.63,16
-0.02,0.63,16
-1.38,0.82,16
-2.04,0.86,16
0.6,0.58,16
0.6,0.66,16
0.6,0.7,16
-1.01,0.72,16
1.46,0.69,16
1.46,0.7,16
1.46,0.78,16
-2.0,0.62,16
0.2,0.58,16
0.2,0.59,16
0.2,0.6,16
-1.26,0.76,16
-0.66,0.59,16
-0.66,0.62,16
-2.37,0.59,16
-3.12,0.61,16
1.02,0.65,16
-2.6,0.62,16
0.73,0.66,16
-2.97,0.64,16
2.65,0.65,16
1.47,0.72,16
-0.02,0.55,16
-2.06,0.7,16
-2.06,0.72,16
-1.83,0.85,16
2.45,0.6,16
2.45,0.66,16
2.44,0.64,16
-1.87,0.77,16
-0.67,0.65,16
1.94,0.8,16
-2.97,0.67,16
-1.13,0.75,16
2.21,0.64,16
-0.68,0.56,16
-2.82,0.61,16
2.07,0.76,16
1.85,0.8,16
1.85,0.85,16
1.48,0.72,16
-0.46,0.72,16
2.0,0.96,16
1.9,0.8,16
1.0,0.61,16
1.49,0.63,16
1.49,0.68,16
2.28,0.7,16
-2.13,0.86,16
3.08,0.69,16
-3.14,0.72,16
-1.13,0.67,16
1.24,0.81,16
-0.2,0.53,16
-0.7,0.72,16
-0.04,0.6,16
-2.91,0.6,16
0.99,0.7,16
1.49,0.69,16
1.49,0.79,16
0.24,0.57,16
0.24,0.59,16
-2.38,0.69,16
2.08,0.7,16
0.58,0.66,16
1.75,0.79,16
1.67,0.77,16
-0.99,0.7,16
-1.44,0.71,16
-1.44,0.72,16
-1.44,0.74,16
-0.05,0.65,16
-0.45,0.64,16
-3.03,0.77,16
0.26,0.63,16
2.88,0.62,16
-2.33,0.57,16
-2.65,0.65,16
-1.24,0.73,16
-1.53,0.71,16
2.41,0.64,16
-2.85,0.66,16
-0.73,0.69,16
-1.88,0.64,16
-0.72,0.58,16
-1.72,0.71,16
-2.09,0.69,16
-2.21,0.65,16
1.83,0.84,16
-0.73,0.66,16
-0.05,0.61,16
0.29,0.56,16
0.29,0.67,16
-1.23,0.6,16
2.91,0.6,16
-1.23,0.77,16
2.2,0.79,16
0.57,0.63,16
1.75,0.78,16
2.69,0.63,16
2.69,0.65,16
-0.29,0.62,16
0.97,0.67,16
1.9,0.92,16
-0.07,0.6,16
1.99,0.71,16
1.99,0.81,16
-1.54,0.83,16
-1.54,0.71,16
1.83,0.74,16
2.91,0.61,16
2.91,0.71,16
-1.61,0.73,16
0.56,0.62,16
0.56,0.76,16
-1.93,0.7,16
-1.93,0.78,16
-2.62,0.55,16
2.76,0.61,16
-0.43,0.79,16
1.53,0.7,16
-0.76,0.56,16
-2.83,0.62,16
-0.75,0.59,16
-1.22,0.71,16
2.11,0.64,16
2.11,0.72,16
2.11,0.73,16
-1.99,0.7,16
-1.99,0.71,16
-0.08,0.69,16
1.29,0.85,16
2.7,0.62,16
1.29,0.66,16
-1.14,0.67,16
1.66,0.69,16
-0.08,0.64,16
-1.34,0.78,16
1.54,0.62,16
0.94,0.63,16
-1.43,0.76,16
1.34,0.79,16
2.75,0.62,16
-1.34,0.69,16
-1.34,0.7,16
2.39,0.69,16
-3.03,0.67,16
2.93,0.6,16
1.53,0.71,16
-2.29,0.84,16
-2.29,0.57,16
1.53,0.73,16
-2.4,0.66,16
-0.41,0.64,16
1.2,0.73,16
0.92,0.65,16
1.82,0.7,16
1.55,0.67,16
-0.96,0.65,16
-0.96,0.74,16
1.65,0.77,16
0.55,0.59,16
1.77,0.76,16
-2.45,0.57,16
2.12,0.74,16
-0.81,0.77,16
2.95,0.56,16
-1.21,0.79,16
2.61,0.65,16
-0.1,0.52,16
-0.39,0.56,16
0.9,0.65,16
0.9,0.67,16
0.36,0.58,16
0.89,0.6,16
1.29,0.75,16
-0.19,0.66,16
-0.18,0.58,16
1.65,0.68,16
1.65,0.69,16
-1.15,0.68,16
-1.67,0.66,16
0.89,0.67,16
0.89,0.74,16
-0.82,0.65,16
-1.56,0.78,16
0.37,0.5,16
-0.83,0.93,16
1.81,0.71,16
-2.05,0.67,16
-2.05,0.71,16
1.2,0.85,16
-2.05,0.72,16
-0.11,0.59,16
1.24,0.72,16
-2.31,0.62,16
-0.95,0.77,16
3.04,0.61,16
3.04,0.63,16
-0.31,0.64,16
-1.35,0.72,16
1.33,0.63,16
1.33,0.68,16
-2.41,0.66,16
0.38,0.57,16
1.77,0.88,16
-0.94,0.7,16
2.31,0.68,16
-2.17,0.62,16
-2.17,0.7,16
-2.17,0.72,16
1.96,0.75,16
1.96,0.76,16
-1.56,0.72,16
2.13,0.78,16
-1.9,0.8,16
1.57,0.74,16
-0.84,0.73,16
0.39,0.67,16
0.39,0.68,16
1.57,0.89,16
0.4,0.54,16
-1.37,0.74,16
1.96,0.7,16
-2.12,0.79,16
-1.6,0.68,16
-0.94,0.81,16
-1.7,0.69,16
0.4,0.62,16
0.4,0.63,16
1.33,0.71,16
-2.28,0.7,16
-1.57,0.79,16
2.15,0.71,16
-0.85,0.69,16
0.41,0.53,16
0.86,0.7,16
-2.93,0.62,16
-0.38,0.61,16
-1.92,0.71,16
-1.92,0.75,16
-2.56,0.62,16
-0.17,0.57,16
-0.16,0.59,16
-2.32,0.61,16
2.15,0.64,16
0.41,0.66,16
-2.42,0.58,16
-0.87,0.76,16
0.85,0.63,16
0.85,0.66,16
1.59,0.72,16
-0.87,0.78,16
-0.86,0.6,16
0.86,0.6,16
3.03,0.59,16
3.03,0.64,16
2.18,0.63,16
3.03,0.69,16
-2.77,0.58,16
-2.77,0.62,16
-2.49,0.56,16
-2.49,0.6,16
-2.49,0.61,16
-0.14,0.59,16
-0.14,0.61,16
-0.14,0.69,16
-0.36,0.55,16
-2.11,0.78,16
3.0,0.61,16
-0.92,0.74,16
3.02,0.61,16
1.31,0.66,16
2.71,0.63,16
-0.33,0.62,16
-0.33,0.65,16
-1.91,0.7,16
1.79,0.82,16
-0.89,0.64,16
0.44,0.58,16
0.84,0.7,16
-0.89,0.6,16
0.45,0.51,16
-2.18,0.65,16
1.79,0.79,16
-1.81,0.76,16
-1.78,0.73,16
-2.51,0.61,16
2.71,0.54,16
1.78,0.67,16
-1.58,0.76,16
1.23,0.73,16
-3.01,0.57,16
2.72,0.63,16
2.17,0.68,16
-2.43,0.59,16
0.48,0.62,16
2.17,0.77,16
-1.97,0.72,16
-1.97,0.74,16
-1.97,0.76,16
-1.97,0.79,16
-1.17,0.68,16
0.8,0.61,16
0.81,0.59,16
0.81,0.62,16
-0.91,0.78,16
-0.34,0.54,16
-0.34,0.63,16
0.82,0.58,16
0.82,0.64,16
0.49,0.59,16
-1.59,0.72,16
0.67,0.7,16
-1.08,0.6,16
1.73,0.75,16
0.68,0.63,16
-2.48,0.66,16
-0.52,0.69,16
3.12,0.63,16
-1.07,0.69,16
1.71,0.86,16
1.72,0.62,16
-1.39,0.82,16
-0.24,0.58,16
-1.95,0.78,15
-1.39,0.72,15
-1.39,0.71,15
-0.24,0.66,15
2.54,0.63,15
-1.64,0.74,15
3.12,0.6,15
-0.53,0.69,15
1.4,0.69,15
1.4,0.7,15
2.8,0.6,15
-2.64,0.62,15
-2.64,0.68,15
-0.35,0.75,15
-0.34,0.61,15
-1.17,0.76,15
-1.97,0.69,15
-1.97,0.71,15
0.81,0.68,15
0.82,0.62,15
2.17,0.62,15
-0.51,0.59,15
2.81,0.59,15
-2.35,0.68,15
-1.47,0.75,15
-2.25,0.74,15
-2.35,0.76,15
-1.05,0.72,15
0.46,0.69,15
2.17,0.73,15
0.48,0.55,15
-1.97,0.82,15
3.02,0.54,15
1.96,0.67,15
1.74,0.81,15
-1.64,0.81,15
-1.06,0.59,15
2.23,0.73,15
1.11,0.63,15
0.07,0.6,15
0.07,0.61,15
1.88,0.9,15
1.41,0.72,15
-1.78,0.67,15
1.93,0.75,15
-1.81,0.68,15
0.46,0.56,15
0.46,0.59,15
0.46,0.6,15
2.33,0.69,15
-1.31,0.82,15
1.13,0.73,15
-2.54,0.66,15
-1.84,0.83,15
-1.75,0.66,15
-2.63,0.65,15
-2.81,0.66,15
1.78,0.71,15
-0.92,0.8,15
1.31,0.77,15
1.6,0.73,15
-2.18,0.67,15
0.84,0.67,15
-1.69,0.73,15
1.7,0.75,15
-2.3,0.63,15
-2.3,0.67,15
2.67,0.61,15
1.95,0.75,15
1.95,0.78,15
2.52,0.66,15
2.52,0.76,15
-1.78,0.84,15
2.62,0.72,15
2.71,0.59,15
-3.04,0.65,15
0.8,0.56,15
2.32,0.77,15
-2.94,0.65,15
0.09,0.59,15
2.83,0.69,15
1.4,0.67,15
-1.46,0.77,15
-1.46,0.86,15
0.02,0.51,15
1.13,0.65,15
-0.92,0.67,15
-0.33,0.63,15
-1.69,0.82,15
0.44,0.69,15
0.44,0.8,15
1.6,0.85,15
-0.49,0.64,15
-1.48,0.71,15
-1.48,0.78,15
2.51,0.63,15
2.51,0.7,15
-2.94,0.63,15
-1.04,0.82,15
2.25,0.74,15
-2.68,0.79,15
2.24,0.6,15
-1.85,0.73,15
-1.85,0.74,15
-0.57,0.71,15
-0.56,0.58,15
-0.13,0.57,15
-0.36,0.64,15
3.0,0.53,15
3.0,0.54,15
3.0,0.59,15
2.31,0.71,15
-1.29,0.62,15
1.39,0.76,15
0.0,0.67,15
1.27,0.72,15
-0.25,0.59,15
-0.25,0.64,15
3.11,0.64,15
2.26,0.76,15
-2.15,0.62,15
0.64,0.53,15
-0.87,0.75,15
-0.37,0.71,15
-2.77,0.64,15
-0.13,0.56,15
-1.84,0.76,15
-0.48,0.58,15
1.43,0.7,15
1.07,0.68,15
2.49,0.61,15
1.88,0.69,15
1.7,0.6,15
-2.98,0.61,15
1.63,0.78,15
-1.16,0.7,15
0.86,0.63,15
0.43,0.59,15
-0.87,0.69,15
3.1,0.56,15
2.66,0.62,15
-0.23,0.6,15
1.27,0.71,15
1.43,0.74,15
-0.59,0.61,15
-1.29,0.96,15
-2.36,0.57,15
-0.48,0.69,15
1.38,0.91,15
1.14,0.77,15
2.55,0.69,15
-3.0,0.62,15
-1.32,0.77,15
-1.32,0.78,15
-1.49,0.63,15
0.13,0.56,15
2.48,0.66,15
2.05,0.72,15
-0.6,0.58,15
1.44,0.73,15
-2.42,0.61,15
-2.42,0.66,15
1.59,0.69,15
2.36,0.6,15
-2.19,0.77,15
1.8,0.69,15
-0.93,0.8,15
2.64,0.58,15
-0.17,0.58,15
0.41,0.64,15
0.41,0.77,15
-1.98,0.72,15
-2.5,0.62,15
2.48,0.67,15
2.49,0.55,15
1.87,0.79,15
1.28,0.67,15
2.21,0.77,15
0.72,0.55,15
-1.63,0.74,15
-1.94,0.8,15
1.69,0.84,15
1.38,0.66,15
-0.62,0.76,15
0.14,0.59,15
0.87,0.63,15
-1.19,0.72,15
-2.71,0.59,15
-1.98,0.83,15
1.58,0.73,15
1.58,0.74,15
1.22,0.62,15
-1.42,0.7,15
-1.92,0.78,15
1.44,0.71,15
2.48,0.61,15
2.85,0.73,15
1.45,0.71,15
1.38,0.74,15
1.38,0.75,15
-0.47,0.68,15
-2.28,0.62,15
-2.05,0.65,15
-2.93,0.54,15
-2.93,0.6,15
1.58,0.78,15
1.8,0.79,15
2.15,0.75,15
-0.85,0.68,15
-2.19,0.69,15
-1.32,0.71,15
-1.45,0.62,15
2.56,0.6,15
2.56,0.66,15
-1.66,0.74,15
0.62,0.63,15
-0.26,0.57,15
-0.26,0.62,15
0.79,0.6,15
0.79,0.65,15
-1.6,0.81,15
-2.44,0.64,15
-0.93,0.58,15
-1.7,0.82,15
-1.7,0.84,15
1.21,0.75,15
1.21,0.81,15
-0.22,0.63,15
-0.21,0.56,15
-1.5,0.74,15
-1.27,0.66,15
-1.27,0.69,15
1.86,0.68,15
-2.46,0.64,15
0.88,0.66,15
0.39,0.7,15
-1.98,0.78,15
-0.85,0.75,15
1.57,0.82,15
1.57,0.83,15
1.3,0.71,15
-2.69,0.66,15
-1.12,0.79,15
-0.64,0.61,15
-0.64,0.62,15
0.17,0.57,15
2.47,0.58,15
2.47,0.65,15
-2.23,0.7,15
-2.17,0.75,15
1.96,0.81,15
1.24,0.66,15
1.24,0.69,15
2.13,0.86,15
-1.9,0.9,15
1.57,0.73,15
-2.41,0.57,15
-2.08,0.63,15
-2.08,0.66,15
0.18,0.58,15
-2.52,0.73,15
2.07,0.69,15
-0.26,0.5,15
1.64,0.58,15
-1.35,0.74,15
-2.41,0.69,15
-0.83,0.65,15
0.38,0.55,15
0.38,0.61,15
2.37,0.65,15
3.05,0.58,15
-0.94,0.59,15
-0.94,0.72,15
0.6,0.53,15
-1.02,0.71,15
-1.01,0.74,15
-1.96,0.79,15
-1.45,0.77,15
-2.76,0.66,15
1.03,0.62,15
2.46,0.74,15
0.37,0.58,15
1.81,0.72,15
1.2,0.81,15
1.2,0.86,15
-2.05,0.73,15
-1.81,0.81,15
-2.31,0.65,15
-2.12,0.69,15
0.53,0.63,15
3.04,0.65,15
-0.66,0.73,15
0.2,0.53,15
-1.51,0.76,15
-1.26,0.7,15
-2.69,0.53,15
1.67,0.82,15
-1.15,0.72,15
-2.87,0.72,15
-2.87,0.76,15
0.89,0.64,15
0.89,0.7,15
-1.9,0.72,15
-1.9,0.76,15
-0.82,0.7,15
1.56,0.73,15
-2.97,0.62,15
2.68,0.76,15
1.25,0.72,15
1.28,0.79,15
-0.27,0.61,15
1.02,0.67,15
2.06,0.79,15
1.47,0.93,15
2.57,0.63,15
-0.02,0.53,15
-0.02,0.6,15
2.74,0.68,15
-2.03,0.72,15
0.9,0.64,15
2.38,0.62,15
2.38,0.68,15
2.38,0.72,15
2.63,0.61,15
-0.46,0.6,15
0.21,0.57,15
0.21,0.61,15
-0.67,0.67,15
1.94,0.86,15
-2.58,0.62,15
-0.28,0.54,15
-0.28,0.62,15
-0.28,0.69,15
1.76,0.68,15
-2.4,0.62,15
-1.21,0.68,15
-0.1,0.54,15
-0.39,0.61,15
-1.0,0.71,15
2.87,0.68,15
-0.69,0.69,15
-0.68,0.59,15
-0.8,0.67,15
-0.8,0.7,15
2.94,0.59,15
0.35,0.71,15
2.31,0.62,15
-0.96,0.57,15
1.48,0.69,15
1.48,0.8,15
-0.46,0.63,15
-2.06,0.79,15
-1.33,0.71,15
2.77,0.58,15
-1.33,0.77,15
-1.33,0.85,15
-2.38,0.81,15
-2.38,0.53,15
-2.22,0.65,15
-2.57,0.69,15
-1.62,0.66,15
0.74,0.65,15
-1.82,0.7,15
-0.09,0.6,15
-3.03,0.65,15
0.34,0.58,15
2.38,0.81,15
-2.1,0.65,15
-2.72,0.57,15
0.75,0.67,15
-1.4,0.87,15
-2.38,0.65,15
-0.7,0.71,15
-0.7,0.74,15
1.0,0.63,15
-1.25,0.85,15
-1.25,0.74,15
-0.97,0.75,15
1.29,0.81,15
-1.89,0.74,15
-2.99,0.66,15
-1.34,0.71,15
-0.45,0.59,15
2.0,0.72,15
2.0,0.74,15
2.08,0.76,15
2.08,0.81,15
0.99,0.68,15
-2.22,0.72,15
0.24,0.63,15
-0.71,0.67,15
-0.71,0.7,15
2.42,0.68,15
-2.45,0.63,15
0.58,0.62,15
-2.87,0.63,15
-1.67,0.73,15
2.3,0.67,15
2.3,0.7,15
-1.61,0.8,15
-0.97,0.73,15
-1.62,0.83,15
1.67,0.67,15
2.27,0.68,15
1.5,0.7,15
2.89,0.59,15
-0.71,0.62,15
0.24,0.49,15
2.0,0.62,15
-1.44,0.89,15
-1.44,0.82,15
2.29,0.71,15
-1.77,0.71,15
1.91,0.78,15
-1.34,0.84,15
0.94,0.59,15
-2.09,0.6,15
0.32,0.57,15
-1.43,0.7,15
-2.02,0.74,15
-2.02,0.77,15
-0.45,0.69,15
2.09,0.69,15
-2.89,0.73,15
1.18,0.78,15
-1.77,0.97,15
-2.27,0.64,15
-2.27,0.66,15
0.95,0.63,15
0.95,0.68,15
1.3,0.61,15
-0.3,0.75,15
-1.14,0.76,15
2.29,0.69,15
-2.33,0.71,15
-1.24,0.75,15
-1.53,0.82,15
-1.53,0.72,15
-0.29,0.63,15
1.94,0.76,15
2.64,0.6,15
1.98,0.66,15
1.98,0.72,15
1.98,0.74,15
-0.08,0.67,15
-1.99,0.73,15
-2.55,0.61,15
0.31,0.56,15
-2.83,0.59,15
-2.83,0.66,15
-0.75,0.7,15
-1.22,0.75,15
0.57,0.67,15
-2.85,0.67,15
0.75,0.58,15
-2.45,0.58,15
-2.45,0.6,15
2.09,0.64,15
-2.21,0.84,15
-2.21,0.64,15
3.07,0.61,15
3.07,0.62,15
0.96,0.76,15
2.1,0.69,15
2.1,0.75,15
-2.62,0.6,15
-2.62,0.61,15
2.76,0.6,15
-1.88,0.69,15
-1.72,0.66,15
1.83,0.83,15
1.83,0.87,15
-1.88,0.76,15
-1.77,0.63,15
1.35,0.72,15
-3.11,0.6,15
-2.62,0.62,15
-1.54,0.7,15
1.83,0.76,15
1.52,0.78,15
3.06,0.67,15
2.29,0.96,15
-1.61,0.76,15
1.36,0.66,15
-1.23,0.82,15
0.29,0.59,15
-0.74,0.63,15
0.97,0.6,15
-2.16,0.69,15
-1.93,0.84,15
-1.93,0.66,15
2.69,0.64,15
2.4,0.71,15
-1.23,0.8,15
1.51,0.7,15
1.51,0.74,15
-0.43,0.56,15
-0.07,0.59,15
-0.07,0.63,15
1.89,0.64,15
2.81,0.63,15
2.23,0.75,15
2.23,0.81,15
0.69,0.63,15
-1.06,0.72,15
-2.14,0.67,15
-1.08,0.7,15
1.73,0.73,15
-0.52,0.62,15
-1.07,0.67,15
-2.48,0.54,14
1.26,0.77,14
1.26,0.67,14
1.72,0.81,14
3.12,0.67,14
-0.52,0.66,14
-1.09,0.77,14
0.68,0.56,14
-2.48,0.59,14
3.14,0.31,14
2.24,0.77,14
-3.06,0.66,14
-1.65,0.7,14
2.23,0.8,14
-0.54,0.72,14
1.89,0.78,14
1.89,0.82,14
-0.34,0.68,14
-1.17,0.71,14
-1.17,0.73,14
3.01,0.63,14
-1.59,0.7,14
-1.59,0.87,14
2.8,0.61,14
-0.5,0.58,14
-1.47,0.77,14
-2.35,0.74,14
-1.3,0.76,14
-2.04,0.73,14
-2.04,0.75,14
-1.05,0.66,14
-0.05,0.6,14
2.58,0.68,14
-0.43,0.62,14
0.3,0.65,14
-1.54,0.73,14
0.96,0.63,14
1.52,0.67,14
3.06,0.68,14
-1.61,0.75,14
0.56,0.63,14
1.35,0.73,14
1.35,0.77,14
1.36,0.67,14
-0.74,0.68,14
-1.23,0.76,14
0.76,0.6,14
-1.88,0.83,14
-2.16,0.65,14
3.07,0.57,14
1.75,0.77,14
-1.54,0.77,14
-1.54,0.78,14
-1.54,0.8,14
-1.54,0.81,14
-3.11,0.62,14
1.83,0.82,14
2.89,0.68,14
-0.72,0.74,14
-2.21,0.68,14
-2.21,0.7,14
0.28,0.54,14
-2.65,0.79,14
-0.29,0.67,14
1.94,0.73,14
2.64,0.68,14
1.24,0.75,14
-1.77,0.77,14
1.98,0.7,14
-0.08,0.66,14
0.31,0.64,14
-0.76,0.81,14
0.57,0.79,14
-2.85,0.63,14
-0.99,0.71,14
2.41,0.76,14
-1.53,0.77,14
-1.72,0.77,14
0.27,0.68,14
-2.33,0.62,14
-0.77,0.64,14
2.11,0.67,14
-2.83,0.69,14
1.19,0.69,14
1.19,0.77,14
1.29,0.83,14
-2.58,0.64,14
1.29,0.65,14
-1.14,0.63,14
-0.97,0.66,14
-2.33,0.65,14
-2.65,0.63,14
-0.72,0.87,14
-1.24,0.96,14
2.41,0.72,14
2.89,0.64,14
2.0,0.71,14
2.29,0.87,14
-1.43,0.77,14
-1.34,0.81,14
-2.99,0.62,14
2.93,0.65,14
-1.22,0.68,14
-1.43,0.67,14
1.98,0.8,14
-2.02,0.78,14
2.76,0.68,14
-2.95,0.62,14
-2.73,0.64,14
-2.27,0.61,14
-2.27,0.69,14
0.58,0.64,14
0.58,0.68,14
-1.89,0.78,14
-0.79,0.66,14
0.32,0.74,14
2.39,0.73,14
0.33,0.6,14
-2.87,0.6,14
-2.87,0.68,14
-1.67,0.77,14
-1.67,0.78,14
-0.97,0.72,14
3.07,0.64,14
2.27,0.69,14
2.27,0.72,14
0.99,0.58,14
-1.33,0.67,14
1.9,0.97,14
1.36,0.81,14
-1.83,0.87,14
1.17,0.76,14
2.43,0.73,14
-2.22,0.77,14
1.49,0.77,14
0.24,0.54,14
0.24,0.62,14
-2.38,0.68,14
-0.71,0.73,14
1.84,0.77,14
0.98,0.69,14
-2.45,0.62,14
0.75,0.71,14
2.43,0.65,14
-1.25,0.84,14
-1.25,0.71,14
-1.33,0.89,14
-0.19,0.52,14
1.53,0.72,14
-2.72,0.65,14
-0.79,0.62,14
1.82,0.82,14
2.11,0.74,14
-1.55,0.66,14
-2.52,0.6,14
-2.52,0.62,14
-1.34,0.73,14
-1.34,0.74,14
-1.33,0.63,14
-2.13,0.62,14
0.74,0.6,14
-3.14,0.69,14
-0.41,0.67,14
-1.82,0.69,14
1.2,0.65,14
1.2,0.79,14
-0.09,0.67,14
1.54,0.77,14
2.94,0.6,14
-2.4,0.53,14
-2.72,0.62,14
-1.13,0.7,14
1.24,0.78,14
-2.66,0.62,14
2.07,0.74,14
1.65,0.78,14
-0.68,0.7,14
-2.66,0.65,14
-1.73,0.81,14
2.07,1.0,14
1.01,0.66,14
1.85,0.73,14
1.48,0.73,14
2.87,0.63,14
-0.46,0.71,14
2.0,0.79,14
-1.33,0.81,14
-1.73,0.86,14
-2.22,0.61,14
-2.38,0.59,14
-2.38,0.62,14
-2.6,0.53,14
2.87,0.64,14
0.22,0.68,14
-1.73,0.73,14
-1.73,0.8,14
-0.69,0.63,14
-0.69,0.65,14
-0.8,0.71,14
1.82,0.73,14
1.82,0.74,14
1.82,0.75,14
1.54,0.7,14
1.54,0.75,14
-2.1,0.74,14
0.9,0.76,14
-0.97,0.79,14
1.76,0.74,14
3.05,0.62,14
1.77,0.75,14
1.64,0.8,14
-2.45,0.85,14
1.81,0.93,14
1.55,0.85,14
1.56,0.69,14
-1.43,0.82,14
-0.4,0.62,14
-0.4,0.63,14
2.68,0.59,14
-1.0,0.65,14
-1.0,0.72,14
-1.0,0.75,14
-1.0,0.79,14
-0.39,0.62,14
-2.03,0.77,14
2.38,0.75,14
2.38,0.79,14
0.35,0.62,14
2.69,0.69,14
2.69,0.7,14
-3.1,0.68,14
1.64,0.86,14
1.16,0.75,14
-1.83,0.74,14
1.37,0.68,14
2.45,0.63,14
2.45,0.82,14
2.44,0.63,14
-0.67,0.64,14
3.09,0.61,14
0.73,0.63,14
0.73,0.75,14
2.27,0.78,14
-0.95,0.66,14
0.36,0.78,14
-0.82,0.86,14
2.13,0.62,14
-1.56,0.74,14
-1.56,0.79,14
-1.56,0.81,14
1.02,0.69,14
2.07,0.64,14
1.47,0.74,14
2.57,0.69,14
-0.02,0.57,14
-2.59,0.63,14
1.85,0.9,14
-2.37,0.64,14
-0.66,0.64,14
-1.2,0.86,14
-0.11,0.58,14
-3.11,0.65,14
-0.32,0.64,14
-2.7,0.69,14
-2.56,0.68,14
0.2,0.63,14
1.02,0.57,14
2.07,0.7,14
-1.26,0.8,14
-3.12,0.65,14
-2.6,0.64,14
1.37,0.75,14
1.37,0.76,14
-0.02,0.69,14
-0.27,0.64,14
1.28,0.68,14
1.28,0.71,14
-2.31,0.69,14
-3.11,0.7,14
-2.41,0.6,14
-0.83,0.66,14
0.37,0.64,14
2.14,0.75,14
0.6,0.62,14
-1.01,0.8,14
-2.8,0.64,14
-0.02,0.51,14
-1.32,0.76,14
-0.65,0.74,14
2.47,0.79,14
1.03,0.7,14
-2.17,0.68,14
2.13,0.74,14
0.38,0.66,14
-1.9,0.79,14
-1.9,0.88,14
1.57,0.79,14
-0.83,0.63,14
0.4,0.68,14
-2.08,0.68,14
2.46,0.63,14
-2.66,0.72,14
-0.65,0.67,14
0.61,0.56,14
0.72,0.61,14
0.72,0.68,14
0.39,0.61,14
1.57,0.88,14
-1.98,0.74,14
-0.84,0.69,14
-0.85,0.76,14
-0.85,0.82,14
-1.37,0.76,14
-1.37,0.8,14
-2.12,0.71,14
-1.94,0.88,14
-1.94,0.71,14
-2.69,0.71,14
2.78,0.59,14
1.87,0.71,14
-1.12,0.71,14
-0.26,0.54,14
0.79,0.59,14
-1.6,0.86,14
-1.7,0.75,14
-1.7,0.85,14
1.32,0.78,14
1.21,0.67,14
1.21,0.69,14
-0.22,0.58,14
1.86,0.79,14
-1.76,0.73,14
-1.45,0.8,14
1.75,0.72,14
-2.46,0.66,14
-1.86,0.83,14
-1.86,0.87,14
-2.34,0.72,14
-0.47,0.66,14
-2.28,0.6,14
-2.28,0.73,14
1.58,0.77,14
-2.71,0.67,14
-0.85,0.61,14
-0.85,0.74,14
-2.19,0.63,14
-2.91,0.7,14
-2.08,0.79,14
1.05,0.66,14
-2.23,0.62,14
-0.63,0.63,14
-0.62,0.73,14
-2.9,0.67,14
-2.9,0.7,14
0.14,0.61,14
-1.57,0.69,14
-1.19,0.71,14
-2.71,0.61,14
-1.92,0.77,14
-1.68,0.7,14
-1.68,0.77,14
0.52,0.72,14
-1.28,0.89,14
1.44,0.65,14
-3.08,0.54,14
-2.08,0.72,14
-1.86,0.79,14
0.41,0.61,14
-1.86,0.93,14
-1.28,0.78,14
-0.61,0.61,14
-1.74,0.71,14
2.48,0.69,14
-2.26,0.65,14
-0.21,0.6,14
-1.8,0.93,14
-2.69,0.58,14
0.63,0.59,14
-1.94,0.85,14
-1.03,0.7,14
-2.26,0.73,14
2.78,0.77,14
-2.02,0.71,14
0.42,0.68,14
-2.96,0.57,14
-0.16,0.6,14
-1.41,0.68,14
-1.41,0.71,14
-3.01,0.63,14
-3.01,0.65,14
-1.6,0.77,14
-0.17,0.63,14
-0.17,0.65,14
-1.42,0.79,14
-0.38,0.72,14
-0.37,0.5,14
2.73,0.64,14
2.73,0.67,14
2.99,0.65,14
1.6,0.65,14
-0.87,0.68,14
-2.78,0.68,14
-2.78,0.73,14
1.26,0.92,14
2.49,0.7,14
1.88,0.73,14
1.87,0.72,14
-0.59,0.73,14
2.78,0.66,14
1.15,0.65,14
-2.5,0.64,14
2.05,0.71,14
-2.42,0.71,14
-2.42,0.74,14
0.42,0.55,14
-0.48,0.6,14
-1.29,0.72,14
-1.29,0.73,14
2.04,0.88,14
1.88,0.67,14
2.49,0.67,14
2.21,0.69,14
1.78,0.81,14
0.51,0.57,14
1.63,0.77,14
-1.16,0.69,14
-0.93,0.73,14
0.86,0.62,14
0.42,0.69,14
0.42,0.7,14
0.43,0.63,14
1.27,0.75,14
3.11,0.62,14
0.64,0.58,14
1.97,0.77,14
1.22,0.74,14
1.92,0.81,14
1.92,0.84,14
1.32,0.68,14
2.35,0.7,14
2.35,0.85,14
2.36,0.0,14
-2.84,0.68,14
-1.91,0.79,14
-2.42,0.75,14
-2.51,0.67,14
0.64,0.64,14
-1.29,0.81,14
-1.29,0.82,14
2.5,0.68,14
-0.13,0.59,14
1.97,0.71,14
-2.11,0.72,14
0.85,0.57,14
2.34,0.74,14
2.34,0.75,14
-0.88,0.75,14
0.49,0.65,14
0.5,0.69,14
-0.92,0.61,14
-2.34,0.61,14
1.39,0.79,14
-1.46,0.75,14
3.0,0.68,14
-0.56,0.63,14
-1.48,0.74,14
2.51,0.56,14
1.7,0.77,14
-1.11,0.65,14
0.64,0.73,14
2.25,0.89,14
0.7,0.61,14
0.66,0.61,14
1.71,0.78,14
-2.47,0.7,14
2.83,0.7,14
1.09,0.67,14
-2.81,0.6,14
-2.01,0.81,14
-1.85,0.82,14
-2.07,0.75,14
0.09,0.69,14
-0.56,0.76,14
-1.31,0.67,14
2.79,0.62,14
2.54,0.64,14
-0.92,0.65,14
1.63,0.69,14
-0.33,0.59,14
-1.41,0.85,14
-0.88,0.84,14
1.79,0.85,14
-0.89,0.66,14
-0.89,0.73,14
0.84,0.9,14
-2.75,0.67,14
0.08,0.65,14
0.08,0.68,14
2.81,0.78,14
2.82,0.61,14
-1.58,0.8,14
-2.18,0.61,14
1.79,0.68,14
1.79,0.73,14
1.79,0.77,14
-1.81,0.77,14
-1.78,0.76,14
2.62,0.64,14
-1.81,0.84,14
2.32,0.75,14
2.82,0.64,14
-2.98,0.66,14
1.7,0.69,14
1.7,0.72,14
1.7,0.74,14
2.32,0.8,14
3.02,0.77,14
-0.92,0.87,14
1.61,0.8,14
1.62,0.71,14
-0.91,0.74,14
1.92,0.78,14
-0.35,0.59,14
-2.67,0.63,14
-2.3,0.66,14
2.67,0.68,14
-1.3,0.71,14
1.88,0.88,14
1.41,0.71,14
-1.58,0.73,14
1.6,0.75,14
1.6,0.77,14
1.6,0.79,14
1.23,0.72,14
2.62,0.61,14
1.93,0.69,14
1.31,0.75,14
2.72,0.55,14
-1.31,0.79,14
2.54,0.76,14
-1.31,0.83,14
-0.55,0.65,14
-1.75,0.83,14
-1.11,0.74,14
-0.9,0.65,14
-0.9,0.76,14
0.48,0.71,14
0.83,0.71,14
1.61,0.77,14
3.01,0.65,14
0.8,0.67,14
-3.04,0.6,14
-2.43,0.69,14
-3.01,0.71,14
2.22,0.61,14
2.22,0.65,14
-1.3,0.85,14
-1.3,0.67,14
-2.63,0.61,14
1.4,0.85,14
-1.39,0.69,14
1.73,0.8,14
0.69,0.6,14
-0.24,0.67,14
-0.24,0.59,14
2.53,0.89,14
-0.24,0.53,14
-1.05,0.64,14
0.67,0.68,14
-1.1,0.7,14
-0.53,0.59,14
-0.53,0.65,14
1.11,0.67,14
2.02,0.73,14
-2.25,0.57,14
-2.16,0.74,14
2.29,0.63,14
-1.93,0.81,14
1.29,0.72,14
-0.29,0.59,14
2.4,0.72,14
1.51,0.72,14
1.51,0.85,14
1.83,0.71,14
-0.07,0.61,14
0.04,0.55,14
0.04,0.56,14
0.05,0.6,14
0.05,0.61,14
0.05,0.62,14
1.11,0.65,14
-1.95,0.98,13
-1.95,1.01,13
-1.95,0.71,13
2.23,0.61,13
2.23,0.62,13
2.23,0.7,13
-2.14,0.73,13
-2.14,0.77,13
-3.14,0.64,13
1.71,0.76,13
-1.05,0.71,13
-2.3,0.69,13
-1.39,0.81,13
2.67,0.63,13
-2.92,0.62,13
1.7,0.73,13
-1.65,0.78,13
0.66,0.7,13
3.11,0.59,13
2.22,0.74,13
0.65,0.71,13
0.65,0.58,13
0.65,0.55,13
2.26,0.63,13
2.25,0.82,13
0.06,0.76,13
-1.47,0.86,13
-1.47,0.83,13
1.41,0.73,13
-1.31,0.95,13
0.02,0.67,13
0.02,0.6,13
2.8,0.64,13
-2.25,0.63,13
2.02,0.74,13
-2.54,0.53,13
1.11,0.84,13
-0.52,0.6,13
1.88,0.8,13
1.88,0.78,13
2.53,0.69,13
1.42,0.83,13
1.42,0.65,13
-2.63,0.67,13
-1.75,0.8,13
-1.75,0.79,13
-1.75,0.72,13
-1.84,0.77,13
2.01,0.81,13
1.13,0.72,13
1.13,0.7,13
1.13,0.69,13
1.88,0.96,13
1.88,0.83,13
2.03,0.75,13
2.81,0.6,13
-2.25,0.7,13
2.51,0.69,13
-1.48,0.81,13
-0.49,0.63,13
-0.49,0.61,13
1.13,0.68,13
1.14,0.69,13
-1.46,0.78,13
-0.56,0.86,13
0.09,0.6,13
-1.75,0.65,13
1.1,0.68,13
2.83,0.62,13
2.82,0.71,13
0.08,0.64,13
0.08,0.63,13
0.08,0.52,13
-2.57,0.63,13
-2.36,0.63,13
0.0,0.68,13
-0.49,0.66,13
-0.49,0.65,13
-1.29,0.89,13
0.1,0.66,13
0.1,0.64,13
1.08,0.81,13
-1.29,0.8,13
-1.29,0.75,13
-2.01,0.8,13
-2.01,0.7,13
-0.57,0.79,13
-2.36,0.66,13
-2.94,0.64,13
-0.6,0.53,13
-0.61,0.67,13
-1.49,0.78,13
-1.49,0.69,13
0.12,0.63,13
-2.5,0.68,13
-2.36,0.0,13
2.55,0.61,13
2.01,0.73,13
1.43,0.78,13
1.43,0.75,13
-2.24,0.7,13
-0.6,0.66,13
-2.01,0.69,13
0.11,0.59,13
-2.57,0.65,13
0.16,0.54,13
1.44,0.72,13
0.15,0.66,13
1.86,0.85,13
1.38,0.68,13
1.38,0.67,13
-2.26,0.63,13
-1.76,0.83,13
1.15,0.71,13
1.15,0.7,13
1.15,0.68,13
1.87,0.89,13
1.87,0.86,13
0.13,0.64,13
1.87,0.76,13
-0.61,0.63,13
1.45,0.73,13
1.86,0.9,13
-2.74,0.71,13
-2.74,0.68,13
-1.5,0.9,13
-1.5,0.78,13
-2.23,0.66,13
1.05,0.71,13
1.05,0.7,13
2.56,0.71,13
1.38,0.78,13
-1.86,0.75,13
2.85,0.7,13
1.45,0.82,13
1.45,0.8,13
0.16,0.59,13
2.47,0.73,13
-0.65,0.81,13
-0.65,0.68,13
1.37,0.74,13
1.37,0.73,13
1.37,0.69,13
2.77,0.65,13
2.77,0.64,13
-2.8,0.68,13
-1.45,0.79,13
-1.27,0.8,13
-1.27,0.75,13
2.86,0.61,13
1.04,0.73,13
2.06,0.77,13
1.45,0.77,13
-0.66,0.67,13
-2.0,0.72,13
2.07,0.71,13
-0.46,0.58,13
-2.76,0.69,13
-2.76,0.65,13
-2.02,0.84,13
-0.02,0.64,13
2.0,0.76,13
1.16,0.79,13
1.37,0.78,13
-2.66,0.71,13
0.18,0.67,13
-0.66,0.83,13
2.06,0.7,13
0.17,0.64,13
2.45,0.76,13
2.45,0.65,13
-1.51,0.74,13
1.16,0.72,13
-0.02,0.58,13
2.57,0.68,13
-3.12,0.67,13
1.47,0.89,13
1.47,0.75,13
-1.51,0.72,13
-1.51,0.69,13
-1.26,0.73,13
-1.51,0.86,13
0.2,0.68,13
1.46,0.75,13
1.46,0.74,13
1.0,0.67,13
-2.38,0.6,13
-1.73,0.85,13
1.48,0.81,13
1.9,0.76,13
-1.33,0.75,13
-2.33,0.79,13
2.0,0.9,13
-2.54,0.7,13
2.07,0.75,13
-0.69,0.73,13
-1.73,0.75,13
0.22,0.72,13
0.22,0.7,13
2.44,0.75,13
0.21,0.62,13
0.25,0.65,13
-0.7,0.69,13
1.49,0.9,13
1.49,0.76,13
1.49,0.75,13
-2.22,0.71,13
0.99,0.64,13
-0.04,0.59,13
2.0,0.75,13
1.36,0.71,13
-0.45,0.61,13
-1.25,0.87,13
2.43,0.72,13
-1.52,0.8,13
2.07,0.73,13
1.0,0.79,13
2.09,0.77,13
2.09,0.73,13
0.27,0.63,13
2.76,0.71,13
-1.44,0.73,13
-2.73,0.69,13
1.5,0.81,13
1.5,0.79,13
0.98,0.8,13
0.26,0.58,13
2.42,0.75,13
2.42,0.72,13
2.42,0.66,13
1.84,0.97,13
-2.38,0.74,13
0.25,0.68,13
-0.72,0.66,13
0.27,0.6,13
2.41,0.69,13
-1.24,0.78,13
-1.24,0.74,13
-1.24,0.7,13
-2.33,0.66,13
-2.33,0.6,13
-1.77,0.92,13
-1.77,0.87,13
0.25,0.73,13
-2.73,0.66,13
-2.73,0.59,13
-2.73,0.58,13
0.26,0.66,13
-2.89,0.65,13
0.28,0.72,13
0.28,0.7,13
0.28,0.65,13
0.28,0.62,13
1.18,0.76,13
1.18,0.75,13
2.58,0.7,13
-1.77,0.69,13
-2.65,0.72,13
-2.65,0.7,13
2.9,0.57,13
-2.21,0.77,13
-1.72,0.76,13
-1.72,0.73,13
-0.72,0.71,13
-0.72,0.68,13
-1.54,0.69,13
0.3,0.69,13
-0.43,0.61,13
1.99,0.73,13
1.99,0.7,13
-2.27,0.79,13
1.9,0.85,13
1.9,0.82,13
1.51,0.75,13
0.3,0.57,13
0.97,0.72,13
0.97,0.68,13
-0.74,0.69,13
-0.74,0.66,13
2.1,0.8,13
2.1,0.78,13
-0.75,0.64,13
-0.75,0.61,13
0.31,0.69,13
-1.99,0.81,13
-0.08,0.68,13
2.6,0.62,13
-1.77,0.74,13
1.91,0.7,13
-3.11,0.63,13
-1.54,0.82,13
0.96,0.7,13
0.96,0.66,13
-1.23,0.86,13
-1.23,0.68,13
0.96,0.57,13
-1.54,0.75,13
0.94,0.7,13
0.94,0.67,13
-3.07,0.61,13
2.93,0.66,13
2.93,0.62,13
-2.99,0.63,13
-1.34,0.83,13
-1.34,0.8,13
-0.42,0.65,13
2.59,0.65,13
1.19,0.89,13
1.19,0.74,13
-2.83,0.73,13
0.95,0.72,13
2.92,0.64,13
2.92,0.63,13
2.93,0.75,13
1.53,0.75,13
-0.78,0.81,13
-0.78,0.76,13
2.39,0.76,13
0.32,0.64,13
1.34,0.69,13
1.34,0.61,13
2.75,0.73,13
2.75,0.61,13
1.34,0.83,13
1.34,0.75,13
2.6,0.63,13
-1.34,0.96,13
-1.22,0.7,13
0.32,0.61,13
2.94,0.68,13
2.94,0.65,13
2.94,0.64,13
1.54,0.78,13
1.54,0.76,13
0.34,0.64,13
0.34,0.61,13
-0.09,0.62,13
-0.09,0.61,13
1.2,0.8,13
-0.41,0.58,13
-1.71,0.87,13
-1.71,0.85,13
-2.52,0.64,13
-3.03,0.59,13
1.82,0.79,13
-0.81,0.68,13
-2.96,0.66,13
1.56,0.77,13
0.9,0.72,13
2.74,0.6,13
-0.39,0.67,13
2.61,0.63,13
-0.09,0.74,13
-0.81,0.76,13
2.96,0.65,13
2.96,0.64,13
-2.99,0.76,13
2.12,0.7,13
-2.2,0.69,13
-2.2,0.67,13
0.92,0.61,13
-1.56,0.69,13
0.37,0.67,13
-0.83,0.74,13
-2.41,0.64,13
-1.35,0.86,13
1.81,0.67,13
-1.2,0.67,13
-1.2,0.8,13
-1.2,0.76,13
-1.2,0.75,13
-1.56,0.73,13
0.36,0.7,13
0.36,0.67,13
0.89,0.66,13
2.96,0.58,13
-0.81,0.74,13
2.36,0.83,13
2.36,0.75,13
1.8,0.83,13
-2.93,0.61,13
-0.12,0.61,13
1.21,0.73,13
0.4,0.66,13
-1.7,0.76,13
2.97,0.64,13
2.14,0.79,13
-1.98,0.81,13
1.57,0.97,13
0.39,0.69,13
-2.88,0.73,13
-0.84,0.77,13
2.13,0.73,13
1.59,0.7,13
-0.86,0.73,13
2.99,0.72,13
-1.98,0.92,13
2.99,0.62,13
1.97,0.76,13
2.73,0.69,13
2.73,0.66,13
-1.42,0.81,13
-0.38,0.63,13
-2.93,0.79,13
-1.19,0.83,13
-1.19,0.8,13
-1.19,0.74,13
-1.57,0.88,13
-1.57,0.85,13
-2.84,0.64,13
0.43,0.66,13
1.32,0.77,13
-2.77,0.7,13
-2.77,0.53,13
1.21,0.82,13
-2.79,0.62,13
1.22,0.75,13
1.97,0.79,13
-0.87,0.72,13
-1.18,0.76,13
-2.96,0.64,13
-2.96,0.63,13
-0.87,0.79,13
0.85,0.65,13
-2.19,0.72,13
1.79,0.87,13
-0.88,0.82,13
0.85,0.6,13
-2.11,0.71,13
-2.11,0.67,13
-1.81,0.72,13
-1.36,0.85,13
1.97,0.72,13
-0.14,0.67,13
-1.36,0.75,13
-1.36,0.67,13
-1.18,0.7,13
-1.18,0.68,13
-1.91,0.78,13
-2.84,0.76,13
-2.84,0.75,13
0.84,0.6,13
3.0,0.67,13
1.92,0.76,13
1.31,0.87,13
1.31,0.83,13
2.62,0.66,13
1.22,0.9,13
-1.58,0.83,13
-1.58,0.82,13
0.45,0.54,13
-2.43,0.87,13
-3.13,0.7,13
2.16,0.78,13
-0.89,0.71,13
-0.89,0.63,13
1.79,0.93,13
0.83,0.63,13
-0.9,0.75,13
-0.9,0.73,13
-2.43,0.63,13
2.33,0.77,13
2.33,0.66,13
0.46,0.58,13
-0.35,0.65,13
-0.35,0.62,13
1.93,0.7,13
2.71,0.74,13
-0.15,0.62,13
1.6,0.84,13
1.6,0.76,13
-1.69,0.79,13
0.84,0.64,13
1.63,0.7,13
2.32,0.69,13
1.93,0.89,13
-2.79,0.7,13
1.96,0.68,13
-0.35,0.74,13
-2.43,0.7,13
-3.04,0.62,13
-3.06,0.67,13
-0.91,0.77,13
0.82,0.65,13
0.81,0.65,13
-1.17,0.72,13
0.47,0.68,13
0.47,0.58,13
0.83,0.69,13
0.79,0.77,13
2.18,0.7,13
1.78,0.86,13
-1.16,0.82,13
2.63,0.66,13
-3.01,0.67,13
-0.16,0.75,13
-0.33,0.69,13
-3.04,0.64,13
3.02,0.62,13
-1.16,0.79,13
-1.16,0.77,13
-1.68,0.81,13
2.31,0.9,13
2.31,0.75,13
-0.91,0.71,13
-2.44,0.61,13
0.79,0.66,13
0.79,0.62,13
-2.17,0.79,13
-1.37,0.84,13
-1.37,0.63,13
-0.33,0.73,13
-1.41,0.78,13
-1.41,0.74,13
-1.92,0.83,13
-2.12,0.7,13
0.52,0.62,13
0.52,0.58,13
-0.93,0.66,13
3.03,0.67,13
-1.97,0.88,13
-0.95,0.73,13
0.77,0.59,13
0.53,0.69,13
0.53,0.68,13
2.7,0.72,13
-0.32,0.61,13
2.63,0.65,13
1.96,0.86,13
1.96,0.82,13
1.96,0.79,13
-1.6,0.76,13
-0.94,0.69,13
3.04,0.72,13
3.04,0.66,13
1.77,0.86,13
-2.44,0.63,13
2.19,0.77,13
2.19,0.73,13
2.19,0.72,13
-0.95,0.63,13
-1.15,0.7,13
-1.15,0.89,13
-0.18,0.67,13
-0.18,0.59,13
-0.19,0.61,13
-0.19,0.57,13
-0.19,0.56,13
1.29,0.76,13
1.29,0.73,13
-2.56,0.66,13
3.04,0.64,13
-2.56,0.56,13
0.56,0.56,13
1.66,0.76,13
1.66,0.68,13
2.29,0.82,13
2.29,0.78,13
-1.14,0.82,13
-1.14,0.81,13
1.29,0.69,13
-2.58,0.76,13
-3.1,0.71,13
-3.1,0.69,13
-0.97,0.71,13
-2.45,0.55,13
3.05,0.61,13
1.76,0.78,13
0.54,0.74,13
1.67,0.65,13
-0.98,0.71,13
-0.98,0.69,13
-0.99,0.74,13
0.75,0.56,13
-2.85,0.59,13
-1.4,0.76,13
-1.4,0.69,13
2.69,0.68,13
-2.97,0.73,13
0.76,0.63,13
-1.93,0.75,13
-0.97,0.6,13
0.56,0.66,13
0.56,0.64,13
0.56,0.6,13
-2.97,0.68,13
0.59,0.63,13
2.2,0.8,13
-2.6,0.63,13
-2.13,0.73,13
-1.0,0.68,13
2.68,0.55,13
-2.58,0.6,13
-0.2,0.63,13
-2.29,0.69,13
-2.29,0.66,13
-1.62,0.84,13
0.57,0.65,13
-0.99,0.66,13
-0.99,0.64,13
3.08,0.65,13
1.75,0.7,13
-1.96,0.78,13
-1.02,0.69,13
1.68,0.85,13
0.6,0.83,13
-1.38,0.67,13
-0.27,0.56,13
1.28,0.81,13
1.25,0.67,13
2.68,0.79,13
-2.97,0.63,13
-2.97,0.56,13
2.27,0.76,13
-2.13,0.68,13
1.67,0.83,13
1.67,0.78,13
1.69,0.79,13
-2.69,0.64,13
-2.04,0.83,13
-2.04,0.8,13
-1.79,0.93,13
1.27,0.81,13
-1.12,0.66,13
-1.94,0.67,13
-1.94,0.87,13
0.59,0.65,13
-1.66,0.95,13
0.61,0.7,13
0.61,0.65,13
0.61,0.63,13
0.61,0.6,13
-1.02,0.65,13
-1.11,0.64,13
0.64,0.71,13
0.64,0.57,13
-2.15,0.64,13
1.95,0.71,13
1.26,0.9,13
1.74,0.88,13
0.71,0.73,13
0.71,0.67,13
-1.03,0.74,13
-1.03,0.71,13
-1.03,0.68,13
-1.63,0.71,13
-2.15,0.76,13
2.21,0.75,13
2.21,0.71,13
-1.08,0.72,13
-1.09,0.67,13
-0.24,0.63,13
-0.24,0.62,13
1.26,0.85,13
-2.04,0.76,13
-1.1,0.73,13
-1.06,0.73,13
-1.06,0.7,13
0.69,0.69,13
0.69,0.62,13
2.23,0.71,13
-1.06,0.66,13
-1.64,0.8,13
2.22,0.71,13
2.22,0.67,13
2.53,0.65,13
-1.47,0.89,13
0.05,0.63,13
0.04,0.72,13
1.89,0.77,13
-0.52,0.73,13
0.04,0.54,13
1.12,0.85,13
1.12,0.81,13
1.12,0.66,13
2.02,0.79,13
-0.52,0.7,13
1.73,0.86,13
-2.48,0.64,13
-2.48,0.61,13
0.68,0.57,13
-1.95,0.86,12
1.73,0.79,12
-1.95,1.02,12
-1.1,0.81,12
-2.86,0.69,12
-2.86,0.65,12
-2.86,0.61,12
0.67,0.95,12
-1.08,0.63,12
-1.08,0.65,12
-1.08,0.84,12
-1.09,0.76,12
-3.03,0.64,12
-2.1,0.79,12
-2.1,0.76,12
0.68,0.66,12
-0.26,0.71,12
-2.04,0.81,12
-0.21,0.61,12
-0.22,0.59,12
-0.25,0.68,12
1.72,0.72,12
1.71,0.84,12
1.82,0.89,12
-2.4,0.65,12
-1.64,0.78,12
-0.26,0.58,12
-1.8,0.79,12
-1.8,0.76,12
2.66,0.66,12
-2.04,0.0,12
1.95,0.88,12
-1.1,0.75,12
-0.8,0.8,12
0.33,0.69,12
0.93,0.71,12
-1.89,0.87,12
-1.89,0.84,12
-1.71,0.82,12
-1.22,0.8,12
0.95,0.66,12
-0.77,0.7,12
-0.77,0.68,12
2.24,0.76,12
2.24,0.72,12
2.23,0.86,12
-2.47,0.6,12
2.65,0.72,12
2.65,0.68,12
1.25,0.9,12
0.7,0.64,12
-0.79,0.79,12
0.33,0.56,12
2.39,0.78,12
-2.99,0.65,12
0.34,0.67,12
-2.52,0.68,12
-2.52,0.66,12
-1.71,0.78,12
0.92,0.67,12
-0.26,0.66,12
2.68,0.64,12
-1.38,0.79,12
-0.27,0.68,12
1.28,0.85,12
1.28,0.84,12
1.28,0.82,12
0.66,0.67,12
0.66,0.59,12
1.74,0.77,12
-1.11,0.67,12
-0.2,0.64,12
-2.29,0.71,12
-2.29,0.68,12
-2.29,0.65,12
1.25,0.76,12
-2.51,0.81,12
1.25,0.81,12
-1.79,0.82,12
1.54,0.79,12
1.53,0.8,12
1.53,0.76,12
-2.83,0.7,12
-2.89,0.76,12
1.52,0.79,12
-2.56,0.78,12
2.26,0.7,12
-1.04,0.72,12
-1.4,0.75,12
2.1,0.74,12
2.92,0.72,12
2.92,0.68,12
0.32,0.62,12
0.31,0.63,12
-2.62,0.69,12
-0.8,0.68,12
-1.21,0.81,12
-0.77,0.74,12
0.35,0.65,12
-0.81,0.72,12
1.94,0.77,12
-3.1,0.72,12
2.63,0.63,12
-1.4,0.82,12
3.11,0.7,12
3.11,0.67,12
-2.98,0.67,12
-1.21,0.75,12
2.95,0.66,12
0.31,0.66,12
-2.39,0.7,12
-0.74,0.72,12
-2.39,0.73,12
1.83,0.79,12
1.83,0.75,12
1.51,0.92,12
1.51,0.83,12
0.35,0.69,12
0.9,0.68,12
2.12,0.76,12
0.71,0.69,12
0.71,0.62,12
1.29,0.77,12
2.7,0.58,12
2.69,0.71,12
2.7,0.69,12
2.7,0.65,12
1.29,1.02,12
-3.1,0.84,12
1.94,0.89,12
2.12,0.75,12
1.51,0.71,12
2.4,0.78,12
2.4,0.74,12
-2.73,0.8,12
-1.88,0.86,12
-2.21,0.62,12
0.64,0.66,12
3.1,0.72,12
1.3,0.79,12
1.96,0.89,12
0.71,0.78,12
2.9,0.68,12
-0.74,0.62,12
0.97,0.58,12
-2.83,0.9,12
1.56,0.8,12
2.1,0.68,12
-2.09,0.73,12
-0.17,0.55,12
-0.17,0.52,12
-3.01,0.64,12
-0.32,0.62,12
1.74,0.93,12
1.74,0.82,12
-1.03,0.72,12
-1.53,0.76,12
-2.21,0.74,12
-2.21,0.66,12
0.97,0.79,12
2.89,0.69,12
0.36,0.66,12
2.12,0.71,12
0.36,0.6,12
-0.81,0.71,12
-2.96,0.97,12
-1.72,0.79,12
-1.56,0.9,12
2.37,0.7,12
1.56,0.74,12
-1.81,0.86,12
1.93,0.92,12
-1.37,0.81,12
-1.37,0.79,12
-1.66,0.76,12
-1.66,0.96,12
1.68,0.78,12
1.68,0.69,12
-0.82,0.69,12
-1.24,0.63,12
-1.24,0.91,12
-0.72,0.72,12
-0.72,0.69,12
-0.72,0.65,12
2.88,0.67,12
-1.01,0.78,12
1.68,0.86,12
-2.79,0.71,12
-2.79,0.69,12
-0.71,0.66,12
0.26,0.75,12
-2.89,0.68,12
-2.89,0.64,12
-3.03,0.69,12
-2.73,0.67,12
1.5,0.84,12
1.5,0.8,12
-1.56,0.83,12
-0.83,0.72,12
-2.41,0.67,12
-2.41,0.59,12
-0.16,0.61,12
1.96,0.92,12
1.23,0.7,12
2.62,0.82,12
-0.34,0.7,12
-0.34,0.67,12
-0.35,0.77,12
-1.96,0.9,12
3.09,0.67,12
-0.84,0.84,12
1.57,0.8,12
-1.2,0.89,12
0.98,0.78,12
0.26,0.51,12
1.84,0.89,12
1.01,0.86,12
0.59,0.71,12
-2.6,0.72,12
0.73,0.64,12
1.31,0.84,12
1.31,0.78,12
-2.51,0.59,12
1.23,0.92,12
1.01,0.7,12
0.25,0.56,12
0.24,0.66,12
1.0,0.65,12
-0.83,0.75,12
2.37,0.76,12
2.72,0.57,12
1.93,0.78,12
1.93,0.67,12
-1.36,0.79,12
-2.51,0.7,12
-0.35,0.56,12
0.6,0.6,12
0.59,0.74,12
0.38,0.63,12
1.49,0.81,12
-2.22,0.8,12
-2.22,0.76,12
2.08,0.77,12
2.08,0.74,12
-1.57,1.15,12
0.39,0.82,12
-2.46,0.73,12
-1.96,0.82,12
-1.96,0.81,12
2.27,0.71,12
-2.6,0.66,12
0.39,0.62,12
1.57,0.77,12
-1.9,0.83,12
-1.9,0.82,12
-2.38,0.63,12
-0.68,0.66,12
-1.52,0.89,12
-1.52,0.85,12
0.23,0.67,12
0.23,0.61,12
2.44,0.67,12
2.44,0.66,12
2.87,0.66,12
1.48,0.79,12
1.48,0.78,12
1.48,0.74,12
-3.13,0.8,12
2.73,0.53,12
2.72,0.72,12
1.21,0.85,12
-1.42,0.83,12
-2.79,0.66,12
-2.46,0.92,12
-2.54,0.73,12
-2.82,0.67,12
-1.87,0.72,12
-1.87,1.0,12
1.47,0.86,12
-0.69,0.75,12
-1.42,0.76,12
-0.37,0.76,12
-0.37,0.68,12
-1.36,0.88,12
-1.78,0.78,12
-0.69,0.72,12
0.22,0.76,12
0.22,0.74,12
-1.26,0.84,12
-1.26,0.83,12
-0.67,0.75,12
2.15,0.78,12
-1.57,0.8,12
-2.71,0.56,12
-2.93,0.66,12
-2.93,0.65,12
-2.32,0.69,12
1.67,0.88,12
1.67,0.87,12
2.27,0.91,12
-1.19,0.77,12
-1.87,0.8,12
-1.87,0.79,12
-1.87,0.73,12
0.21,0.75,12
0.21,0.6,12
2.45,0.62,12
0.19,0.63,12
-2.13,0.66,12
-2.13,0.8,12
3.07,0.73,12
1.67,0.76,12
1.75,0.93,12
1.75,0.84,12
1.33,0.76,12
-0.37,0.67,12
-0.37,0.65,12
2.06,0.82,12
-2.37,0.58,12
1.8,0.75,12
1.03,0.76,12
-0.66,0.74,12
-0.66,0.71,12
-2.0,0.91,12
1.46,0.87,12
-3.12,0.68,12
-1.51,0.83,12
0.2,0.64,12
-2.0,0.85,12
-2.0,0.75,12
-0.66,0.66,12
-1.78,0.91,12
-0.38,0.66,12
1.92,0.74,12
-0.11,0.57,12
1.2,0.82,12
1.21,0.79,12
1.32,0.8,12
-2.03,0.7,12
-2.37,0.71,12
0.17,0.62,12
2.47,0.75,12
2.47,0.67,12
2.46,0.79,12
2.46,0.71,12
-0.4,0.79,12
-0.4,0.73,12
-0.4,0.6,12
2.74,0.76,12
2.74,0.72,12
-2.88,0.62,12
2.15,0.79,12
2.36,0.74,12
-1.57,0.97,12
2.98,0.65,12
-1.5,0.96,12
0.17,0.65,12
2.2,0.78,12
2.74,0.66,12
0.74,0.74,12
1.33,0.8,12
-1.82,0.9,12
-1.27,0.86,12
-1.27,0.82,12
-0.65,0.61,12
0.18,0.64,12
0.18,0.59,12
2.86,0.69,12
2.86,0.68,12
0.41,0.67,12
-1.19,0.91,12
-1.19,0.86,12
-0.86,0.78,12
0.87,0.6,12
2.06,0.61,12
2.06,0.75,12
0.85,0.68,12
-1.98,0.67,12
2.75,0.63,12
-1.82,0.79,12
-1.82,0.75,12
-2.97,0.7,12
-2.97,0.69,12
0.57,0.61,12
2.29,0.66,12
1.86,0.81,12
-1.27,0.71,12
2.86,0.7,12
1.45,0.72,12
1.76,0.8,12
-1.43,0.74,12
2.6,0.76,12
2.61,0.69,12
2.61,0.67,12
-0.09,0.57,12
-1.14,0.69,12
-1.14,0.66,12
0.57,0.69,12
-1.93,0.82,12
-2.74,0.54,12
2.85,0.67,12
-2.5,0.73,12
-0.86,0.67,12
1.59,0.87,12
-1.74,0.76,12
-2.08,0.95,12
3.06,0.69,12
1.91,0.8,12
1.34,0.84,12
-1.61,0.9,12
-3.08,0.65,12
1.06,0.72,12
-1.91,0.93,12
0.43,0.56,12
0.85,0.76,12
0.43,0.67,12
-2.19,0.73,12
-2.62,0.82,12
-2.49,0.63,12
-1.86,0.82,12
2.85,0.79,12
2.48,0.71,12
-0.6,0.83,12
-0.43,0.64,12
1.99,0.8,12
1.99,0.79,12
1.99,0.78,12
1.91,0.86,12
-0.98,0.81,12
0.56,0.86,12
2.05,0.81,12
0.15,0.63,12
-3.0,0.74,12
-1.91,0.81,12
-0.88,0.66,12
-2.11,0.73,12
-2.11,0.68,12
0.54,0.58,12
0.54,0.56,12
1.65,0.79,12
1.35,0.92,12
1.35,0.74,12
2.58,0.86,12
2.58,0.76,12
-0.05,0.64,12
-0.05,0.63,12
1.98,1.01,12
-0.43,0.66,12
-2.96,0.6,12
-2.49,0.58,12
-1.18,0.83,12
1.87,0.8,12
0.13,0.63,12
2.48,0.74,12
-1.74,0.88,12
-1.58,0.86,12
-1.18,0.82,12
-2.71,0.76,12
1.91,0.74,12
-2.27,0.72,12
-0.07,0.74,12
-0.07,0.64,12
1.9,0.89,12
-0.97,0.77,12
-1.67,0.75,12
2.29,0.68,12
0.54,0.62,12
-0.88,0.83,12
2.84,0.64,12
-1.49,0.81,12
-1.69,0.81,12
-1.69,0.8,12
-1.44,0.83,12
1.99,0.87,12
-2.65,0.61,12
-2.33,0.69,12
1.65,0.81,12
-0.08,0.65,12
1.98,0.67,12
-2.24,0.69,12
2.49,0.68,12
2.04,0.74,12
2.49,0.63,12
1.07,0.64,12
1.79,0.75,12
-2.84,0.58,12
2.19,0.69,12
1.36,0.75,12
-2.02,0.76,12
3.05,0.69,12
-0.58,0.64,12
-2.36,0.65,12
2.5,0.71,12
1.08,0.76,12
1.08,0.75,12
1.6,0.83,12
1.6,0.81,12
0.46,0.62,12
-1.58,0.79,12
0.45,0.64,12
-1.29,0.77,12
-1.29,0.76,12
1.88,0.75,12
-2.01,0.73,12
-2.01,0.67,12
-1.74,0.87,12
2.51,0.74,12
-1.48,1.0,12
1.64,0.9,12
1.64,0.77,12
-2.7,0.67,12
-0.95,0.75,12
-0.03,0.66,12
-2.27,0.91,12
1.16,0.88,12
1.17,0.71,12
0.55,0.7,12
-0.46,0.62,12
-1.83,0.84,12
-1.83,0.83,12
-2.06,0.68,12
-0.46,0.57,12
-1.33,0.82,12
-1.33,0.79,12
-2.33,0.73,12
0.77,0.58,12
-2.36,0.74,12
-2.36,0.69,12
2.04,0.83,12
-1.48,0.8,12
-0.56,0.6,12
2.33,0.81,12
-1.48,0.82,12
2.52,0.69,12
-2.61,0.61,12
-2.12,0.8,12
0.77,0.73,12
-2.8,0.6,12
-0.02,0.7,12
-0.02,0.68,12
1.17,0.66,12
1.17,0.89,12
-2.81,0.75,12
-2.75,0.62,12
-1.85,0.78,12
-1.85,0.96,12
2.51,0.78,12
1.1,0.7,12
-2.76,0.72,12
-2.76,0.61,12
-2.02,0.9,12
-2.17,0.73,12
-1.6,0.75,12
1.77,0.92,12
2.19,0.82,12
2.3,0.77,12
0.53,0.65,12
0.46,0.86,12
0.46,0.79,12
0.84,0.59,12
0.83,0.72,12
-0.9,0.89,12
-1.85,0.86,12
-2.94,0.67,12
0.8,0.65,12
-1.68,0.76,12
0.79,0.87,12
-1.92,0.9,12
1.38,0.72,12
0.0,0.63,12
-0.46,0.65,12
-3.06,0.65,12
3.01,0.74,12
1.61,0.75,12
1.1,0.82,12
-0.55,0.69,12
2.82,0.65,12
-1.75,0.84,12
0.06,0.67,12
-1.47,0.82,12
2.81,0.73,12
-0.55,0.61,12
0.08,0.57,12
0.81,0.77,12
1.61,0.79,12
1.16,0.8,12
-0.46,0.0,12
1.14,0.76,12
-2.54,0.6,12
-2.54,0.58,12
2.56,0.64,12
2.56,0.58,12
1.77,0.79,12
-0.92,0.83,12
0.83,0.65,12
0.82,0.61,12
1.42,0.8,12
0.07,0.73,12
2.32,0.71,12
0.79,0.68,12
2.18,0.92,12
2.18,0.76,12
2.18,0.74,12
2.18,0.69,12
1.39,0.87,12
-1.46,0.71,12
0.02,0.5,12
2.78,0.74,12
-3.04,0.66,12
-3.06,0.64,12
-0.91,0.73,12
-0.91,0.67,12
1.88,0.86,12
1.88,0.81,12
-2.25,0.61,12
2.02,0.76,12
1.78,0.76,12
-1.32,0.81,12
-2.76,0.78,12
-0.49,0.68,12
2.79,0.71,12
2.02,0.69,12
-0.48,0.67,12
3.03,0.65,12
-1.6,0.83,12
1.63,0.74,12
-0.54,0.71,12
-0.54,0.67,12
-2.25,0.71,12
2.32,0.81,12
-1.31,0.78,12
0.52,0.66,12
-2.44,0.74,12
-1.84,0.89,12
-1.84,0.88,12
2.54,0.67,12
-1.32,0.82,12
-0.5,0.7,12
1.4,0.82,12
1.4,0.77,12
-0.53,0.82,12
0.04,0.57,12
-1.47,0.73,12
0.03,0.65,12
0.03,0.64,12
2.31,0.74,12
2.31,0.69,12
2.79,0.67,12
-1.31,1.0,12
2.8,0.85,12
2.53,0.78,12
-2.25,0.66,12
0.02,0.54,12
-1.16,0.8,12
-0.93,0.97,12
-1.6,0.78,12
-0.92,0.72,12
-0.92,0.68,12
-2.7,0.55,12
1.89,0.87,12
1.89,0.81,12
1.13,0.78,12
0.0,0.73,12
0.0,0.7,12
3.14,0.36,12
1.72,0.8,12
1.27,0.8,12
1.27,0.79,12
-0.23,0.69,12
-0.23,0.61,12
2.66,0.73,12
3.13,0.7,12
2.67,0.77,12
0.67,0.72,12
-2.72,0.81,12
-0.79,0.75,12
-0.79,0.68,12
0.68,0.64,12
1.26,0.8,12
1.26,0.79,12
1.26,0.76,12
-2.04,0.71,12
1.95,0.74,12
1.26,0.83,12
-2.3,0.75,12
-1.09,0.71,11
-2.3,0.77,11
-1.39,0.78,11
-0.79,0.78,11
0.32,0.68,11
-2.72,0.76,11
0.68,0.7,11
-0.23,0.65,11
-1.07,0.78,11
-1.38,0.85,11
1.26,0.86,11
-2.78,0.72,11
3.12,0.64,11
3.12,0.61,11
2.11,0.79,11
0.93,0.68,11
-1.89,0.91,11
-1.89,0.77,11
-1.22,0.77,11
-1.22,1.01,11
-1.05,0.7,11
-2.47,0.75,11
-2.47,0.67,11
-1.65,0.77,11
1.25,0.87,11
-1.16,0.67,11
-2.44,0.67,11
1.63,1.04,11
1.63,0.84,11
-1.97,0.87,11
2.54,0.66,11
-2.54,0.64,11
0.0,0.74,11
-1.32,0.94,11
-0.5,0.67,11
0.04,0.6,11
0.49,0.72,11
1.78,0.96,11
1.78,0.89,11
1.39,0.81,11
1.39,0.77,11
2.01,0.75,11
2.01,0.72,11
-1.32,1.01,11
-1.6,0.67,11
-1.6,0.8,11
-0.54,0.73,11
-2.35,0.77,11
-2.25,0.95,11
2.52,0.77,11
2.02,0.78,11
-2.55,0.78,11
-2.55,0.74,11
2.32,0.87,11
1.13,0.74,11
-1.31,0.74,11
0.52,0.64,11
2.18,0.78,11
1.78,0.83,11
-1.84,0.99,11
-1.84,0.96,11
1.15,0.75,11
-0.02,0.65,11
-3.04,0.7,11
1.62,0.94,11
0.07,0.62,11
-3.02,0.79,11
1.11,0.77,11
0.49,0.66,11
1.78,0.78,11
-3.0,0.69,11
-0.49,0.77,11
1.13,0.8,11
2.55,0.67,11
2.55,0.63,11
-2.91,0.65,11
1.77,0.82,11
1.77,0.8,11
-0.91,0.64,11
-0.92,0.75,11
0.83,0.62,11
0.48,0.67,11
0.82,0.69,11
1.42,0.89,11
1.42,0.85,11
0.07,0.65,11
2.32,0.7,11
-3.04,0.74,11
0.79,0.63,11
1.1,0.73,11
-1.75,0.77,11
-2.63,0.72,11
-1.75,0.82,11
-1.47,0.81,11
-2.35,0.67,11
1.88,0.87,11
2.81,0.82,11
-1.3,0.83,11
0.81,0.75,11
-1.17,0.85,11
-0.53,0.68,11
1.62,0.72,11
2.78,0.64,11
2.77,0.73,11
-3.0,0.59,11
0.8,0.71,11
-2.7,0.78,11
-2.7,0.72,11
-1.68,0.71,11
-1.68,0.67,11
0.79,0.81,11
0.79,0.79,11
-2.02,0.66,11
-1.76,0.8,11
2.0,0.82,11
-0.46,0.7,11
3.01,0.67,11
-1.97,0.83,11
-0.56,0.74,11
-0.56,0.68,11
-0.56,0.66,11
-1.97,0.77,11
0.47,0.66,11
-0.46,0.64,11
-1.76,0.79,11
-1.76,0.68,11
-1.76,0.95,11
-2.76,0.68,11
-2.76,0.63,11
-2.02,0.89,11
0.47,0.63,11
0.47,0.61,11
0.83,0.68,11
-2.67,0.68,11
-2.67,0.66,11
2.51,0.67,11
-1.17,0.82,11
-2.12,0.85,11
0.78,0.77,11
0.77,0.65,11
1.37,0.79,11
-1.45,0.73,11
-0.01,0.76,11
2.0,0.84,11
-0.04,0.73,11
-2.75,0.73,11
1.08,0.7,11
2.5,0.64,11
-2.81,0.65,11
-2.81,0.63,11
-3.02,0.6,11
-2.07,0.84,11
-1.97,0.8,11
0.55,0.63,11
-1.83,0.86,11
-1.83,0.82,11
-1.33,0.76,11
-0.46,0.79,11
-1.83,0.99,11
-0.95,0.72,11
-0.95,0.68,11
-2.36,0.71,11
-1.48,0.68,11
-0.57,0.61,11
-2.43,0.62,11
-2.43,0.6,11
0.46,0.7,11
-2.18,0.92,11
-1.48,0.85,11
-0.59,0.77,11
0.1,0.56,11
2.33,0.71,11
0.45,0.61,11
0.45,0.53,11
-3.13,0.76,11
-1.29,0.84,11
-2.01,0.83,11
-1.85,0.9,11
-0.58,0.72,11
-1.15,0.81,11
-0.95,0.82,11
1.16,0.96,11
-2.06,0.81,11
1.17,0.68,11
0.55,0.67,11
-2.17,0.83,11
-2.17,0.81,11
2.3,0.8,11
2.3,0.78,11
1.36,0.86,11
-1.33,0.86,11
1.9,0.73,11
1.9,0.66,11
2.76,0.69,11
-0.45,0.73,11
-1.15,0.8,11
3.05,0.73,11
-2.57,0.61,11
-0.58,0.62,11
-2.36,0.6,11
-1.29,1.03,11
-0.05,0.7,11
-1.44,0.75,11
-0.05,0.59,11
1.99,0.83,11
0.76,0.77,11
0.76,0.71,11
-2.64,0.79,11
0.44,0.75,11
0.44,0.68,11
-1.74,0.93,11
-1.74,0.83,11
2.16,0.69,11
-2.18,0.63,11
-1.85,0.94,11
-2.75,0.78,11
-0.58,0.88,11
-0.06,0.67,11
-0.96,0.78,11
2.29,0.74,11
-0.88,0.7,11
3.0,0.6,11
2.84,0.75,11
2.84,0.72,11
-0.61,0.7,11
-0.61,0.69,11
2.05,0.79,11
2.48,0.64,11
-0.59,0.67,11
1.43,0.83,11
-2.18,0.7,11
1.76,0.79,11
-1.83,0.98,11
-2.84,0.65,11
1.9,0.86,11
1.9,0.83,11
2.58,0.72,11
1.34,0.8,11
1.34,0.78,11
0.85,0.69,11
1.87,0.88,11
1.87,0.87,11
1.87,0.83,11
1.87,0.82,11
0.13,0.65,11
-1.77,0.82,11
2.76,0.73,11
-2.27,0.78,11
1.18,0.84,11
-1.34,0.9,11
-1.34,0.87,11
-1.34,0.79,11
-0.42,0.73,11
1.91,0.82,11
1.76,0.86,11
2.29,0.81,11
-1.61,0.77,11
-1.28,0.71,11
1.44,0.76,11
1.44,0.75,11
1.44,0.74,11
0.15,0.65,11
-1.49,0.8,11
1.87,1.01,11
-2.11,0.66,11
-1.28,0.87,11
-1.28,0.85,11
0.42,0.73,11
0.87,0.68,11
0.43,0.84,11
0.43,0.64,11
2.35,0.68,11
2.36,0.66,11
-2.49,0.65,11
-0.62,0.69,11
-0.62,0.6,11
-1.86,0.72,11
-1.74,0.78,11
-0.6,0.75,11
-0.6,0.68,11
2.6,0.68,11
-2.87,0.71,11
-2.87,0.66,11
0.76,0.87,11
3.06,0.66,11
1.66,0.81,11
1.91,0.77,11
-0.08,0.53,11
1.19,0.91,11
1.19,0.88,11
1.19,0.83,11
-1.61,0.83,11
-1.61,0.82,11
-3.08,0.7,11
0.15,0.7,11
1.06,0.73,11
0.13,0.75,11
2.99,0.66,11
-1.61,0.81,11
1.98,0.77,11
-1.43,0.88,11
-1.43,0.83,11
1.2,0.76,11
3.07,0.75,11
2.99,0.63,11
-0.86,0.72,11
-2.74,0.58,11
-1.5,0.84,11
-2.9,0.62,11
1.05,0.69,11
2.85,0.63,11
1.59,1.0,11
0.16,0.68,11
0.76,0.68,11
0.76,0.66,11
0.58,0.71,11
2.2,0.63,11
0.75,0.7,11
1.8,0.91,11
1.8,0.9,11
1.8,0.84,11
1.86,0.82,11
1.87,0.66,11
1.86,0.87,11
-2.5,0.69,11
-0.63,0.62,11
-2.74,0.66,11
0.87,0.64,11
2.99,0.71,11
-2.66,0.73,11
2.86,0.62,11
0.41,0.7,11
0.87,0.76,11
0.87,0.72,11
-1.19,0.66,11
-0.86,0.85,11
-0.86,0.77,11
1.04,0.82,11
1.04,0.75,11
1.04,0.72,11
-1.98,0.7,11
-0.41,0.61,11
1.34,0.73,11
-1.82,0.82,11
1.66,0.84,11
-1.27,0.87,11
0.76,0.62,11
-0.99,0.89,11
-0.1,0.65,11
-0.1,0.61,11
2.61,0.75,11
-2.03,0.82,11
2.74,0.62,11
-2.77,0.71,11
0.75,0.59,11
-2.85,0.7,11
1.33,0.77,11
-1.27,0.81,11
-1.27,0.72,11
-0.65,0.71,11
-0.65,0.65,11
-0.41,0.7,11
-0.39,0.69,11
-3.11,0.76,11
1.33,0.88,11
0.58,0.72,11
-1.35,0.82,11
-1.35,0.78,11
-1.35,0.76,11
-2.11,0.91,11
2.15,0.9,11
2.15,0.85,11
-1.57,1.02,11
2.98,0.61,11
1.46,0.85,11
1.46,0.84,11
1.46,0.8,11
3.08,0.72,11
3.08,0.68,11
3.08,0.66,11
2.47,0.72,11
-0.64,0.71,11
2.46,0.67,11
1.03,0.66,11
1.03,0.64,11
-2.59,0.65,11
-2.59,0.59,11
-0.64,0.74,11
2.36,0.71,11
2.36,0.69,11
-0.4,0.66,11
-0.41,0.77,11
-0.41,0.75,11
-1.26,0.74,11
-1.26,0.9,11
-2.71,0.66,11
-2.66,0.66,11
1.85,0.86,11
0.2,0.65,11
-2.82,0.88,11
0.19,0.8,11
-2.0,0.76,11
1.46,0.79,11
-2.37,0.76,11
1.22,0.65,11
-1.78,1.06,11
-2.93,0.75,11
-0.12,0.69,11
1.21,0.78,11
-2.0,0.74,11
0.19,0.66,11
0.74,0.63,11
2.28,0.83,11
1.75,0.82,11
-1.62,0.81,11
1.33,0.7,11
-1.35,0.73,11
-0.37,0.64,11
0.19,0.56,11
1.47,0.81,11
1.47,0.76,11
-1.51,0.99,11
2.06,0.81,11
-2.59,0.69,11
1.85,0.88,11
1.21,0.89,11
-2.93,0.57,11
1.32,0.89,11
1.32,0.82,11
1.32,0.81,11
-2.28,0.72,11
-2.28,0.69,11
-2.32,0.67,11
2.73,0.86,11
2.73,0.7,11
0.88,0.62,11
-1.57,0.89,11
-1.7,0.92,11
-2.88,0.66,11
-1.87,0.76,11
-3.12,0.66,11
-1.13,0.69,11
-1.13,0.65,11
-3.14,0.81,11
3.08,0.74,11
-0.38,0.74,11
-2.05,0.91,11
-2.05,0.76,11
-1.42,0.75,11
1.92,0.85,11
2.44,0.82,11
2.44,0.79,11
-2.59,0.67,11
1.02,0.74,11
-1.57,0.81,11
1.57,1.08,11
-1.19,0.78,11
0.74,0.68,11
1.67,0.89,11
-2.93,0.85,11
-2.68,0.91,11
-1.98,0.75,11
-1.98,0.73,11
1.57,0.99,11
1.57,0.93,11
1.85,0.84,11
-2.54,0.68,11
-2.82,0.77,11
-2.82,0.74,11
-2.82,0.71,11
-0.68,0.76,11
2.27,0.81,11
-2.13,0.7,11
-1.52,0.79,11
-2.57,0.72,11
-2.57,0.71,11
-0.68,0.67,11
-0.68,0.64,11
-0.69,0.79,11
-1.52,0.87,11
0.23,0.65,11
2.36,0.81,11
2.97,0.73,11
2.72,0.75,11
-0.13,0.72,11
-2.51,0.69,11
-2.51,0.63,11
-1.36,0.76,11
-1.36,0.71,11
3.09,0.62,11
-1.96,0.86,11
2.28,0.69,11
-1.62,0.85,11
1.32,0.76,11
1.92,0.88,11
1.92,0.87,11
1.92,0.86,11
1.22,0.8,11
1.23,0.82,11
-0.35,0.68,11
0.39,0.64,11
0.88,0.75,11
0.88,0.63,11
2.43,0.7,11
-1.52,0.83,11
2.72,0.65,11
2.62,0.58,11
-1.36,0.86,11
-1.36,0.81,11
-0.14,0.71,11
-0.14,0.62,11
2.71,0.69,11
0.6,0.64,11
2.37,0.74,11
2.37,0.73,11
2.14,0.86,11
2.37,0.67,11
0.37,0.82,11
0.37,0.65,11
2.43,0.81,11
1.57,0.85,11
1.67,0.86,11
2.62,0.7,11
1.22,0.86,11
1.22,0.81,11
1.23,0.86,11
-0.16,0.68,11
-2.38,0.77,11
0.25,0.64,11
0.25,0.52,11
0.24,0.61,11
0.24,0.58,11
-2.73,0.72,11
1.0,0.66,11
-1.25,0.77,11
1.48,0.91,11
2.37,0.87,11
-0.34,0.71,11
-0.34,0.64,11
0.6,0.72,11
-1.96,0.92,11
-0.84,0.9,11
-0.84,0.78,11
1.81,0.73,11
2.96,0.69,11
-0.83,0.76,11
0.98,0.73,11
0.25,0.74,11
1.84,1.0,11
1.01,0.76,11
0.72,0.69,11
-2.6,0.7,11
-2.6,0.68,11
-1.02,0.73,11
1.68,0.97,11
1.68,0.88,11
0.6,0.73,11
-2.64,0.71,11
-2.79,0.76,11
-1.63,0.86,11
0.62,0.68,11
0.62,0.66,11
-2.38,0.72,11
1.83,0.96,11
1.83,0.92,11
0.36,0.84,11
-1.41,0.81,11
-0.15,0.71,11
-0.15,0.65,11
0.61,0.61,11
-0.19,0.69,11
-0.19,0.67,11
-0.19,0.62,11
-0.82,0.78,11
-0.82,0.75,11
-0.82,0.71,11
-1.24,0.82,11
-0.72,0.6,11
-1.88,0.8,11
1.84,0.83,11
1.84,0.79,11
-0.7,0.63,11
-2.53,0.66,11
-2.53,0.61,11
-1.96,0.76,11
2.89,0.71,11
1.83,0.8,11
-2.95,0.77,11
-2.41,0.7,11
-1.9,0.91,11
0.36,0.64,11
0.89,0.83,11
0.89,0.79,11
-0.81,0.69,11
-0.81,0.63,11
-2.96,0.76,11
2.4,0.81,11
2.71,0.66,11
1.93,0.88,11
-1.37,0.78,11
0.72,0.65,11
-2.09,0.77,11
1.3,0.93,11
1.3,0.88,11
1.3,0.87,11
3.1,0.71,11
-2.46,0.71,11
-2.86,0.77,11
0.63,0.67,11
-2.46,0.7,11
0.64,0.68,11
-2.09,0.72,11
-1.53,0.75,11
2.41,0.75,11
2.41,0.73,11
-1.88,0.75,11
-2.21,0.71,11
1.96,0.85,11
1.96,0.78,11
1.3,0.78,11
-0.18,0.84,11
-0.18,0.7,11
-0.18,0.64,11
-2.68,0.71,11
0.7,0.56,11
2.1,0.79,11
0.29,0.63,11
0.29,0.62,11
0.27,0.64,11
2.89,0.65,11
-0.73,0.73,11
-1.88,0.77,11
1.56,0.78,11
-0.32,0.65,11
1.69,0.91,11
-0.29,0.71,11
-0.29,0.68,11
1.81,0.82,11
0.91,0.62,11
0.91,0.59,11
1.51,0.76,11
2.4,0.75,11
2.4,0.68,11
0.97,0.75,11
-0.74,0.79,11
-1.88,0.81,11
-2.53,0.89,11
2.21,0.7,11
1.3,0.83,11
-2.83,0.67,11
0.31,0.76,11
0.97,0.7,11
0.97,0.66,11
-2.39,0.76,11
1.52,0.77,11
-2.89,0.8,11
0.3,0.61,11
0.28,0.66,11
-1.23,0.85,11
-2.55,0.63,11
0.9,0.75,11
0.35,0.66,11
2.38,0.71,11
1.29,0.74,11
-2.31,0.68,11
-0.77,0.75,11
0.34,0.68,11
1.94,0.85,11
-2.92,0.73,11
-2.92,0.64,11
-0.21,0.73,11
-0.21,0.66,11
1.24,0.85,11
1.24,0.74,11
-2.51,0.78,11
1.7,0.76,11
-1.21,0.78,11
-1.21,0.72,11
2.95,0.74,11
-0.76,0.82,11
-0.76,0.65,11
-1.22,0.61,11
-3.07,0.7,11
0.31,0.59,11
-2.62,0.66,11
-2.39,0.67,11
2.95,0.61,11
-1.21,0.67,11
-1.21,0.92,11
-0.81,0.75,11
1.56,0.72,11
-2.99,0.72,11
-2.99,0.71,11
1.81,1.01,11
-0.8,0.73,11
-2.2,0.75,11
-2.2,0.74,11
-2.83,0.83,11
-2.56,0.71,11
-2.15,0.66,11
2.26,0.77,11
2.26,0.69,11
-1.4,0.73,11
-0.2,0.74,11
-2.58,0.68,11
-0.3,0.68,11
-0.3,0.66,11
0.7,0.74,11
0.7,0.72,11
0.65,0.68,11
-2.62,0.64,11
2.91,0.66,11
-1.22,0.69,11
2.25,0.76,11
-2.68,0.67,11
1.7,0.83,11
-1.4,0.9,11
1.28,0.78,11
-1.8,0.81,11
-1.79,0.79,11
0.92,0.63,11
2.94,0.69,11
2.94,0.63,11
-2.1,0.68,11
-1.89,0.99,11
1.53,0.81,11
1.53,0.78,11
0.95,0.71,11
1.52,0.81,11
1.25,0.84,11
3.13,0.71,11
-1.64,0.92,11
-0.79,0.83,11
0.93,0.64,11
0.33,0.63,11
-2.52,0.59,11
2.39,0.67,11
0.94,0.69,11
-1.71,0.77,11
2.65,0.77,11
0.66,0.62,11
0.66,0.55,11
2.21,0.9,11
-1.65,0.83,11
-1.11,0.75,11
2.24,0.69,11
-1.95,0.87,11
-0.24,0.7,11
0.67,0.67,11
2.24,0.79,11
-1.08,0.77,11
1.73,0.72,11
0.68,0.67,11
1.27,0.86,11
-0.25,0.69,11
-0.25,0.65,11
1.71,1.19,11
1.82,0.78,11
-0.26,0.65,11
1.28,0.77,11
-1.38,0.91,11
-1.31,1.04,11
-0.51,0.68,11
2.8,0.71,11
0.03,0.73,11
-1.46,0.69,11
-1.46,0.85,11
0.79,0.75,11
-3.06,0.68,11
2.17,0.83,11
-2.7,0.6,11
-1.16,0.72,11
0.02,0.63,11
1.89,0.88,11
-3.09,0.65,11
-1.39,0.89,11
2.23,0.74,11
-1.39,0.77,10
-1.95,0.92,10
2.24,0.8,10
-3.05,0.72,10
-2.86,0.68,10
-1.1,0.82,10
0.68,0.74,10
0.67,0.69,10
-0.23,0.66,10
2.66,0.78,10
-1.1,0.78,10
-2.04,1.0,10
1.27,0.9,10
-0.22,0.62,10
-1.79,0.77,10
2.67,0.75,10
2.67,0.66,10
-2.04,0.67,10
-0.25,0.6,10
1.72,0.79,10
1.71,0.89,10
-1.07,0.73,10
3.13,0.78,10
3.13,0.73,10
1.53,0.86,10
2.92,0.81,10
-1.22,0.83,10
-1.22,0.81,10
2.11,0.71,10
0.32,0.87,10
-3.07,0.64,10
0.94,0.81,10
0.94,0.79,10
0.94,0.78,10
-2.1,0.95,10
2.38,0.84,10
-2.1,0.86,10
0.33,0.72,10
0.33,0.66,10
1.82,0.92,10
-1.23,0.9,10
-0.75,0.69,10
2.92,0.67,10
2.92,0.62,10
-1.22,0.74,10
-2.62,0.68,10
-0.77,0.83,10
-0.77,0.78,10
-1.71,0.79,10
0.92,0.72,10
0.92,0.71,10
0.92,0.7,10
-2.1,0.69,10
-0.8,0.84,10
2.94,0.71,10
1.54,0.97,10
-0.75,0.67,10
-0.76,0.63,10
-2.83,0.63,10
0.31,0.9,10
-1.23,0.7,10
-2.39,0.69,10
-1.99,0.89,10
-1.21,0.94,10
-1.21,0.85,10
-2.2,0.71,10
-0.77,0.77,10
1.52,0.86,10
-1.99,0.8,10
-2.83,0.8,10
0.3,0.6,10
2.91,0.74,10
0.91,0.67,10
2.4,0.79,10
2.4,0.69,10
-0.74,0.92,10
-0.74,0.71,10
-1.99,0.87,10
-2.89,0.82,10
-1.54,0.76,10
-1.54,0.99,10
1.51,0.88,10
1.51,0.86,10
0.35,0.61,10
0.34,0.79,10
0.34,0.71,10
2.95,0.77,10
2.95,0.67,10
1.83,0.88,10
1.83,0.86,10
-2.21,0.73,10
-1.72,1.0,10
-1.88,0.85,10
2.9,0.72,10
0.29,0.57,10
-0.73,0.7,10
-0.73,0.67,10
2.9,0.63,10
1.56,0.86,10
2.38,0.66,10
1.56,0.76,10
1.81,0.86,10
1.81,0.84,10
1.81,0.8,10
-2.41,0.72,10
-1.24,0.81,10
-1.24,0.79,10
2.88,0.66,10
-1.88,0.79,10
-2.95,0.67,10
-2.95,0.66,10
0.89,0.63,10
-2.96,0.77,10
-2.96,0.69,10
0.27,0.84,10
0.27,0.72,10
0.27,0.67,10
2.09,0.72,10
2.41,0.66,10
-1.53,0.83,10
0.98,0.67,10
2.88,0.7,10
1.84,0.87,10
1.5,0.89,10
-1.24,0.85,10
0.26,0.7,10
-2.89,0.71,10
-2.89,0.6,10
1.83,0.91,10
1.5,0.85,10
-1.56,0.88,10
-1.56,0.84,10
-1.56,0.8,10
0.36,0.79,10
-1.56,0.89,10
-0.82,0.67,10
1.48,0.85,10
1.48,0.84,10
-2.38,0.84,10
0.25,0.6,10
0.24,0.71,10
1.0,0.71,10
-1.25,0.76,10
-0.7,0.79,10
-1.25,0.93,10
2.97,0.63,10
2.96,0.76,10
2.96,0.7,10
-1.2,0.83,10
2.88,0.84,10
2.09,0.66,10
0.98,0.71,10
-1.25,0.92,10
-1.25,0.88,10
-1.52,0.81,10
1.0,0.75,10
-1.73,0.82,10
-2.66,0.64,10
1.84,0.73,10
2.37,0.93,10
2.37,0.9,10
2.37,0.79,10
-3.13,0.81,10
2.37,0.64,10
0.37,0.89,10
0.37,0.74,10
1.84,1.06,10
2.43,0.77,10
-1.98,0.77,10
-2.82,0.76,10
0.22,0.79,10
-1.26,1.06,10
1.48,0.86,10
0.23,0.71,10
0.23,0.69,10
2.87,0.67,10
2.14,0.69,10
0.88,0.72,10
-1.9,0.84,10
-0.84,0.72,10
-2.88,0.7,10
-3.07,0.74,10
2.87,0.75,10
-1.25,0.72,10
1.85,0.69,10
2.45,0.7,10
-1.87,0.98,10
-1.87,0.91,10
-1.87,0.89,10
1.47,0.87,10
-1.73,0.87,10
0.22,0.59,10
2.44,0.69,10
1.02,0.84,10
-1.26,0.86,10
-0.85,0.81,10
-0.85,0.71,10
2.98,0.8,10
2.98,0.71,10
2.98,0.66,10
1.85,0.89,10
-3.12,0.79,10
-2.82,0.82,10
0.19,0.72,10
1.47,0.84,10
-1.51,0.9,10
-2.59,0.71,10
-0.67,0.8,10
-0.67,0.77,10
-1.26,0.92,10
2.98,0.6,10
-2.71,0.64,10
1.58,0.85,10
0.4,0.76,10
0.4,0.6,10
-2.67,0.78,10
1.46,0.64,10
-0.65,0.75,10
0.17,0.7,10
-2.08,0.7,10
-1.27,0.95,10
-0.64,0.73,10
-1.5,0.75,10
2.36,0.72,10
-2.19,0.66,10
2.36,0.8,10
-1.57,1.01,10
-0.66,0.7,10
-2.37,0.73,10
0.17,0.63,10
2.47,0.8,10
-2.23,0.96,10
-1.98,0.95,10
1.8,0.93,10
1.86,0.75,10
-1.27,0.68,10
-2.37,0.9,10
2.86,0.75,10
2.86,0.73,10
-2.74,0.65,10
0.41,0.86,10
0.41,0.8,10
0.41,0.72,10
0.87,0.85,10
0.87,0.78,10
1.04,0.76,10
2.06,0.72,10
-1.27,0.83,10
0.85,0.79,10
0.85,0.74,10
2.99,0.7,10
-2.9,0.61,10
1.05,0.81,10
-2.08,0.78,10
-2.08,0.76,10
2.85,0.78,10
1.45,0.89,10
1.45,0.85,10
-2.23,0.81,10
1.79,1.0,10
-2.62,0.72,10
-2.62,0.7,10
-2.19,0.82,10
-2.19,0.76,10
-0.63,0.67,10
-0.63,0.65,10
2.85,0.82,10
2.48,0.73,10
-1.74,0.77,10
-1.74,0.94,10
-2.23,0.74,10
0.16,0.8,10
0.16,0.73,10
-3.08,0.69,10
-3.08,0.68,10
1.06,0.74,10
-1.28,0.84,10
2.34,0.9,10
0.43,0.61,10
0.86,0.69,10
-1.91,0.82,10
1.87,0.93,10
-1.74,0.9,10
-0.6,0.73,10
2.84,0.89,10
0.15,0.62,10
0.14,0.69,10
-1.49,0.79,10
0.12,0.64,10
-0.61,0.66,10
-3.0,0.75,10
2.35,0.79,10
2.35,0.71,10
-1.18,0.78,10
-2.49,0.67,10
1.86,0.84,10
-2.71,0.7,10
-0.88,0.88,10
2.05,0.78,10
1.43,0.88,10
1.43,0.77,10
-2.01,0.9,10
-2.24,0.77,10
-2.24,0.76,10
2.34,0.86,10
2.34,0.81,10
2.34,0.78,10
2.34,0.65,10
0.85,0.58,10
-2.11,0.81,10
1.8,0.7,10
-1.18,0.87,10
-1.69,0.84,10
2.16,0.88,10
2.16,0.74,10
-2.24,0.73,10
-2.24,0.72,10
2.49,0.75,10
2.49,0.71,10
2.04,0.71,10
0.11,0.6,10
1.07,0.75,10
2.04,0.98,10
1.43,0.69,10
2.16,0.67,10
-0.89,0.7,10
1.79,0.88,10
-1.58,0.85,10
3.0,0.73,10
-1.74,0.84,10
1.09,0.71,10
-2.07,0.71,10
-1.85,0.95,10
-1.29,0.74,10
-1.29,1.01,10
2.5,0.69,10
1.08,0.84,10
1.08,0.79,10
3.0,0.7,10
1.6,0.8,10
-1.69,0.78,10
-1.69,0.74,10
0.44,0.7,10
0.44,0.65,10
-2.81,0.79,10
-1.3,0.98,10
1.09,0.77,10
-2.07,0.91,10
-2.07,0.85,10
-1.85,0.89,10
-0.58,0.76,10
-2.36,0.75,10
-1.29,0.85,10
2.04,0.81,10
2.82,0.77,10
-0.57,0.65,10
-1.85,0.8,10
-2.43,0.65,10
-1.58,0.77,10
0.45,0.83,10
-0.56,0.64,10
2.83,0.67,10
1.1,0.8,10
1.1,0.75,10
-1.75,0.81,10
-0.55,0.81,10
-0.55,0.63,10
2.82,0.72,10
0.47,0.73,10
0.84,0.69,10
-0.9,0.79,10
-1.85,0.88,10
-2.94,0.74,10
-2.94,0.73,10
-1.85,1.12,10
2.52,0.68,10
2.81,0.69,10
2.81,0.66,10
0.08,0.77,10
0.08,0.69,10
0.08,0.66,10
-3.02,0.69,10
-3.02,0.63,10
2.03,0.84,10
-1.3,0.88,10
-1.3,0.86,10
-1.3,0.79,10
-1.17,0.84,10
-0.91,0.8,10
3.01,0.73,10
1.61,0.78,10
-1.97,0.85,10
-2.25,0.89,10
-2.25,0.78,10
-3.02,0.71,10
-3.02,0.7,10
1.11,0.91,10
1.11,0.76,10
1.11,0.69,10
1.62,0.81,10
1.62,0.7,10
1.61,0.93,10
-0.92,0.93,10
0.48,0.81,10
0.82,0.77,10
-1.3,0.78,10
-1.47,0.76,10
1.41,0.8,10
3.02,0.71,10
3.02,0.69,10
1.78,0.77,10
2.32,0.92,10
-0.53,0.63,10
-2.63,0.76,10
2.02,0.91,10
2.02,0.89,10
2.02,0.8,10
-0.52,0.58,10
-3.04,0.73,10
3.02,0.63,10
1.62,1.17,10
1.62,0.95,10
1.62,0.83,10
1.88,0.85,10
1.12,0.8,10
1.12,0.73,10
-0.5,0.81,10
1.4,0.81,10
-1.47,0.88,10
0.04,0.79,10
0.03,0.66,10
0.02,0.7,10
0.02,0.69,10
0.02,0.68,10
0.02,0.66,10
-1.68,0.85,10
0.5,0.73,10
0.5,0.7,10
0.49,0.61,10
2.32,0.96,10
2.54,0.72,10
0.0,0.69,10
-2.26,0.79,10
-2.25,0.64,10
-1.46,0.8,10
-1.46,0.76,10
2.79,0.66,10
0.79,0.74,10
0.79,0.69,10
0.51,0.66,10
0.51,0.59,10
-1.16,0.74,10
-1.68,0.86,10
2.8,0.68,10
1.4,0.75,10
1.4,0.73,10
2.78,0.69,10
-1.32,0.89,10
-1.32,0.8,10
-3.0,0.73,10
2.79,0.77,10
1.13,0.95,10
1.38,0.9,10
1.38,0.89,10
-0.48,0.72,10
-0.93,0.78,10
-1.92,0.81,10
-1.92,0.8,10
1.63,0.91,10
2.79,0.65,10
-1.31,0.89,10
-1.31,0.87,10
2.78,0.63,10
-1.84,1.18,10
2.01,0.78,10
-2.91,0.71,10
-2.91,0.66,10
2.56,0.75,10
2.56,0.7,10
2.56,0.68,10
-0.93,0.77,10
-0.93,0.71,10
-0.93,0.69,10
-0.94,0.75,10
1.78,0.88,10
-0.48,0.65,10
-1.84,0.91,10
0.01,0.74,10
1.37,0.8,10
-2.8,0.67,10
2.0,1.0,10
-0.46,0.67,10
-2.8,0.71,10
-1.45,0.9,10
-1.45,0.88,10
-1.45,0.86,10
-1.45,0.85,10
-1.45,0.81,10
-2.02,0.81,10
1.77,0.85,10
-2.8,0.76,10
1.38,0.79,10
1.15,0.97,10
1.16,0.77,10
-0.03,0.68,10
1.16,0.87,10
-2.06,0.75,10
-1.44,1.04,10
-2.27,0.88,10
2.57,0.71,10
-0.03,0.7,10
-1.33,0.84,10
-0.46,0.74,10
2.19,0.81,10
-2.61,0.69,10
-2.61,0.67,10
-2.12,0.75,10
0.77,0.8,10
0.77,0.75,10
1.37,0.87,10
1.17,0.87,10
1.17,0.74,10
1.36,0.85,10
1.9,0.79,10
2.76,0.72,10
-0.45,0.66,10
-1.83,1.06,10
-1.67,0.87,10
-1.67,0.82,10
-1.15,0.73,10
-1.15,0.84,10
-0.95,0.81,10
-0.95,0.8,10
-1.67,0.79,10
0.77,0.62,10
-0.03,0.69,10
-1.67,0.76,10
-2.49,0.71,10
3.05,0.74,10
1.65,0.85,10
-1.83,0.88,10
-0.05,0.68,10
-0.05,0.66,10
-1.44,0.81,10
-1.44,0.79,10
-2.65,0.68,10
-2.33,0.63,10
0.76,0.69,10
0.55,0.69,10
0.54,0.79,10
2.3,0.84,10
-1.67,0.72,10
0.54,0.71,10
0.54,0.67,10
-1.77,0.8,10
-1.77,0.91,10
-1.77,0.86,10
1.18,0.93,10
1.18,0.83,10
1.18,0.82,10
-0.07,0.65,10
-0.44,0.75,10
-0.44,0.55,10
-1.15,1.0,10
-0.96,0.89,10
-0.96,0.66,10
-1.61,0.79,10
2.3,0.72,10
1.19,0.86,10
1.19,0.84,10
1.34,0.93,10
1.34,0.9,10
1.34,0.81,10
1.98,0.92,10
-0.42,0.63,10
-0.43,0.76,10
2.76,0.66,10
2.76,0.63,10
1.76,0.98,10
1.76,0.95,10
1.76,0.89,10
2.29,0.76,10
2.29,0.72,10
0.54,0.72,10
-2.16,0.81,10
-2.16,0.71,10
-1.61,0.84,10
-1.43,0.69,10
-1.43,0.9,10
2.6,0.83,10
2.6,0.77,10
2.6,0.74,10
-0.09,0.69,10
-0.09,0.68,10
-1.14,0.74,10
-0.98,0.82,10
-2.16,0.94,10
-1.61,0.78,10
1.76,1.16,10
2.59,0.71,10
-2.45,0.68,10
-1.93,0.93,10
-1.93,0.92,10
-1.93,0.89,10
-1.93,0.79,10
1.2,0.75,10
1.91,0.95,10
1.91,0.93,10
-2.58,0.86,10
2.75,0.7,10
2.75,0.69,10
-1.82,0.87,10
-1.82,0.86,10
-1.82,0.81,10
1.19,0.97,10
1.66,0.85,10
-0.98,0.8,10
-0.98,0.78,10
-0.1,0.72,10
-0.1,0.64,10
-2.28,0.81,10
-2.28,0.8,10
2.61,0.92,10
2.61,0.73,10
-2.03,0.75,10
-0.39,0.68,10
-2.77,0.73,10
-0.99,0.76,10
0.74,0.9,10
0.57,0.77,10
0.57,0.73,10
-2.45,0.76,10
1.33,0.83,10
-0.12,0.7,10
-0.12,0.64,10
1.2,0.9,10
1.2,0.87,10
-0.4,0.72,10
-0.4,0.71,10
-3.11,0.68,10
1.33,0.95,10
-1.62,0.8,10
-1.62,0.79,10
0.75,0.64,10
0.75,0.61,10
-1.13,0.73,10
2.2,0.74,10
2.2,0.71,10
-2.05,0.77,10
-1.42,0.77,10
-1.42,0.71,10
-0.37,0.77,10
-2.28,0.74,10
-2.32,0.81,10
-2.32,0.7,10
2.73,0.74,10
-2.13,0.64,10
2.28,1.03,10
1.75,0.88,10
-1.35,0.91,10
-1.35,0.87,10
-1.35,0.84,10
-1.78,0.9,10
-0.38,0.6,10
-1.81,0.73,10
2.72,0.81,10
1.21,0.88,10
1.21,0.84,10
-0.13,0.68,10
-0.13,0.65,10
-0.37,0.62,10
-1.36,0.77,10
-1.36,0.97,10
-1.36,0.9,10
-1.96,0.75,10
-2.13,0.72,10
-3.14,0.79,10
-3.14,0.71,10
-3.14,0.7,10
-2.05,0.79,10
2.72,0.7,10
2.72,0.68,10
-0.13,0.64,10
2.71,0.71,10
2.71,0.7,10
-0.36,0.81,10
1.92,0.77,10
3.09,0.64,10
1.75,0.71,10
-1.62,0.86,10
2.2,0.83,10
-2.87,0.79,10
1.92,1.04,10
1.92,0.96,10
-2.77,0.67,10
-1.78,0.82,10
-1.41,0.93,10
-1.41,0.92,10
-1.41,0.87,10
-0.15,0.63,10
1.96,0.93,10
1.23,0.8,10
1.23,0.79,10
-0.34,0.8,10
-0.34,0.72,10
-2.61,0.78,10
0.59,0.73,10
0.59,0.67,10
0.73,0.69,10
0.73,0.67,10
1.31,0.79,10
-1.78,0.87,10
-1.12,0.73,10
-2.69,0.65,10
-1.94,0.9,10
-1.63,0.78,10
-1.63,0.76,10
-1.63,1.16,10
-3.05,0.62,10
0.61,0.57,10
-2.46,0.6,10
3.09,0.77,10
3.09,0.76,10
-1.96,0.93,10
-2.79,0.85,10
-2.79,0.8,10
1.23,0.83,10
-0.16,0.69,10
0.71,0.91,10
-2.15,0.75,10
-1.63,0.93,10
-1.63,0.87,10
0.62,0.75,10
2.71,0.68,10
-1.81,0.89,10
1.93,0.85,10
1.93,0.82,10
-0.34,0.82,10
1.3,0.76,10
1.3,0.73,10
-1.37,0.71,10
-1.37,0.87,10
0.62,0.64,10
-1.66,0.81,10
-2.69,0.61,10
1.3,0.81,10
1.96,0.91,10
1.96,0.84,10
-0.18,0.77,10
-0.33,0.78,10
-1.41,0.8,10
-1.41,0.79,10
-0.16,0.55,10
-0.17,0.68,10
2.63,0.67,10
1.93,0.79,10
1.3,1.03,10
1.3,0.85,10
-2.86,0.8,10
0.63,0.62,10
0.71,0.6,10
1.69,0.98,10
1.69,0.93,10
1.29,0.8,10
-0.32,0.72,10
-0.3,0.6,10
1.29,1.17,10
1.29,0.95,10
-3.1,0.82,10
1.69,0.9,10
-1.04,1.0,10
-1.04,0.89,10
-1.04,0.79,10
2.21,0.8,10
2.21,0.78,10
2.21,0.74,10
-0.3,0.76,10
-3.01,0.87,10
1.94,0.83,10
-3.1,0.75,10
-2.92,0.74,10
-2.92,0.67,10
1.24,0.99,10
1.24,0.97,10
1.24,0.91,10
2.64,0.78,10
-2.68,0.82,10
-2.68,0.77,10
-2.68,0.74,10
-2.68,0.69,10
0.65,0.8,10
0.71,0.75,10
1.7,0.82,10
-0.2,0.68,10
-2.29,0.76,10
-2.29,0.74,10
-1.4,0.92,10
2.65,0.63,10
-2.51,0.79,10
-2.56,0.91,10
-2.98,0.68,10
1.7,0.85,10
-2.69,0.83,10
-1.05,0.87,10
-2.47,0.91,10
3.11,0.73,10
-0.2,0.69,10
-2.58,0.74,10
-1.79,0.73,10
-1.79,0.85,10
1.27,0.83,10
-0.26,0.67,10
2.68,0.84,10
2.68,0.82,10
2.68,0.72,10
2.68,0.71,10
-1.38,0.96,10
-0.28,0.8,10
-0.28,0.66,10
-0.28,0.61,10
-0.21,0.65,10
0.66,0.8,10
2.21,0.81,10
2.25,0.78,10
-1.64,0.93,10
-1.64,0.91,10
-1.64,0.86,10
2.25,0.71,10
-1.8,0.75,10
-2.04,0.85,10
1.95,0.86,10
-2.78,0.66,10
-1.65,0.8,10
0.69,0.82,10
-1.11,0.76,10
-3.05,0.73,10
0.66,0.81,10
2.65,0.76,10
1.25,0.88,10
1.25,0.77,10
0.67,0.76,10
3.14,0.41,10
-1.39,0.95,10
1.73,0.87,10
-2.68,0.0,10
-1.09,0.8,10
-2.3,0.72,10
-1.08,0.86,10
-1.95,0.84,10
-1.95,0.83,10
1.72,0.91,10
3.14,0.45,10
-1.07,0.8,10
-1.07,0.79,10
1.72,0.85,10
-0.23,0.67,10
-2.4,0.74,10
-2.4,0.68,10
-1.89,0.82,10
-1.55,0.88,10
-0.78,0.79,10
-1.22,1.1,10
-0.78,0.77,10
-0.79,0.84,10
-2.72,0.75,10
-0.79,0.0,10
-2.72,0.8,10
-0.8,0.9,10
0.32,0.65,10
-0.79,0.71,10
-2.4,0.87,10
1.95,0.83,10
-0.74,0.9,9
-1.25,0.94,9
-1.25,1.02,9
-0.7,0.68,9
-0.7,0.91,9
-1.23,0.93,9
-1.25,0.81,9
-1.25,0.9,9
3.08,0.67,9
3.08,0.81,9
-3.14,0.76,9
-3.14,0.84,9
3.1,0.68,9
3.1,0.75,9
3.1,0.77,9
3.1,0.79,9
3.11,0.75,9
-0.68,0.73,9
-1.26,1.01,9
-1.26,1.11,9
-0.67,0.69,9
-0.67,0.82,9
3.04,0.81,9
3.05,0.68,9
3.05,0.72,9
3.05,0.8,9
3.06,0.65,9
3.06,0.76,9
-2.45,0.73,9
3.07,0.63,9
-0.66,0.8,9
-2.74,0.81,9
-2.66,0.67,9
-2.66,0.76,9
-2.66,0.78,9
-0.65,0.6,9
-0.64,0.66,9
-0.64,0.69,9
-2.43,0.72,9
-2.43,0.77,9
3.02,0.68,9
3.02,0.7,9
3.02,0.88,9
3.03,0.74,9
-2.44,0.78,9
3.04,0.71,9
3.04,0.74,9
-1.27,1.04,9
-2.74,0.73,9
-0.63,0.7,9
-0.63,0.71,9
-0.63,0.72,9
-1.28,0.93,9
-1.28,0.97,9
-1.28,1.0,9
-1.29,1.13,9
2.99,0.69,9
2.99,0.77,9
-2.42,0.69,9
-3.13,0.71,9
-2.43,0.93,9
3.01,0.71,9
3.01,0.81,9
-0.59,0.65,9
-0.59,0.74,9
-1.29,0.94,9
-1.29,1.02,9
-1.29,0.83,9
-1.29,0.88,9
-1.29,0.91,9
-2.75,0.84,9
-2.41,0.75,9
-2.41,0.76,9
-2.41,0.78,9
-1.08,0.74,9
-2.41,0.9,9
2.97,0.76,9
-0.57,0.63,9
-0.56,0.72,9
-1.3,0.94,9
-0.55,0.67,9
-0.54,0.68,9
-0.76,0.69,9
-0.76,0.72,9
-0.52,0.65,9
-0.52,0.71,9
-0.52,0.92,9
-2.39,0.64,9
-2.39,0.65,9
2.92,0.88,9
2.93,0.71,9
-2.4,0.72,9
2.94,0.8,9
-0.51,0.66,9
-0.51,0.67,9
-0.51,0.7,9
-1.31,0.92,9
-0.5,0.8,9
-1.31,0.86,9
-0.49,0.72,9
-0.49,0.76,9
-2.76,0.77,9
2.89,0.74,9
2.89,0.76,9
2.9,0.71,9
2.9,0.76,9
2.9,0.83,9
2.91,0.65,9
2.91,0.7,9
-2.76,0.85,9
-0.48,0.71,9
-1.32,1.15,9
-2.76,0.73,9
-0.46,0.68,9
-0.46,0.75,9
-2.37,0.65,9
-2.37,0.67,9
-2.37,0.7,9
-3.12,0.63,9
2.87,0.72,9
2.87,0.86,9
2.88,0.65,9
-1.33,0.95,9
-1.33,1.0,9
-0.45,0.71,9
-2.65,0.83,9
-2.65,0.74,9
-0.44,0.65,9
-0.44,0.72,9
-0.43,0.74,9
-0.42,0.68,9
-0.42,0.7,9
2.84,0.9,9
-2.5,0.85,9
-1.1,0.8,9
-2.5,0.74,9
-2.5,0.76,9
2.85,0.66,9
2.85,0.71,9
-1.22,0.86,9
-1.22,0.92,9
-1.22,0.94,9
-0.77,0.71,9
-0.77,0.73,9
-1.34,0.92,9
-0.41,0.72,9
-0.4,0.68,9
2.79,0.75,9
2.79,0.84,9
2.8,0.7,9
-2.35,0.85,9
2.81,0.7,9
2.83,0.66,9
-2.36,0.68,9
-2.36,0.72,9
-2.36,0.8,9
-2.36,0.83,9
2.84,0.76,9
-0.4,0.77,9
-0.39,0.75,9
-1.35,1.02,9
-0.38,0.65,9
-3.11,0.72,9
2.75,0.67,9
-2.33,0.88,9
-2.33,0.76,9
-2.33,0.77,9
2.78,0.68,9
-2.34,0.74,9
-0.35,0.69,9
-0.78,0.88,9
-0.34,0.74,9
-0.34,0.76,9
-0.34,0.77,9
-0.33,0.6,9
-0.33,0.72,9
-1.37,0.85,9
-1.37,0.86,9
-1.37,0.89,9
-1.37,0.96,9
-0.32,0.68,9
-0.32,0.84,9
-0.31,0.63,9
-0.78,0.74,9
-0.31,0.83,9
-0.3,0.65,9
-0.3,0.78,9
-2.31,0.79,9
2.71,0.67,9
2.71,0.79,9
2.71,0.86,9
2.72,0.71,9
2.72,0.78,9
-2.32,0.86,9
2.73,0.72,9
2.73,0.75,9
-2.32,0.75,9
2.74,0.73,9
2.74,0.74,9
2.67,0.79,9
-2.3,0.91,9
2.69,0.66,9
2.69,0.76,9
2.69,0.8,9
-2.31,0.72,9
-0.3,0.79,9
-2.78,0.77,9
-2.78,0.81,9
-0.28,0.7,9
-1.38,0.77,9
-1.38,0.83,9
2.64,0.62,9
2.64,0.71,9
2.64,0.85,9
-2.29,0.78,9
-2.29,0.79,9
-2.29,0.85,9
-2.29,0.87,9
2.65,0.7,9
2.66,0.72,9
-1.38,0.86,9
-1.38,0.94,9
-0.26,0.69,9
-0.26,0.83,9
-1.39,0.84,9
-1.39,0.94,9
-0.24,0.68,9
2.6,0.7,9
2.61,0.98,9
-2.28,0.83,9
-2.28,0.77,9
2.62,0.75,9
-2.51,0.72,9
2.63,0.7,9
2.63,0.74,9
2.63,0.76,9
2.63,0.83,9
-0.24,0.75,9
-1.39,0.79,9
-0.22,0.68,9
-0.21,0.81,9
-0.79,0.72,9
-0.79,0.74,9
-1.4,0.93,9
-0.2,0.59,9
-1.4,0.77,9
-2.26,0.98,9
2.56,0.81,9
2.57,0.79,9
2.57,0.89,9
-0.19,0.63,9
-0.19,0.79,9
-0.19,0.8,9
-0.18,0.76,9
-0.17,0.62,9
-0.17,0.7,9
-0.17,0.76,9
-1.41,0.82,9
-2.79,0.74,9
2.54,0.77,9
2.54,0.8,9
2.55,0.71,9
2.55,0.88,9
-1.05,0.75,9
-1.11,0.83,9
-1.11,0.84,9
-3.09,0.66,9
-2.26,0.9,9
-2.79,0.77,9
-2.79,0.87,9
-2.64,0.67,9
-2.64,0.7,9
-2.72,0.68,9
-2.72,0.7,9
-0.14,0.68,9
2.51,0.84,9
2.51,0.91,9
2.52,0.73,9
2.52,0.86,9
-2.25,0.68,9
-2.25,0.73,9
-2.25,0.75,9
2.53,0.79,9
2.54,0.71,9
-1.42,0.85,9
-1.42,0.91,9
-0.12,0.72,9
-0.11,0.66,9
-0.11,0.67,9
-0.09,0.71,9
-0.09,0.73,9
-1.43,0.85,9
-0.08,0.78,9
-2.23,0.73,9
-2.23,0.82,9
2.48,0.77,9
2.49,0.77,9
2.49,0.79,9
2.49,0.8,9
-2.24,0.83,9
2.51,0.79,9
-0.08,0.83,9
-1.44,0.87,9
-1.44,0.97,9
-0.04,0.72,9
-0.03,0.63,9
-0.03,0.64,9
2.44,0.89,9
2.45,0.83,9
-2.52,0.69,9
-2.52,0.8,9
2.46,0.73,9
2.47,0.89,9
-0.03,0.79,9
-0.02,0.66,9
-1.45,0.94,9
-1.45,0.72,9
-1.45,0.89,9
-2.8,0.8,9
-0.8,0.76,9
-0.8,0.83,9
0.0,0.71,9
0.0,0.72,9
0.0,0.76,9
0.0,0.77,9
0.0,0.78,9
2.43,0.69,9
2.43,0.75,9
-1.11,0.7,9
-1.11,0.71,9
-1.11,0.72,9
-2.68,0.76,9
-2.68,0.81,9
-2.22,0.86,9
2.44,0.72,9
0.0,0.82,9
0.0,0.9,9
0.01,0.76,9
-1.46,0.9,9
0.02,0.61,9
-2.21,0.81,9
-1.04,0.69,9
-1.04,0.75,9
-1.04,0.78,9
2.41,0.7,9
2.41,0.78,9
2.42,0.69,9
0.02,0.62,9
0.02,0.64,9
0.02,0.65,9
0.04,0.61,9
0.04,0.71,9
0.05,0.65,9
0.05,0.69,9
-2.2,0.76,9
-2.2,0.79,9
2.39,0.71,9
-3.07,0.71,9
2.4,0.96,9
-2.21,0.69,9
-2.21,0.75,9
-2.21,0.78,9
-2.63,0.73,9
0.07,0.64,9
0.07,0.74,9
-2.81,0.73,9
-2.81,0.74,9
-2.81,0.78,9
-2.81,0.81,9
0.09,0.67,9
0.09,0.71,9
-1.48,0.86,9
2.35,0.73,9
2.35,0.81,9
2.35,0.88,9
-2.19,0.79,9
2.36,0.77,9
2.37,0.68,9
2.37,0.71,9
2.37,0.91,9
-3.07,0.89,9
0.1,0.65,9
0.1,0.72,9
0.1,0.74,9
0.1,0.75,9
0.11,0.66,9
0.11,0.69,9
-0.81,0.79,9
0.12,0.7,9
-1.49,0.88,9
-1.49,0.9,9
-3.06,0.63,9
2.33,0.79,9
-2.18,0.73,9
-2.18,0.74,9
-2.18,0.76,9
-1.03,0.78,9
-2.18,0.86,9
2.34,0.8,9
2.34,0.84,9
-1.49,0.92,9
-1.49,0.97,9
0.14,0.62,9
0.14,0.68,9
0.14,0.71,9
0.16,0.66,9
0.16,0.86,9
-2.17,0.77,9
2.31,0.82,9
-1.03,0.95,9
-3.06,0.69,9
-3.06,0.79,9
2.32,0.78,9
-1.5,0.81,9
0.17,0.69,9
0.18,0.66,9
-2.82,0.84,9
0.2,0.71,9
-1.51,0.82,9
2.28,0.67,9
2.28,0.8,9
2.29,0.75,9
2.29,0.86,9
-1.12,0.98,9
-1.51,0.84,9
-1.51,0.94,9
0.21,0.71,9
0.21,0.76,9
0.22,0.62,9
0.22,0.63,9
0.22,0.77,9
-2.82,0.72,9
-1.52,0.78,9
0.24,0.7,9
0.24,0.72,9
0.26,0.67,9
-1.53,0.87,9
-1.53,0.88,9
-1.53,0.78,9
-2.15,0.83,9
-2.15,0.97,9
2.26,0.79,9
-2.15,0.72,9
0.28,0.77,9
-1.2,0.9,9
-1.2,0.7,9
0.29,0.68,9
0.29,0.71,9
0.29,0.74,9
0.29,0.89,9
0.3,0.66,9
0.31,0.7,9
0.31,0.79,9
-1.2,0.79,9
-1.2,0.81,9
-2.14,0.71,9
2.24,0.73,9
-2.69,0.7,9
2.25,0.81,9
2.25,0.83,9
0.33,0.83,9
-1.55,0.84,9
-1.55,0.85,9
-1.55,0.86,9
0.34,0.76,9
0.35,0.74,9
0.36,0.73,9
-1.12,0.69,9
-1.02,0.74,9
-1.02,0.8,9
2.22,0.84,9
2.23,0.78,9
2.23,0.83,9
0.36,0.76,9
0.37,0.62,9
0.37,0.7,9
0.37,0.71,9
0.38,0.69,9
0.38,0.71,9
0.38,0.75,9
-0.83,0.79,9
0.39,0.78,9
-1.57,1.1,9
2.18,0.73,9
2.18,0.83,9
2.2,0.76,9
2.2,0.92,9
-1.02,0.84,9
0.4,0.72,9
0.4,0.82,9
-2.84,0.9,9
-2.84,0.93,9
-1.2,0.99,9
-1.57,0.96,9
-1.57,0.98,9
-1.57,0.86,9
0.41,0.74,9
0.41,0.78,9
-2.62,0.71,9
-2.11,0.89,9
-3.04,0.88,9
-2.11,0.64,9
-2.11,0.74,9
-2.11,0.84,9
2.16,0.87,9
2.17,0.86,9
2.17,0.87,9
-3.04,0.76,9
0.42,0.78,9
0.42,0.8,9
0.43,0.69,9
0.43,0.75,9
0.43,0.88,9
-2.84,0.71,9
-2.84,0.72,9
2.13,0.83,9
2.14,0.87,9
2.15,0.81,9
2.15,0.83,9
-3.04,0.81,9
-2.11,0.85,9
0.44,0.86,9
0.45,0.69,9
0.45,0.71,9
-1.58,0.84,9
0.46,0.67,9
0.46,0.82,9
0.47,0.7,9
0.47,0.78,9
0.48,0.65,9
0.48,0.73,9
0.48,0.74,9
0.48,0.91,9
-1.59,0.93,9
0.49,0.7,9
-2.09,0.81,9
-2.1,0.8,9
-1.01,0.7,9
2.12,0.79,9
2.12,0.8,9
2.12,0.9,9
0.49,0.81,9
0.5,0.58,9
0.5,0.67,9
0.5,0.71,9
0.5,0.81,9
0.51,0.81,9
0.51,0.83,9
2.08,0.79,9
2.08,0.83,9
2.09,0.75,9
2.09,0.8,9
2.09,0.84,9
-3.03,0.73,9
-3.03,0.82,9
-2.09,0.71,9
0.52,0.73,9
-1.6,0.79,9
-1.6,0.84,9
-1.6,0.85,9
0.53,0.72,9
0.53,0.82,9
-2.67,0.74,9
-2.85,0.77,9
2.04,0.78,9
2.05,0.74,9
2.05,0.88,9
-2.08,0.74,9
-2.08,0.77,9
-2.68,0.86,9
-2.54,0.83,9
2.07,0.78,9
0.55,0.71,9
0.55,0.74,9
0.56,0.78,9
0.58,0.7,9
0.58,0.74,9
0.58,0.76,9
2.02,0.97,9
2.02,0.98,9
2.03,0.77,9
2.03,0.94,9
-2.61,0.8,9
0.61,0.67,9
0.61,0.69,9
-0.85,0.78,9
0.61,0.8,9
0.61,0.82,9
0.62,0.59,9
0.62,0.69,9
0.62,0.72,9
-1.63,0.9,9
-1.63,0.95,9
-1.63,0.83,9
-1.19,0.84,9
0.63,0.74,9
-2.86,0.73,9
-2.86,0.84,9
-3.02,0.89,9
-2.06,0.77,9
-2.06,0.82,9
-2.06,0.9,9
-2.54,0.63,9
2.02,0.71,9
2.02,0.77,9
2.02,0.83,9
0.64,0.62,9
0.65,0.74,9
0.65,0.76,9
-1.19,0.88,9
0.66,0.66,9
0.66,0.77,9
-2.05,0.81,9
-2.05,0.83,9
1.98,0.82,9
0.67,0.65,9
0.67,0.79,9
0.68,0.78,9
0.68,0.81,9
0.69,0.65,9
0.69,0.66,9
0.69,0.73,9
0.69,0.79,9
0.69,0.91,9
-1.65,0.81,9
-1.65,0.82,9
0.7,0.69,9
-2.04,0.91,9
1.96,0.96,9
-3.01,0.73,9
-3.01,0.74,9
-1.13,0.78,9
1.97,0.8,9
1.97,0.82,9
1.97,0.85,9
0.72,0.66,9
0.72,0.74,9
0.72,0.85,9
-0.86,0.81,9
-0.86,0.86,9
-0.86,0.91,9
0.73,0.7,9
0.73,0.87,9
-2.6,0.74,9
-2.87,0.92,9
0.74,0.66,9
0.74,0.71,9
0.74,0.76,9
0.74,0.81,9
1.94,0.87,9
1.94,0.91,9
-0.99,0.8,9
-2.04,0.87,9
-2.04,0.88,9
0.75,0.69,9
0.76,0.65,9
0.76,0.76,9
-2.87,0.56,9
-2.87,0.67,9
-1.67,0.84,9
1.9,1.08,9
1.91,0.79,9
1.91,1.07,9
-2.03,0.87,9
1.92,0.92,9
1.92,0.93,9
1.92,0.94,9
1.93,0.84,9
0.78,0.88,9
0.79,0.0,9
-1.68,0.9,9
-1.68,1.0,9
-1.68,0.75,9
0.8,0.64,9
-2.6,0.77,9
0.81,0.74,9
-3.0,0.67,9
-3.0,0.68,9
-2.02,1.08,9
-2.02,0.85,9
1.9,0.88,9
1.9,0.93,9
1.9,0.95,9
0.83,0.76,9
-1.18,0.69,9
-1.18,0.75,9
-1.18,0.81,9
-0.87,0.81,9
-1.69,0.87,9
-1.69,0.91,9
0.84,0.73,9
-2.01,0.86,9
-2.01,0.88,9
-2.01,0.89,9
-2.01,0.75,9
-2.01,0.78,9
1.88,1.04,9
1.89,0.91,9
1.89,0.94,9
1.89,0.95,9
0.85,0.71,9
-1.18,0.95,9
0.86,0.73,9
0.86,0.77,9
0.86,0.81,9
0.86,0.84,9
1.85,0.92,9
1.85,0.93,9
1.85,1.07,9
-2.0,0.87,9
1.86,0.98,9
1.87,0.9,9
1.87,0.95,9
1.87,1.05,9
-3.0,0.76,9
-2.01,1.19,9
0.87,0.66,9
-1.7,0.77,9
-1.7,0.88,9
-1.7,0.9,9
-2.88,0.69,9
0.88,0.7,9
-1.99,0.76,9
-2.55,0.65,9
1.83,1.04,9
1.84,0.81,9
-0.98,0.87,9
-0.98,0.95,9
1.85,0.76,9
1.85,0.77,9
-2.0,0.89,9
0.89,0.71,9
0.9,0.73,9
0.91,0.64,9
0.91,0.69,9
0.91,0.73,9
0.91,0.78,9
0.92,0.8,9
-1.71,0.74,9
-1.71,0.86,9
0.95,0.79,9
-2.89,0.81,9
0.96,0.69,9
-2.99,0.79,9
1.82,0.81,9
1.82,0.83,9
1.82,0.86,9
1.82,0.94,9
1.82,0.95,9
-2.99,0.69,9
-1.99,1.01,9
0.96,0.73,9
0.96,0.74,9
0.97,0.64,9
0.97,0.73,9
-1.72,0.94,9
0.98,0.76,9
1.8,0.81,9
1.8,0.87,9
1.8,0.94,9
-1.98,1.01,9
-1.98,0.8,9
-1.98,0.85,9
-1.14,0.87,9
1.81,0.89,9
0.98,0.91,9
0.99,0.76,9
1.01,0.8,9
1.02,0.73,9
-2.9,0.85,9
1.05,0.72,9
1.05,0.8,9
-0.89,0.83,9
1.78,1.02,9
-1.14,0.96,9
-0.97,0.7,9
-0.97,0.81,9
1.79,0.78,9
1.79,0.83,9
1.79,0.84,9
1.07,0.7,9
1.07,0.78,9
1.07,0.84,9
1.07,1.0,9
1.08,0.72,9
1.08,0.74,9
1.08,0.77,9
1.09,0.73,9
1.09,0.74,9
1.75,0.76,9
1.75,0.85,9
1.76,1.0,9
1.77,0.87,9
1.77,1.0,9
1.09,0.78,9
1.1,0.81,9
1.1,0.86,9
-1.75,0.9,9
1.11,0.7,9
1.12,0.71,9
1.12,0.79,9
1.12,0.84,9
1.12,0.86,9
-2.91,0.82,9
-2.91,0.85,9
1.15,0.73,9
1.15,0.76,9
-2.98,0.74,9
1.74,0.87,9
1.74,0.91,9
1.74,0.99,9
-2.98,0.72,9
-2.7,0.93,9
-1.96,0.89,9
-1.96,0.95,9
-1.76,0.96,9
-1.76,0.78,9
1.16,0.82,9
1.16,0.83,9
1.16,0.85,9
1.71,0.77,9
1.72,0.77,9
1.72,0.84,9
1.72,0.87,9
1.72,1.05,9
1.73,0.74,9
1.73,0.85,9
1.16,0.9,9
1.17,0.72,9
1.17,0.77,9
1.17,1.02,9
1.17,1.05,9
-1.17,0.77,9
-0.9,0.77,9
-1.77,0.88,9
-1.77,0.79,9
1.68,0.81,9
1.68,1.01,9
1.69,0.8,9
-0.96,0.69,9
-1.94,0.82,9
-1.94,0.86,9
1.69,0.92,9
-1.77,0.81,9
1.2,0.91,9
1.21,0.92,9
-1.78,1.15,9
-1.78,0.83,9
1.22,0.83,9
1.22,0.84,9
1.23,0.76,9
1.23,0.85,9
1.23,0.87,9
1.23,0.96,9
1.24,0.82,9
-2.97,0.76,9
-1.93,1.0,9
1.67,0.9,9
1.68,0.77,9
1.68,0.79,9
1.24,0.84,9
-2.92,0.69,9
-2.92,0.72,9
-2.92,0.83,9
1.25,0.86,9
-1.79,0.84,9
1.64,0.96,9
1.65,0.83,9
1.65,0.84,9
1.65,0.98,9
1.66,0.82,9
1.66,0.86,9
1.66,0.94,9
1.66,0.98,9
1.66,0.99,9
1.26,0.84,9
1.27,0.87,9
1.28,0.73,9
1.28,0.87,9
1.28,0.98,9
1.29,0.89,9
1.29,0.92,9
1.29,0.93,9
1.3,0.96,9
1.62,0.67,9
1.62,0.8,9
1.63,0.94,9
1.63,0.99,9
-1.92,0.86,9
-1.92,0.87,9
-1.92,0.94,9
1.64,0.82,9
1.64,0.91,9
-1.81,0.8,9
-1.81,1.0,9
1.31,0.74,9
1.31,0.88,9
1.32,0.97,9
-1.91,1.04,9
-1.91,0.8,9
1.6,0.72,9
1.61,0.81,9
1.61,0.83,9
-1.15,0.75,9
-1.15,0.78,9
1.61,0.84,9
1.61,0.86,9
1.61,1.03,9
1.32,1.01,9
1.32,1.11,9
-2.93,0.72,9
1.33,0.75,9
-1.82,0.89,9
-0.92,0.79,9
-1.82,1.02,9
-1.82,1.04,9
1.33,0.85,9
1.57,1.15,9
1.57,1.25,9
1.58,0.81,9
-0.95,0.79,9
1.58,0.98,9
-1.91,0.9,9
1.33,0.86,9
1.33,0.89,9
1.33,0.96,9
1.33,0.98,9
1.34,0.89,9
1.35,0.89,9
1.35,0.91,9
1.35,0.93,9
1.56,0.87,9
1.56,0.92,9
1.56,0.95,9
-1.9,1.1,9
-1.9,0.89,9
1.57,0.81,9
1.57,0.96,9
1.57,1.02,9
-1.16,0.85,9
-1.16,0.87,9
1.36,0.77,9
1.36,0.79,9
1.36,0.82,9
1.36,0.87,9
1.36,0.9,9
1.36,0.91,9
1.36,0.92,9
-1.83,0.95,9
-1.89,0.95,9
-1.89,0.96,9
1.54,0.8,9
1.54,0.81,9
1.54,0.83,9
1.54,0.94,9
1.54,1.18,9
1.54,1.2,9
1.55,0.88,9
-1.83,0.76,9
-1.83,0.78,9
-1.83,0.8,9
1.37,0.84,9
1.38,0.85,9
1.39,0.72,9
1.39,0.82,9
1.39,0.84,9
1.39,0.91,9
-1.84,0.98,9
-1.84,1.0,9
-1.84,0.75,9
-1.84,0.81,9
1.53,0.97,9
-1.89,1.02,9
-0.94,0.63,9
-1.89,0.88,9
-1.89,0.94,9
1.4,0.87,9
1.4,1.05,9
1.42,0.7,9
1.42,0.73,9
1.42,0.84,9
1.42,0.9,9
-2.94,0.71,9
-2.95,0.74,9
1.51,0.84,9
1.52,0.8,9
-0.94,0.84,9
1.52,0.84,9
1.52,0.85,9
1.53,0.77,9
-2.57,0.67,9
-0.93,0.74,9
-0.93,0.84,9
1.44,0.79,9
1.44,0.82,9
1.44,0.89,9
1.44,0.9,9
1.48,0.95,9
-2.57,0.68,9
1.49,0.82,9
1.5,0.73,9
1.5,0.77,9
1.5,0.86,9
-1.86,0.85,9
-1.86,0.89,9
1.45,0.94,9
1.46,0.86,9
1.47,0.83,9
-1.87,0.83,9
-1.87,0.86,9
-1.87,0.88,9
-1.87,0.9,9
-0.73,0.78,9
-0.73,0.8,9
-0.73,0.88,9
-2.73,0.74,9
-2.73,0.75,9
-1.23,0.79,9
-0.71,0.77,9
-0.71,0.78,9
-2.47,0.84,9
-2.47,0.65,9
-2.47,0.68,9
3.13,0.86,9
-2.48,0.71,9
3.14,0.33,9
3.14,0.35,9
3.14,0.32,8
3.14,0.37,8
-2.48,0.67,8
-3.14,0.67,8
-3.14,0.74,8
-3.14,0.78,8
-2.46,0.86,8
3.1,0.69,8
3.1,0.7,8
3.11,0.71,8
-0.69,0.9,8
-0.68,0.71,8
-0.68,0.81,8
-0.67,0.72,8
-0.67,0.73,8
-1.26,0.85,8
-0.75,0.99,8
-1.26,0.94,8
-1.26,0.95,8
-1.26,0.96,8
-1.86,0.9,8
-1.86,0.91,8
-1.87,0.82,8
-2.95,0.78,8
-2.57,0.75,8
1.49,0.88,8
1.49,0.92,8
1.5,0.87,8
1.5,0.95,8
1.5,1.3,8
-1.88,1.17,8
-2.95,0.73,8
-1.86,0.97,8
-1.86,0.98,8
-1.86,0.81,8
1.45,0.78,8
-1.88,1.08,8
-1.88,0.92,8
1.51,0.82,8
1.51,0.9,8
1.51,0.93,8
1.52,0.82,8
-0.94,0.85,8
1.52,0.92,8
1.52,0.98,8
1.43,0.82,8
1.43,0.84,8
1.43,0.85,8
1.43,0.91,8
1.44,0.81,8
1.44,0.84,8
1.44,0.87,8
1.53,0.99,8
1.53,1.16,8
-1.89,1.01,8
-0.94,0.74,8
-1.89,0.81,8
-1.89,0.85,8
-1.89,0.92,8
-1.84,0.85,8
1.4,0.83,8
1.4,0.93,8
1.41,0.81,8
1.41,0.87,8
1.41,0.88,8
1.41,0.91,8
1.42,0.81,8
-2.94,0.76,8
1.36,0.88,8
-1.83,0.96,8
1.54,0.82,8
1.54,0.9,8
-2.7,0.8,8
-2.7,0.81,8
1.55,0.87,8
1.56,0.81,8
1.56,0.82,8
1.37,0.86,8
1.37,0.95,8
1.39,0.9,8
1.53,0.79,8
1.53,0.82,8
1.53,0.94,8
1.53,0.95,8
1.35,0.78,8
1.35,0.83,8
1.35,0.86,8
1.35,0.87,8
-2.96,0.71,8
-2.96,0.8,8
-2.96,0.87,8
-1.9,0.92,8
-1.9,0.93,8
-1.9,1.03,8
-2.7,0.73,8
1.57,0.87,8
-1.83,1.1,8
-1.16,0.86,8
-1.16,0.93,8
1.36,0.76,8
-0.92,0.99,8
-1.82,0.96,8
1.58,0.79,8
1.58,0.82,8
1.58,0.83,8
1.58,0.87,8
1.58,0.88,8
1.58,0.94,8
-0.95,0.88,8
1.58,1.0,8
1.59,0.89,8
-1.91,1.07,8
1.33,0.9,8
1.33,1.04,8
-1.82,0.88,8
-1.16,0.78,8
1.31,0.9,8
1.31,0.92,8
1.31,1.01,8
1.31,1.04,8
1.32,0.86,8
-1.91,0.96,8
1.6,0.94,8
-1.15,0.85,8
1.61,0.85,8
1.61,0.9,8
1.61,0.92,8
-2.93,0.77,8
-1.82,1.08,8
-1.82,0.93,8
-0.92,0.81,8
-0.92,0.84,8
1.3,0.84,8
1.3,0.95,8
1.3,0.97,8
1.62,0.92,8
1.63,0.85,8
1.63,0.9,8
-1.92,0.91,8
-2.56,0.7,8
1.64,0.78,8
1.64,0.79,8
1.3,1.0,8
1.3,1.12,8
-1.81,0.85,8
-1.81,0.99,8
-1.81,0.78,8
1.31,0.82,8
1.27,0.89,8
1.27,1.0,8
-1.8,0.92,8
-1.8,0.97,8
-1.8,0.74,8
-1.8,0.84,8
-1.8,0.89,8
-1.8,0.91,8
1.28,0.97,8
1.29,0.9,8
1.29,0.94,8
1.29,0.97,8
1.29,0.99,8
1.29,1.01,8
-1.81,1.21,8
1.3,0.75,8
1.25,0.83,8
1.25,0.93,8
1.25,1.03,8
1.25,1.12,8
-1.79,0.83,8
1.64,0.94,8
1.65,0.91,8
1.65,0.92,8
1.65,0.93,8
1.66,0.88,8
1.66,0.89,8
1.66,0.93,8
-1.79,0.96,8
1.26,0.88,8
1.26,0.96,8
1.27,0.82,8
1.66,1.03,8
1.66,1.04,8
-2.97,0.77,8
-1.93,1.03,8
-1.93,0.85,8
-1.93,0.91,8
-1.93,0.94,8
-0.96,0.73,8
-0.96,0.85,8
-0.96,0.87,8
1.67,0.79,8
1.24,1.08,8
-2.92,0.63,8
-2.92,0.82,8
-1.79,1.02,8
-1.79,1.1,8
1.21,0.97,8
1.21,1.07,8
1.21,1.16,8
-1.17,0.89,8
-1.17,0.91,8
-1.78,0.93,8
-1.78,1.04,8
-1.78,0.88,8
1.22,0.78,8
1.22,0.87,8
1.22,1.1,8
1.23,0.77,8
1.23,0.88,8
1.23,0.9,8
1.23,1.04,8
1.24,0.79,8
1.18,0.92,8
1.18,0.94,8
1.18,0.95,8
1.68,0.87,8
1.68,0.9,8
1.69,0.78,8
-1.94,0.91,8
1.69,0.81,8
1.69,0.87,8
1.69,0.89,8
1.7,0.86,8
1.7,0.91,8
1.2,0.83,8
1.2,0.89,8
1.2,0.99,8
1.21,0.94,8
-0.9,0.83,8
-0.9,0.84,8
1.16,0.86,8
1.71,0.75,8
1.71,0.83,8
1.72,0.93,8
1.72,0.95,8
-1.95,0.89,8
1.73,0.81,8
1.73,0.83,8
1.73,0.97,8
1.73,1.05,8
1.16,0.92,8
1.16,0.94,8
-1.17,0.81,8
-0.9,0.8,8
-2.98,0.78,8
-2.98,0.86,8
1.74,0.78,8
1.74,0.84,8
-1.96,1.14,8
-1.96,1.16,8
-1.96,1.0,8
-1.96,0.85,8
1.15,0.8,8
1.15,0.81,8
1.15,0.83,8
1.15,0.84,8
1.15,0.85,8
1.15,0.89,8
-1.76,0.9,8
-1.76,1.01,8
1.1,0.85,8
-1.75,0.85,8
-1.75,0.89,8
-1.75,0.93,8
1.11,0.72,8
1.11,0.75,8
1.11,0.83,8
-2.59,0.9,8
1.12,0.76,8
1.12,0.78,8
-2.91,0.89,8
1.13,0.88,8
1.14,0.89,8
-2.91,0.79,8
-2.91,0.8,8
1.15,0.78,8
1.09,0.72,8
1.09,0.76,8
1.75,0.81,8
1.75,0.83,8
1.75,0.89,8
1.75,0.96,8
1.75,1.03,8
1.75,1.1,8
1.76,0.83,8
1.76,0.97,8
1.77,0.81,8
1.77,0.96,8
1.77,0.98,8
1.09,0.83,8
1.1,0.78,8
1.1,0.84,8
1.06,0.77,8
1.06,0.78,8
1.78,0.82,8
1.78,1.04,8
-1.97,0.91,8
-1.97,0.93,8
-1.97,0.98,8
-1.97,1.03,8
-1.14,0.77,8
1.79,0.98,8
-1.98,1.08,8
1.07,0.73,8
1.07,0.8,8
1.07,0.85,8
1.07,0.86,8
1.07,0.87,8
1.01,0.72,8
1.01,0.88,8
-1.73,0.89,8
-1.73,0.93,8
-1.73,0.83,8
1.02,0.71,8
-2.59,0.8,8
1.03,0.82,8
-2.9,0.83,8
1.04,0.69,8
1.04,0.78,8
-0.89,0.78,8
-0.89,0.82,8
-2.9,0.68,8
-2.9,0.77,8
1.06,0.7,8
0.98,0.83,8
0.98,0.84,8
1.8,0.8,8
1.8,0.96,8
1.8,0.97,8
-1.98,0.96,8
-1.98,0.82,8
-1.98,0.88,8
1.81,0.94,8
-2.99,0.7,8
0.99,0.66,8
0.99,0.71,8
0.99,0.74,8
1.0,0.77,8
1.0,0.82,8
1.0,0.87,8
-2.99,0.8,8
1.82,0.9,8
1.82,0.98,8
1.82,1.04,8
1.82,1.11,8
-1.99,0.97,8
-1.99,1.02,8
-1.99,1.06,8
0.96,0.78,8
-1.72,1.1,8
0.97,0.71,8
0.97,0.83,8
-1.72,0.8,8
-1.72,0.86,8
-1.72,0.91,8
0.98,0.77,8
0.91,0.74,8
0.91,0.8,8
0.91,0.81,8
0.91,0.82,8
-1.71,0.99,8
-1.71,1.03,8
-1.71,1.04,8
0.92,0.68,8
0.92,0.77,8
-1.71,0.9,8
0.93,0.78,8
-0.88,0.72,8
-0.88,0.8,8
0.95,0.69,8
0.95,0.75,8
-2.89,0.77,8
-2.88,0.74,8
-2.88,0.75,8
0.88,0.65,8
0.88,0.69,8
0.88,0.73,8
-1.99,0.78,8
1.83,0.9,8
1.84,0.84,8
1.84,0.92,8
-2.0,1.09,8
-2.0,0.96,8
-2.0,0.98,8
0.9,0.7,8
0.9,0.79,8
0.9,0.89,8
0.91,0.71,8
0.85,0.82,8
0.85,0.87,8
-1.18,0.9,8
-2.71,0.84,8
0.86,0.93,8
1.85,1.01,8
1.86,0.92,8
1.86,0.96,8
1.86,0.97,8
-0.98,0.86,8
-3.0,0.77,8
-1.7,0.81,8
-2.71,0.69,8
-2.71,0.74,8
-2.71,0.79,8
-1.18,0.84,8
-1.69,0.99,8
-2.71,0.89,8
0.84,0.66,8
-1.69,0.93,8
-2.01,0.94,8
1.88,0.97,8
1.88,1.17,8
-2.55,0.77,8
1.89,0.85,8
1.89,0.96,8
1.89,1.04,8
0.84,0.8,8
0.84,0.81,8
-2.88,0.81,8
-2.88,0.84,8
0.85,0.72,8
-1.68,0.79,8
-2.6,0.84,8
0.81,0.66,8
1.89,1.05,8
-3.0,0.7,8
-2.02,0.86,8
-2.02,0.93,8
-2.02,0.95,8
-2.02,0.79,8
1.9,0.9,8
1.9,0.91,8
1.9,1.03,8
0.81,0.87,8
0.82,0.67,8
0.83,0.74,8
0.83,0.93,8
-1.67,0.91,8
-2.87,0.75,8
0.77,0.67,8
1.91,0.96,8
1.91,0.98,8
1.91,1.02,8
-2.03,0.96,8
1.92,0.99,8
1.92,1.01,8
1.93,0.91,8
1.93,0.99,8
0.77,0.7,8
0.78,0.74,8
0.79,0.71,8
0.79,0.78,8
0.79,0.83,8
1.94,0.95,8
1.94,1.0,8
-1.13,0.86,8
-1.13,0.89,8
-1.13,0.74,8
-0.99,0.79,8
-0.99,0.81,8
-2.04,1.05,8
-2.04,0.89,8
0.75,0.77,8
0.75,0.78,8
0.75,0.8,8
0.75,0.9,8
0.76,0.72,8
-1.67,0.98,8
-2.87,0.64,8
-1.66,0.97,8
-0.86,0.8,8
-1.66,0.75,8
-1.66,0.8,8
-1.66,0.82,8
-1.66,0.83,8
-1.66,0.84,8
-1.66,0.86,8
0.73,0.72,8
0.73,0.78,8
-2.87,0.84,8
0.74,0.69,8
0.74,0.79,8
0.74,0.84,8
1.93,1.02,8
1.94,0.9,8
-2.86,0.7,8
-1.65,0.94,8
-1.65,0.95,8
-1.65,0.97,8
1.96,0.9,8
-3.01,0.75,8
-3.01,0.82,8
-1.13,0.77,8
-1.13,0.8,8
-1.13,0.82,8
1.97,0.74,8
1.97,0.92,8
0.71,0.72,8
0.71,0.87,8
0.72,0.72,8
-1.66,0.94,8
-1.64,0.79,8
-1.64,0.82,8
-1.64,0.9,8
-2.05,1.02,8
-2.05,0.74,8
-2.05,0.8,8
-2.05,0.88,8
1.98,0.83,8
1.98,0.85,8
1.98,0.86,8
1.99,0.84,8
1.99,0.94,8
1.99,1.06,8
-2.06,1.02,8
-2.06,1.05,8
2.0,0.85,8
0.63,0.81,8
2.0,0.92,8
-2.06,0.84,8
-2.06,0.89,8
-2.54,0.67,8
-1.0,0.83,8
-1.0,0.86,8
2.01,0.86,8
2.01,0.9,8
-2.86,0.87,8
0.64,0.74,8
0.64,0.81,8
0.65,0.75,8
0.66,0.64,8
0.66,0.78,8
0.66,0.83,8
-2.07,0.9,8
-2.61,0.9,8
-2.61,0.92,8
-2.61,0.74,8
0.6,0.68,8
0.6,0.71,8
-0.85,0.79,8
0.61,0.89,8
0.62,0.73,8
0.62,0.81,8
-1.19,0.95,8
-1.19,0.69,8
-2.71,0.63,8
0.63,0.69,8
0.63,0.71,8
0.63,0.72,8
-2.85,0.62,8
-2.85,0.71,8
-1.62,0.89,8
-1.62,0.91,8
-1.62,0.92,8
2.02,0.84,8
2.02,0.86,8
2.03,0.79,8
2.03,0.82,8
2.03,0.89,8
-2.68,0.93,8
-3.02,0.68,8
-3.02,0.72,8
-3.02,0.78,8
-2.07,0.96,8
-2.07,1.0,8
0.54,0.68,8
0.54,0.83,8
-2.85,0.74,8
2.04,0.87,8
2.04,0.93,8
2.05,0.8,8
-2.08,0.87,8
-2.08,0.91,8
2.06,0.89,8
2.06,0.94,8
-2.54,0.8,8
-2.85,0.8,8
-2.85,0.89,8
0.55,0.81,8
0.56,0.68,8
0.57,0.71,8
0.51,0.7,8
0.51,0.74,8
0.52,0.71,8
-2.54,0.71,8
2.08,0.78,8
2.08,0.85,8
2.09,0.71,8
2.09,0.81,8
-3.03,0.78,8
-2.09,0.75,8
-2.09,0.8,8
0.52,0.75,8
0.52,0.82,8
-1.6,0.82,8
-2.61,0.72,8
0.53,1.03,8
-2.09,0.83,8
2.11,0.77,8
2.11,0.78,8
2.11,0.81,8
2.11,0.82,8
-2.1,0.78,8
-1.01,0.84,8
-1.01,0.86,8
2.12,0.81,8
2.12,0.86,8
0.49,0.77,8
0.49,0.79,8
0.49,0.83,8
-2.67,0.75,8
-2.67,0.79,8
-2.67,0.8,8
0.45,0.73,8
0.45,0.79,8
0.45,0.89,8
-1.58,0.81,8
-1.58,0.89,8
-0.84,0.8,8
-1.58,0.92,8
0.46,0.63,8
0.46,0.71,8
0.46,0.83,8
0.48,0.72,8
0.48,0.76,8
0.48,0.84,8
-0.84,0.75,8
-1.59,0.89,8
-1.59,0.9,8
0.43,0.82,8
-2.84,0.69,8
-2.84,0.78,8
-2.84,0.79,8
2.12,0.96,8
2.12,1.01,8
2.13,0.82,8
2.14,0.77,8
-2.11,1.09,8
2.15,0.72,8
2.15,0.76,8
2.15,1.01,8
-2.11,0.87,8
-2.11,0.88,8
-2.84,0.82,8
0.44,0.83,8
0.4,0.77,8
-1.57,0.99,8
0.41,0.75,8
-2.62,0.76,8
-2.11,0.93,8
-2.11,0.77,8
2.16,0.77,8
2.17,0.85,8
2.17,0.96,8
-3.04,0.71,8
-3.04,0.75,8
-2.62,0.77,8
0.42,0.71,8
0.42,0.72,8
0.42,0.83,8
0.43,0.74,8
0.37,0.77,8
0.38,0.72,8
0.39,0.81,8
0.39,0.83,8
-2.12,1.05,8
-2.12,0.95,8
-2.12,0.74,8
2.19,0.76,8
2.19,0.85,8
2.2,0.94,8
2.2,1.07,8
-2.13,1.09,8
-2.13,0.74,8
-2.13,0.78,8
-2.53,0.69,8
0.4,0.65,8
0.34,0.8,8
0.34,0.96,8
0.35,0.75,8
0.36,0.63,8
2.21,0.82,8
2.21,0.86,8
-1.02,0.77,8
-1.02,0.79,8
2.22,0.79,8
2.22,0.8,8
2.22,0.87,8
2.22,0.88,8
2.22,0.9,8
2.23,0.77,8
-1.56,0.92,8
0.37,0.73,8
2.23,0.89,8
-2.14,0.75,8
2.24,0.84,8
-3.05,0.71,8
-3.05,0.74,8
-3.05,0.86,8
-2.69,0.69,8
-2.69,0.73,8
-2.69,0.8,8
2.25,0.73,8
2.25,0.95,8
0.32,0.71,8
0.32,0.77,8
0.32,0.78,8
0.33,0.76,8
0.34,0.7,8
-1.2,0.87,8
-1.2,0.88,8
-1.2,0.94,8
-1.2,0.74,8
0.29,0.64,8
0.29,0.7,8
0.29,0.78,8
0.29,0.84,8
0.3,0.68,8
0.3,0.76,8
0.3,0.77,8
0.3,0.79,8
0.31,0.85,8
-2.83,0.74,8
-2.83,0.76,8
0.32,0.67,8
-2.15,0.8,8
-2.15,0.89,8
-2.15,0.71,8
-2.15,0.78,8
-3.05,0.68,8
-2.53,0.72,8
-2.53,0.74,8
-2.53,0.78,8
-2.53,0.82,8
2.27,0.82,8
2.27,0.83,8
2.27,0.88,8
0.27,0.75,8
0.27,0.83,8
0.27,0.85,8
0.29,0.6,8
0.21,0.65,8
0.22,0.82,8
0.23,0.78,8
-1.52,0.97,8
-1.52,1.0,8
0.24,0.68,8
0.24,0.76,8
0.24,0.86,8
0.25,0.86,8
0.26,0.65,8
0.26,0.84,8
-0.82,0.83,8
-0.82,0.84,8
-1.53,0.81,8
-1.53,0.85,8
0.27,0.71,8
-2.82,0.81,8
-2.82,0.85,8
0.2,0.76,8
0.2,0.89,8
2.28,0.78,8
2.28,0.88,8
-2.16,0.78,8
2.29,0.79,8
2.29,0.93,8
2.3,0.75,8
2.3,0.86,8
2.3,0.93,8
2.3,1.02,8
-2.17,0.86,8
-2.17,0.64,8
-1.51,0.85,8
2.31,0.78,8
2.31,0.79,8
2.31,0.81,8
2.31,0.85,8
2.31,0.88,8
2.31,0.91,8
-1.03,0.92,8
-3.06,0.75,8
-3.06,0.83,8
-3.06,0.89,8
0.17,0.77,8
0.17,0.8,8
0.17,0.81,8
0.18,0.7,8
0.19,0.62,8
-2.82,0.78,8
2.32,0.89,8
2.33,0.68,8
2.33,0.84,8
-1.11,0.0,8
2.34,0.72,8
2.34,0.77,8
2.34,0.83,8
-1.49,0.99,8
0.13,0.73,8
0.14,0.6,8
0.14,0.7,8
0.14,0.83,8
-2.63,0.83,8
0.15,0.77,8
0.16,0.69,8
0.16,0.72,8
-1.48,1.02,8
0.09,0.68,8
0.09,0.8,8
2.35,0.9,8
2.36,0.78,8
2.36,1.02,8
2.38,0.82,8
2.38,0.83,8
-2.2,0.63,8
-2.2,0.72,8
0.1,0.62,8
0.11,0.65,8
0.11,0.71,8
0.11,0.8,8
0.12,0.62,8
0.12,0.88,8
-1.21,0.93,8
0.05,0.64,8
0.05,0.66,8
0.05,0.79,8
0.06,0.69,8
-2.2,0.83,8
2.39,0.75,8
-3.07,0.63,8
-3.07,0.73,8
2.4,0.82,8
2.4,0.93,8
-2.21,0.82,8
-2.21,0.93,8
-2.63,0.74,8
0.07,0.75,8
-2.81,0.69,8
-1.46,0.84,8
-1.46,0.87,8
-1.46,0.88,8
-1.04,0.68,8
-1.04,0.73,8
-1.04,0.84,8
-1.04,0.88,8
2.41,0.8,8
2.41,0.81,8
2.41,0.84,8
2.42,0.74,8
-2.22,1.03,8
0.03,0.62,8
0.03,0.67,8
0.03,0.68,8
0.03,0.8,8
-0.8,0.81,8
2.43,0.83,8
2.43,0.87,8
-2.68,0.75,8
-2.68,0.83,8
-2.22,0.84,8
-2.22,0.68,8
2.44,0.71,8
0.0,0.8,8
0.01,0.71,8
0.01,0.86,8
0.01,0.9,8
-1.46,0.96,8
-1.21,0.77,8
-1.21,0.84,8
-1.46,1.02,8
-0.04,0.84,8
-0.03,0.65,8
-0.03,0.67,8
-0.03,0.76,8
2.45,0.73,8
2.45,0.79,8
-3.08,0.82,8
-2.52,0.71,8
2.46,0.59,8
2.46,0.82,8
-2.23,0.93,8
2.47,0.68,8
2.47,0.7,8
2.47,1.02,8
-2.8,0.72,8
-2.8,0.79,8
-0.08,0.63,8
-0.08,0.8,8
-2.23,0.78,8
-3.08,0.72,8
2.48,0.78,8
2.48,0.89,8
2.5,0.74,8
2.5,0.77,8
2.5,0.78,8
2.5,0.85,8
-0.07,0.62,8
-0.07,0.75,8
-0.06,0.7,8
-1.44,0.9,8
-1.44,0.98,8
-0.04,0.81,8
-2.72,0.73,8
-0.14,0.76,8
-0.14,0.83,8
-1.42,1.1,8
-2.25,0.82,8
-2.25,0.86,8
-1.05,0.83,8
-1.05,0.88,8
2.53,0.72,8
2.53,0.73,8
2.53,1.02,8
-1.42,1.0,8
-1.42,0.8,8
-0.1,0.62,8
-0.09,0.59,8
-1.43,0.92,8
-1.41,0.97,8
-1.41,1.06,8
-1.41,0.84,8
-1.41,0.91,8
2.54,0.79,8
2.54,0.93,8
-1.11,0.77,8
-1.11,0.82,8
-3.09,0.62,8
-3.09,0.77,8
-2.26,0.97,8
-2.79,0.75,8
-2.79,0.79,8
-0.15,0.73,8
-0.15,0.76,8
-2.72,0.71,8
-1.4,0.85,8
2.56,0.8,8
2.56,0.89,8
2.57,0.75,8
-2.27,0.85,8
-2.27,0.71,8
-2.27,0.75,8
-2.27,0.76,8
-1.11,1.01,8
2.59,0.69,8
2.59,0.73,8
2.59,0.84,8
2.59,1.05,8
-2.79,0.89,8
-0.18,0.66,8
-0.17,0.81,8
-0.79,0.87,8
-0.79,0.92,8
-1.39,0.83,8
-1.39,0.88,8
2.6,0.66,8
2.61,0.74,8
-2.28,0.66,8
2.62,0.85,8
2.63,0.72,8
2.63,1.01,8
-0.23,0.83,8
-0.21,0.76,8
-0.79,0.8,8
-1.4,0.88,8
-0.2,0.71,8
-1.4,0.83,8
-1.38,1.06,8
-0.27,0.75,8
-0.27,0.78,8
-1.38,0.78,8
2.64,0.67,8
2.64,0.7,8
2.64,0.79,8
-3.1,0.78,8
-1.06,0.77,8
-2.29,0.72,8
2.65,0.75,8
-0.26,0.75,8
-0.26,0.79,8
-2.78,0.69,8
-1.39,1.21,8
-0.79,0.82,8
2.67,0.7,8
2.67,0.74,8
2.67,0.82,8
2.67,0.87,8
-2.3,0.84,8
2.7,0.67,8
-1.06,0.76,8
-2.31,0.9,8
-2.31,0.71,8
-2.31,0.74,8
-0.29,0.73,8
-2.78,0.74,8
-2.78,0.78,8
-0.28,0.72,8
-1.38,0.95,8
-1.38,1.01,8
-0.36,0.72,8
-0.36,0.73,8
-0.36,0.75,8
-0.36,0.89,8
-0.35,0.71,8
-0.35,0.81,8
-0.34,0.79,8
-0.33,0.76,8
-0.33,0.79,8
-1.37,0.91,8
-1.37,1.0,8
-0.3,0.72,8
-2.31,0.78,8
2.71,0.82,8
-2.32,0.93,8
-3.11,0.71,8
-1.35,0.89,8
-1.35,0.93,8
-0.38,0.86,8
-0.37,0.74,8
-1.36,0.87,8
2.75,0.81,8
-2.33,0.9,8
2.76,0.91,8
-2.33,0.68,8
-2.33,0.75,8
2.77,0.71,8
2.78,0.75,8
2.78,0.83,8
-2.34,0.75,8
-1.36,0.96,8
-1.36,1.06,8
-1.22,0.93,8
-1.34,0.89,8
-0.41,0.8,8
-0.4,0.65,8
2.8,0.77,8
2.82,0.8,8
2.83,0.79,8
2.84,0.71,8
2.84,0.79,8
-0.4,0.74,8
-2.77,0.76,8
-2.77,0.79,8
-2.77,0.81,8
-0.39,0.79,8
-1.35,1.12,8
-1.35,0.88,8
-0.44,0.8,8
-0.77,0.84,8
-0.42,0.76,8
2.84,0.87,8
-2.5,0.84,8
-2.5,0.66,8
-1.1,0.93,8
-1.07,0.68,8
-1.07,0.71,8
-2.5,0.71,8
2.85,0.88,8
2.85,0.9,8
-0.42,0.9,8
-1.34,1.02,8
-1.22,0.78,8
-1.22,0.84,8
-0.47,0.73,8
-0.47,0.87,8
-0.46,0.69,8
-0.46,0.76,8
2.86,0.64,8
2.86,0.72,8
-2.37,0.74,8
-2.37,0.77,8
2.87,0.76,8
2.87,0.78,8
2.87,0.83,8
-2.38,0.75,8
-2.38,0.8,8
-1.33,0.91,8
-1.33,0.83,8
-0.45,0.76,8
-2.76,0.8,8
2.89,0.78,8
2.89,0.81,8
2.9,0.62,8
2.9,0.77,8
2.9,0.91,8
-2.39,0.77,8
-2.39,0.78,8
2.91,0.69,8
2.91,0.75,8
-1.32,0.99,8
-1.32,0.85,8
-1.32,0.87,8
-1.32,0.91,8
-1.32,0.93,8
-1.32,0.98,8
2.92,0.73,8
2.92,0.74,8
2.93,0.83,8
-2.4,1.08,8
-2.4,0.75,8
2.94,0.84,8
2.94,0.86,8
2.94,0.88,8
2.95,0.68,8
2.95,0.73,8
-0.51,0.74,8
-0.5,0.64,8
-0.5,0.71,8
-1.31,0.75,8
-0.49,0.75,8
-2.76,0.79,8
-1.3,0.92,8
-1.3,1.0,8
-1.3,1.07,8
-0.55,0.7,8
-0.55,0.74,8
-1.3,0.81,8
-1.3,0.87,8
-1.3,0.91,8
-0.54,0.66,8
-0.54,0.74,8
-0.54,0.83,8
-0.53,0.74,8
-0.53,0.78,8
-0.76,0.77,8
-0.76,0.84,8
-0.52,0.64,8
2.95,0.82,8
2.96,0.72,8
2.96,0.75,8
-2.41,0.73,8
2.97,0.67,8
2.97,0.69,8
2.97,0.77,8
2.97,0.82,8
2.97,0.85,8
2.98,0.73,8
-0.57,0.66,8
-0.57,0.73,8
-0.57,0.75,8
-2.66,0.96,8
-0.56,0.73,8
-2.75,0.69,8
3.0,0.74,8
3.0,0.77,8
-3.13,0.73,8
-2.43,0.84,8
3.01,0.72,8
3.01,0.75,8
3.01,0.79,8
3.01,0.82,8
-0.59,0.71,8
-0.59,0.9,8
-1.29,0.93,8
-1.29,1.0,8
-0.58,0.74,8
-0.58,0.75,8
-2.75,0.76,8
-2.75,0.86,8
-1.27,1.0,8
-2.43,0.73,8
-2.43,0.75,8
-2.43,0.76,8
3.02,0.78,8
3.02,0.81,8
-2.44,0.66,8
3.04,0.73,8
-0.62,0.68,8
-0.62,0.72,8
-0.62,0.77,8
-0.62,0.8,8
-0.61,0.76,8
-0.6,0.71,8
-0.6,0.76,8
3.0,0.69,8
-0.67,0.89,8
3.04,0.88,8
3.04,0.9,8
3.05,0.67,8
3.05,0.71,8
-3.14,0.94,8
3.06,0.78,8
-2.45,0.77,8
3.07,0.78,8
-0.66,0.78,8
-0.66,0.81,8
-0.65,0.8,8
-0.75,0.65,8
-0.75,0.73,8
-1.27,0.93,8
-1.27,0.94,8
3.13,0.81,8
-0.74,0.81,8
-0.74,0.84,8
3.14,0.38,8
-2.73,0.79,8
-2.73,0.9,8
-0.71,0.94,8
-1.25,1.01,8
-0.7,0.78,8
-1.23,0.94,8
-1.25,0.82,8
-1.25,0.83,8
-1.25,0.91,8
-0.69,0.7,8
-0.69,0.82,8
3.08,0.71,8
1.46,0.76,8
1.46,0.97,8
-1.87,0.87,8
-0.73,0.99,8
-1.24,0.89,8
-1.24,0.95,8
-1.24,0.99,8
-2.73,0.78,8
-0.71,0.69,8
-0.71,0.72,8
-0.71,0.83,8
-2.47,0.89,8
3.12,0.93,8
3.13,0.69,8
3.13,0.74,8
3.13,0.76,8
3.12,0.86,7
3.12,0.79,7
-2.48,0.73,7
-2.48,0.69,7
-2.48,0.62,7
0.11,0.67,7
3.1,0.78,7
-1.48,0.83,7
0.1,0.73,7
0.07,0.77,7
0.12,0.71,7
0.12,0.69,7
-0.81,0.82,7
0.12,0.61,7
0.07,0.71,7
-2.63,0.66,7
0.07,0.63,7
0.11,0.77,7
0.13,0.74,7
0.13,0.67,7
-1.49,1.0,7
-1.49,0.91,7
-2.73,0.87,7
-2.73,0.86,7
3.1,0.73,7
-2.46,0.69,7
-2.46,0.67,7
3.11,0.77,7
-1.49,0.89,7
0.12,0.87,7
0.12,0.79,7
0.12,0.73,7
0.06,0.66,7
-1.47,1.03,7
0.14,0.93,7
0.14,0.82,7
-0.73,0.83,7
-3.14,0.83,7
-1.09,0.73,7
-1.09,0.72,7
0.14,0.77,7
0.14,0.75,7
0.15,0.57,7
0.06,0.77,7
0.06,0.72,7
0.06,0.71,7
0.06,0.7,7
-1.5,1.08,7
-1.5,1.07,7
0.16,0.85,7
0.16,0.81,7
0.16,0.75,7
-2.45,0.75,7
-2.45,0.72,7
-0.73,0.89,7
3.09,0.83,7
3.09,0.8,7
3.09,0.63,7
-1.47,0.99,7
-1.47,0.97,7
-1.47,0.95,7
0.16,0.6,7
-1.5,0.91,7
-1.5,0.86,7
0.19,0.68,7
-2.82,0.83,7
-2.82,0.8,7
0.05,0.8,7
-1.24,1.09,7
-2.49,0.72,7
-3.14,0.77,7
-3.14,0.73,7
3.08,0.75,7
3.07,0.76,7
3.07,0.74,7
0.05,0.78,7
0.05,0.7,7
0.05,0.68,7
0.19,0.75,7
0.19,0.73,7
-1.51,0.88,7
0.2,0.86,7
0.2,0.74,7
-0.72,0.79,7
3.05,0.81,7
-1.09,0.95,7
-1.21,0.96,7
-1.21,0.91,7
-1.21,0.89,7
0.22,0.78,7
0.22,0.69,7
0.22,0.64,7
-1.47,1.08,7
0.23,0.66,7
-1.52,1.15,7
-2.82,0.68,7
-2.63,1.01,7
-1.52,0.92,7
0.23,0.8,7
0.25,0.77,7
0.24,0.85,7
0.24,0.84,7
-2.44,0.69,7
-0.72,0.84,7
-2.49,0.68,7
-3.14,0.95,7
-3.14,0.9,7
0.24,0.77,7
0.04,0.86,7
0.26,0.78,7
0.26,0.76,7
0.26,0.71,7
0.26,0.69,7
0.04,0.82,7
0.04,0.76,7
-1.53,0.96,7
-1.53,0.86,7
3.03,0.76,7
3.03,0.73,7
-1.24,0.84,7
-1.24,1.02,7
-1.24,0.88,7
3.04,0.76,7
-0.82,0.8,7
-0.82,0.77,7
-0.82,0.73,7
0.28,0.74,7
-1.53,0.79,7
-1.2,0.85,7
0.28,1.0,7
0.03,0.84,7
0.28,0.85,7
0.28,0.82,7
-2.83,0.93,7
-3.13,0.69,7
0.29,0.75,7
0.03,0.76,7
0.03,0.72,7
-1.54,0.72,7
-1.54,0.93,7
0.3,0.99,7
0.3,0.75,7
0.3,0.72,7
-2.83,0.86,7
-2.83,0.79,7
0.02,0.93,7
-1.21,0.98,7
0.32,0.91,7
-2.44,0.94,7
3.02,0.8,7
3.02,0.76,7
3.02,0.72,7
-2.43,0.78,7
3.01,0.64,7
-1.46,0.91,7
0.32,0.82,7
0.33,0.84,7
-1.21,0.88,7
-1.21,0.76,7
0.34,0.83,7
0.34,0.82,7
0.34,0.73,7
-1.56,0.93,7
0.36,0.72,7
0.35,0.94,7
-3.13,0.79,7
-1.23,1.01,7
2.99,0.83,7
0.35,0.78,7
-1.56,0.82,7
0.36,0.97,7
0.01,0.8,7
0.01,0.77,7
-1.56,0.99,7
0.37,0.91,7
0.37,0.86,7
0.37,0.8,7
0.37,0.79,7
0.0,0.94,7
0.0,0.93,7
-0.83,0.91,7
-0.71,0.8,7
-3.13,0.87,7
-0.83,0.84,7
0.0,0.79,7
0.0,0.66,7
-1.57,1.07,7
-1.57,1.06,7
0.39,0.76,7
0.4,0.91,7
0.4,0.71,7
0.0,0.84,7
0.0,0.83,7
-1.57,1.05,7
-1.57,1.04,7
-1.2,1.04,7
2.96,0.66,7
-1.2,0.98,7
-0.8,0.86,7
-0.8,0.78,7
0.42,0.65,7
-2.62,0.9,7
-2.62,0.85,7
0.41,0.88,7
-1.57,0.87,7
0.43,0.94,7
0.45,0.81,7
0.45,0.78,7
0.44,0.82,7
0.44,0.74,7
0.44,0.67,7
-0.84,0.87,7
-0.84,0.81,7
-1.58,0.9,7
-1.25,1.04,7
-1.25,0.99,7
2.96,0.71,7
-1.58,1.03,7
0.47,0.75,7
0.46,0.94,7
0.46,0.84,7
0.46,0.68,7
-1.59,1.1,7
0.48,0.85,7
0.48,0.78,7
-1.59,1.15,7
0.47,1.08,7
0.49,0.68,7
-0.7,0.92,7
-2.4,0.96,7
-0.01,0.82,7
-0.01,0.77,7
-1.59,0.88,7
-2.67,0.85,7
-0.01,0.72,7
-0.01,0.71,7
0.5,0.78,7
0.5,0.74,7
0.52,0.8,7
-1.6,1.01,7
0.51,0.9,7
0.53,0.78,7
0.53,0.75,7
0.53,0.74,7
2.92,0.82,7
2.92,0.76,7
-2.39,0.61,7
-2.4,0.69,7
0.52,0.87,7
0.54,0.84,7
0.53,0.85,7
-1.61,0.89,7
0.55,0.76,7
0.55,0.75,7
-2.85,0.9,7
0.56,0.99,7
0.56,0.84,7
0.56,0.8,7
0.56,0.74,7
0.56,0.73,7
0.56,0.72,7
-1.61,0.93,7
-2.72,0.78,7
-0.85,1.01,7
-2.39,0.83,7
-1.23,0.87,7
2.93,0.76,7
2.93,0.72,7
2.92,0.91,7
-0.03,0.75,7
-0.03,0.71,7
-1.62,1.19,7
0.58,0.98,7
-2.72,0.84,7
0.6,0.75,7
-2.61,0.75,7
-0.69,0.77,7
-0.69,0.76,7
-1.23,0.92,7
2.91,0.79,7
2.91,0.78,7
2.91,0.73,7
-2.39,0.84,7
0.59,0.69,7
-1.62,0.88,7
-0.04,0.78,7
-0.85,0.92,7
0.61,0.79,7
0.61,0.73,7
0.6,0.81,7
-1.63,1.04,7
-0.69,0.8,7
2.88,0.69,7
-2.38,0.71,7
-2.38,0.88,7
2.9,0.8,7
2.89,0.93,7
-0.04,0.83,7
-0.04,0.8,7
-1.19,1.0,7
-1.19,0.97,7
-1.63,0.84,7
-1.63,0.91,7
-0.04,0.71,7
0.62,0.93,7
0.62,0.84,7
-2.86,0.83,7
0.63,0.85,7
2.88,0.75,7
0.63,0.7,7
0.63,0.65,7
-2.71,0.68,7
0.65,0.77,7
0.64,1.06,7
0.64,0.8,7
0.64,0.69,7
-0.05,0.69,7
-0.05,0.67,7
-1.44,0.96,7
0.67,0.64,7
-2.86,0.64,7
-1.64,0.89,7
-1.64,0.87,7
2.86,0.81,7
2.85,0.85,7
-1.1,0.86,7
-1.64,1.01,7
0.66,0.99,7
0.66,0.73,7
-2.8,0.83,7
-2.8,0.82,7
-1.65,0.91,7
0.68,0.76,7
0.68,0.73,7
0.68,0.71,7
0.67,0.75,7
0.69,0.88,7
0.71,0.66,7
0.7,0.82,7
0.7,0.79,7
-0.68,0.74,7
2.84,1.0,7
-2.37,0.82,7
-1.65,0.85,7
-1.65,0.84,7
0.72,0.87,7
-1.66,1.09,7
0.71,1.06,7
-0.07,0.8,7
-0.07,0.76,7
-2.64,0.8,7
-1.66,0.92,7
-2.87,0.83,7
0.73,1.02,7
0.73,0.88,7
-2.36,0.94,7
-1.07,0.84,7
-1.07,0.75,7
-1.07,0.7,7
0.73,0.81,7
0.73,0.8,7
0.73,0.73,7
-1.66,0.85,7
0.76,0.81,7
0.76,0.79,7
0.75,0.99,7
0.75,0.84,7
0.75,0.65,7
0.74,0.93,7
0.77,0.71,7
-1.67,0.89,7
-1.67,0.86,7
-1.67,0.83,7
-1.67,1.03,7
-1.26,0.98,7
2.83,0.76,7
2.83,0.74,7
2.84,0.83,7
-2.36,0.78,7
-1.68,1.07,7
0.78,0.87,7
0.77,0.74,7
-1.68,0.87,7
0.79,0.96,7
0.79,0.82,7
-1.68,0.96,7
-1.68,0.94,7
-1.26,0.79,7
-1.26,1.08,7
-3.12,0.82,7
-2.64,0.85,7
0.8,0.74,7
0.8,0.73,7
0.81,0.84,7
0.81,0.81,7
0.81,0.76,7
0.83,0.82,7
0.83,0.79,7
-1.69,0.9,7
-1.69,0.89,7
-1.69,1.05,7
-0.87,0.82,7
0.83,0.88,7
-2.88,0.86,7
-2.88,0.78,7
2.81,0.65,7
-1.26,0.88,7
-2.35,0.71,7
-2.35,0.87,7
2.82,0.84,7
2.82,0.82,7
2.82,0.75,7
2.82,0.68,7
2.82,0.67,7
0.84,0.72,7
-0.09,0.75,7
-2.71,0.87,7
-2.71,0.83,7
-2.71,0.82,7
-2.71,0.81,7
-1.18,0.94,7
2.79,0.8,7
-0.67,0.95,7
-1.26,1.02,7
0.85,0.84,7
0.85,0.81,7
0.85,0.78,7
0.87,0.92,7
0.87,0.75,7
0.86,0.86,7
0.86,0.8,7
0.88,0.8,7
0.88,0.77,7
-1.7,0.91,7
-1.7,0.83,7
2.79,0.74,7
-2.34,0.95,7
-2.34,0.84,7
2.8,0.72,7
-0.1,0.84,7
-0.1,0.77,7
-2.71,0.71,7
0.9,0.8,7
0.89,0.89,7
0.89,0.82,7
0.89,0.73,7
-0.1,0.74,7
0.91,0.94,7
0.91,0.77,7
-1.71,1.26,7
0.9,0.83,7
-0.11,0.75,7
-0.11,0.71,7
-0.11,0.7,7
-1.71,0.83,7
-1.71,0.76,7
2.78,0.82,7
-0.67,0.83,7
-0.67,0.76,7
-1.26,0.97,7
0.92,0.81,7
-1.71,1.07,7
0.94,0.76,7
-2.89,1.07,7
0.93,0.87,7
0.93,0.69,7
0.93,0.66,7
0.95,0.88,7
0.95,0.82,7
0.95,0.77,7
-0.66,0.85,7
-0.66,0.82,7
-0.66,0.77,7
2.76,0.92,7
2.76,0.88,7
2.78,0.91,7
2.78,0.88,7
0.94,0.85,7
0.96,0.8,7
0.96,0.79,7
-2.89,0.89,7
-2.89,0.78,7
0.97,0.9,7
-2.74,0.74,7
2.75,0.78,7
2.77,0.8,7
2.77,0.79,7
2.77,0.75,7
2.77,0.67,7
0.98,0.74,7
-1.42,0.96,7
-1.42,0.9,7
-1.42,0.84,7
-2.89,0.69,7
0.99,0.91,7
0.99,0.88,7
0.99,0.81,7
0.99,0.79,7
-2.79,0.68,7
0.99,0.78,7
1.01,0.82,7
2.74,0.88,7
1.0,0.97,7
1.0,0.73,7
1.0,0.72,7
-1.73,0.74,7
-1.73,0.96,7
-1.73,0.88,7
-0.13,0.67,7
-0.13,0.63,7
1.03,0.74,7
1.03,0.72,7
1.03,0.71,7
-2.59,0.75,7
-2.59,0.73,7
-0.65,0.83,7
-0.65,0.79,7
2.75,0.76,7
2.75,0.75,7
-3.11,0.78,7
-3.11,0.73,7
1.02,1.02,7
1.02,0.89,7
1.02,0.8,7
1.04,0.89,7
-2.9,0.92,7
-2.9,0.89,7
-0.89,0.81,7
-0.89,0.79,7
1.05,0.94,7
1.05,0.85,7
1.05,0.77,7
1.06,0.83,7
-0.65,0.93,7
2.72,0.85,7
-2.32,0.78,7
-2.9,0.75,7
-0.89,0.85,7
1.07,0.98,7
1.07,0.93,7
1.07,0.79,7
1.07,0.71,7
-1.74,0.82,7
1.06,0.89,7
1.06,0.88,7
1.09,0.79,7
-1.75,1.4,7
1.08,0.9,7
1.08,0.87,7
2.73,0.83,7
2.73,0.79,7
1.08,0.83,7
-0.15,0.84,7
-0.15,0.72,7
-0.15,0.7,7
-2.64,0.78,7
-2.64,0.73,7
-2.64,0.69,7
1.09,0.9,7
-2.71,0.97,7
-0.16,0.66,7
1.11,1.17,7
1.11,0.98,7
1.11,0.71,7
-2.67,0.73,7
1.12,0.9,7
-0.75,0.89,7
-0.75,0.77,7
2.72,0.76,7
-2.32,1.2,7
1.12,0.88,7
1.12,0.83,7
1.14,0.71,7
1.13,0.9,7
1.13,0.85,7
1.13,0.77,7
1.12,1.31,7
1.14,0.96,7
1.14,0.94,7
-0.64,0.75,7
1.14,0.92,7
-1.41,1.05,7
1.14,0.84,7
1.15,0.88,7
-2.91,0.86,7
-1.41,0.98,7
-2.71,0.91,7
1.14,1.07,7
-0.9,0.82,7
-1.76,0.92,7
1.15,1.0,7
1.15,0.96,7
1.17,0.88,7
1.17,0.85,7
1.17,0.82,7
-1.27,0.99,7
-1.27,0.96,7
2.7,0.87,7
2.7,0.81,7
2.7,0.74,7
-0.9,1.02,7
-0.9,0.86,7
1.18,0.87,7
1.18,0.69,7
-1.77,1.04,7
1.19,0.79,7
1.19,0.71,7
-1.77,0.85,7
-1.77,0.95,7
1.18,1.04,7
1.18,1.0,7
1.18,0.99,7
1.2,0.88,7
1.19,0.94,7
-1.27,0.89,7
-2.51,0.91,7
-2.3,0.8,7
-2.3,0.7,7
1.19,0.93,7
1.19,0.92,7
-0.18,0.82,7
-0.18,0.72,7
-2.79,0.98,7
1.21,0.77,7
1.21,0.76,7
-1.78,0.92,7
-2.92,1.05,7
2.66,0.67,7
2.66,0.65,7
2.65,0.79,7
2.68,0.83,7
2.68,0.74,7
2.68,0.67,7
-2.79,0.96,7
1.23,0.93,7
1.23,0.89,7
1.22,1.02,7
1.22,0.96,7
1.22,0.92,7
1.22,0.91,7
-1.78,0.97,7
1.24,0.92,7
1.24,0.88,7
1.24,0.73,7
-0.63,0.84,7
-2.3,0.9,7
2.66,0.71,7
-0.19,0.68,7
1.23,0.95,7
-2.92,0.84,7
-2.92,0.81,7
-2.92,0.76,7
-1.4,0.86,7
-1.4,0.8,7
1.24,1.04,7
1.25,1.0,7
1.25,0.95,7
1.25,0.85,7
-1.79,1.07,7
-1.79,0.99,7
1.26,1.06,7
1.26,0.98,7
-1.79,0.97,7
-2.29,0.82,7
-1.79,0.92,7
-1.79,0.89,7
1.27,0.96,7
-1.8,1.19,7
-1.8,1.15,7
-0.91,0.85,7
-1.8,1.04,7
-1.8,1.03,7
-1.8,0.94,7
1.28,1.07,7
1.28,0.88,7
-1.8,0.9,7
-0.91,0.9,7
1.29,0.88,7
1.29,0.84,7
-2.58,0.72,7
-2.58,0.82,7
-2.58,0.8,7
2.62,0.88,7
2.62,0.8,7
-3.1,0.7,7
2.64,0.84,7
-2.58,0.78,7
1.3,0.98,7
1.3,0.94,7
1.3,0.86,7
1.29,1.08,7
1.29,1.04,7
1.29,1.0,7
1.31,0.95,7
-1.81,0.98,7
-0.62,0.94,7
2.63,0.85,7
2.63,0.81,7
2.63,0.77,7
2.63,0.73,7
-0.62,0.75,7
-0.22,0.78,7
-1.81,1.04,7
1.32,0.87,7
1.32,0.85,7
-2.93,0.82,7
1.31,0.98,7
-2.93,0.7,7
2.62,0.77,7
-2.28,0.75,7
-2.28,0.97,7
-2.28,0.93,7
-0.92,0.88,7
-0.92,0.77,7
-1.82,1.18,7
1.33,0.94,7
1.33,0.84,7
1.33,0.82,7
-0.23,0.81,7
-0.23,0.79,7
-0.23,0.73,7
-0.23,0.7,7
1.34,0.87,7
1.33,1.21,7
-1.16,0.88,7
-1.83,1.07,7
2.59,0.67,7
-1.11,0.98,7
-2.27,0.82,7
2.58,0.8,7
2.61,0.72,7
1.35,1.0,7
1.35,0.84,7
1.35,0.76,7
1.36,0.95,7
1.36,0.93,7
1.36,0.83,7
-1.16,0.75,7
-0.24,0.83,7
1.37,0.81,7
-1.83,1.04,7
-1.28,1.01,7
-1.28,0.9,7
-1.28,0.88,7
2.6,0.81,7
2.59,0.74,7
-0.24,0.79,7
-0.24,0.71,7
1.38,0.82,7
-0.79,0.89,7
1.37,0.91,7
1.39,0.78,7
1.38,0.95,7
1.38,0.93,7
1.38,0.88,7
-1.84,0.92,7
-2.26,0.72,7
-1.28,0.81,7
-1.28,0.79,7
-1.23,1.13,7
-2.27,0.86,7
-2.27,0.83,7
1.39,1.01,7
-2.94,0.85,7
1.4,0.94,7
-0.25,0.81,7
-1.84,0.87,7
1.41,1.06,7
1.41,0.93,7
1.41,0.79,7
-0.25,0.74,7
-2.94,0.91,7
1.42,0.99,7
-0.61,0.83,7
-0.61,0.78,7
2.57,0.73,7
2.57,0.72,7
2.57,0.67,7
2.56,0.91,7
2.56,0.85,7
1.42,0.77,7
-0.93,1.03,7
1.43,0.89,7
1.43,0.86,7
-2.94,0.8,7
-2.94,0.78,7
-2.94,0.75,7
2.55,0.78,7
2.55,0.77,7
-2.26,0.8,7
-2.26,0.77,7
-1.85,0.92,7
-1.85,0.81,7
-0.26,0.94,7
1.43,0.98,7
-1.38,0.8,7
-1.86,0.99,7
-1.86,0.94,7
-0.26,0.63,7
1.44,0.94,7
1.44,0.91,7
1.45,0.81,7
-1.86,0.84,7
2.53,0.82,7
2.53,0.76,7
-1.38,0.72,7
-1.38,0.88,7
1.46,0.89,7
1.46,0.77,7
-0.27,0.91,7
1.47,0.77,7
1.46,0.93,7
-1.87,1.1,7
-1.87,1.06,7
-1.38,1.03,7
1.47,1.03,7
1.47,0.97,7
-2.57,0.86,7
-2.57,0.79,7
-2.95,0.89,7
-2.95,0.79,7
-0.6,0.96,7
2.54,0.73,7
1.48,0.94,7
1.48,0.93,7
1.48,0.92,7
1.49,0.94,7
1.49,0.8,7
-0.28,0.85,7
1.49,1.06,7
-2.78,0.83,7
-1.88,1.09,7
-2.95,0.72,7
-2.95,0.61,7
1.51,1.04,7
1.51,0.95,7
-1.11,0.88,7
-2.25,0.79,7
1.51,0.91,7
-1.88,0.96,7
-1.88,0.94,7
1.52,0.91,7
1.52,0.88,7
1.52,0.87,7
1.52,0.83,7
-0.29,0.88,7
-0.29,0.87,7
-0.29,0.84,7
-0.29,0.78,7
1.52,0.69,7
1.53,0.96,7
1.53,0.87,7
2.5,0.82,7
-1.05,0.91,7
-0.6,0.64,7
-1.38,1.43,7
1.52,1.15,7
1.52,1.04,7
-0.3,0.69,7
-0.94,0.79,7
-0.94,0.78,7
-0.94,0.76,7
-0.94,0.67,7
-1.89,1.0,7
1.53,1.17,7
1.53,1.0,7
1.55,0.84,7
-2.7,0.85,7
1.54,1.21,7
-0.59,0.69,7
2.48,0.95,7
2.48,0.92,7
2.52,0.75,7
2.51,0.75,7
2.5,0.97,7
1.54,0.93,7
-0.3,0.83,7
1.55,1.06,7
1.55,0.93,7
-2.96,0.7,7
-2.96,0.89,7
1.56,0.98,7
1.56,0.93,7
-2.96,0.84,7
-2.96,0.83,7
-2.96,0.79,7
-0.59,0.87,7
-0.59,0.82,7
-2.23,0.87,7
-2.23,0.8,7
2.49,0.95,7
2.49,0.74,7
-2.96,0.78,7
1.57,0.86,7
-1.9,0.86,7
-2.7,0.77,7
-2.7,0.74,7
-1.9,1.07,7
-1.9,1.06,7
-1.9,0.98,7
1.58,0.8,7
1.57,1.11,7
-1.29,1.06,7
2.48,0.82,7
2.48,0.76,7
-3.08,0.74,7
1.57,1.01,7
1.57,0.95,7
1.57,0.94,7
1.57,0.92,7
1.59,0.9,7
-0.95,0.84,7
1.58,0.84,7
1.59,1.06,7
1.59,0.95,7
1.59,0.93,7
1.6,0.96,7
-1.91,0.98,7
-1.91,0.97,7
2.46,0.83,7
2.46,0.7,7
-2.52,0.77,7
-2.52,0.76,7
-2.23,0.71,7
-2.96,0.65,7
-0.32,0.74,7
-1.15,0.88,7
-1.15,0.76,7
-1.37,0.99,7
-1.37,0.98,7
-1.37,0.95,7
-1.37,0.9,7
1.61,1.0,7
-0.58,0.83,7
-2.23,0.99,7
1.61,0.99,7
-1.15,0.93,7
1.62,1.0,7
1.62,0.87,7
1.62,0.85,7
1.62,0.84,7
-0.33,0.83,7
-0.33,0.75,7
-1.92,1.12,7
-1.92,1.2,7
-1.92,0.96,7
-1.92,0.93,7
1.63,1.07,7
2.44,0.78,7
-2.22,0.88,7
2.45,0.98,7
2.45,0.94,7
1.63,1.02,7
1.63,0.92,7
1.64,1.15,7
1.64,1.12,7
1.64,0.95,7
1.64,0.89,7
1.64,0.87,7
1.64,0.81,7
-1.92,1.01,7
-1.92,0.97,7
-0.96,1.0,7
1.65,1.08,7
2.43,0.8,7
2.43,0.78,7
-0.58,0.7,7
-2.52,0.84,7
2.44,0.86,7
1.65,0.95,7
1.65,0.8,7
-0.78,0.85,7
-0.78,0.82,7
-1.93,0.98,7
-1.93,1.02,7
-2.97,0.85,7
1.66,0.97,7
1.67,1.0,7
1.67,0.97,7
2.42,0.84,7
-0.57,0.69,7
2.42,0.71,7
2.41,1.02,7
-2.22,0.79,7
-2.68,0.72,7
-2.69,0.95,7
-0.96,0.86,7
-0.96,0.83,7
-0.96,0.8,7
-2.97,0.92,7
1.68,1.06,7
1.68,0.91,7
-0.35,0.78,7
-0.35,0.66,7
-1.94,0.89,7
-1.94,0.83,7
-2.65,0.93,7
-1.04,0.8,7
-1.04,0.74,7
-2.75,0.75,7
2.42,0.99,7
2.42,0.9,7
-1.94,1.07,7
1.7,1.01,7
1.7,0.97,7
1.7,0.81,7
-2.56,0.89,7
-1.36,0.82,7
-1.36,1.05,7
1.71,0.82,7
-0.36,0.82,7
-0.36,0.78,7
-1.95,1.28,7
-1.95,1.12,7
1.71,0.98,7
-1.04,0.92,7
2.4,0.85,7
2.39,1.0,7
2.39,0.99,7
2.39,0.9,7
2.41,0.89,7
2.41,0.77,7
1.71,0.87,7
-0.36,0.67,7
1.73,0.89,7
1.73,0.88,7
-1.95,1.0,7
-2.2,0.94,7
-2.2,0.85,7
-1.36,1.01,7
-1.36,0.92,7
-1.95,0.95,7
-0.37,0.86,7
1.74,0.83,7
-2.98,0.91,7
-2.98,0.87,7
1.73,0.98,7
-2.7,0.87,7
-1.36,1.13,7
-1.36,1.08,7
-0.37,0.89,7
1.75,1.02,7
-1.96,1.03,7
-1.96,1.01,7
1.76,0.94,7
1.76,0.91,7
-3.07,0.78,7
-3.07,0.77,7
-2.66,0.95,7
2.39,0.8,7
2.39,0.77,7
2.39,0.7,7
-2.2,0.81,7
-2.2,0.78,7
1.77,0.99,7
-0.38,0.8,7
1.77,0.9,7
1.78,0.87,7
-1.97,1.19,7
-1.97,1.15,7
2.37,0.77,7
2.36,1.17,7
2.36,1.11,7
2.38,0.8,7
2.38,0.78,7
-0.38,0.71,7
-0.38,0.69,7
-1.35,0.77,7
-1.97,0.92,7
1.78,1.09,7
1.78,0.99,7
1.78,0.97,7
1.8,0.99,7
1.8,0.85,7
-1.35,1.07,7
1.79,0.94,7
1.79,0.89,7
1.79,0.86,7
-1.14,0.83,7
-1.35,1.04,7
2.35,0.93,7
2.37,0.92,7
2.37,0.86,7
2.37,0.85,7
1.81,0.85,7
-0.39,0.76,7
1.82,1.02,7
1.82,0.93,7
1.82,0.91,7
1.82,0.88,7
1.82,0.87,7
-1.99,1.19,7
-1.03,0.81,7
-1.03,0.77,7
2.36,0.99,7
2.36,0.84,7
-2.19,0.81,7
2.36,0.65,7
-0.4,0.82,7
1.84,0.95,7
1.84,0.88,7
1.84,0.85,7
1.83,1.06,7
1.83,1.0,7
-2.0,1.0,7
1.84,1.12,7
1.84,1.05,7
1.85,1.11,7
1.85,1.06,7
-0.55,0.79,7
-0.55,0.71,7
-1.3,1.06,7
-1.3,1.03,7
-1.3,0.99,7
2.35,0.83,7
2.35,0.77,7
-2.18,0.87,7
-2.18,0.83,7
1.85,0.96,7
1.85,0.94,7
-0.41,0.83,7
-0.41,0.78,7
-1.34,0.95,7
1.86,1.08,7
-2.0,0.84,7
-2.0,0.82,7
-2.0,0.77,7
-2.0,0.71,7
2.32,0.83,7
-3.06,0.82,7
-3.06,0.81,7
-3.06,0.8,7
-3.06,0.76,7
-1.22,0.87,7
-1.34,1.05,7
-1.34,1.03,7
-1.34,1.01,7
-3.0,0.84,7
1.87,1.12,7
2.31,0.76,7
-1.3,0.84,7
-2.17,0.87,7
-2.17,0.85,7
2.3,1.17,7
2.32,0.93,7
2.32,0.84,7
1.87,0.99,7
1.87,0.94,7
-0.98,0.76,7
-0.98,0.74,7
-0.42,0.71,7
1.88,0.79,7
1.88,1.12,7
1.88,1.08,7
1.88,1.06,7
-0.54,0.64,7
2.31,0.87,7
2.31,0.84,7
1.88,1.02,7
1.88,0.84,7
-2.02,0.92,7
1.89,1.0,7
-2.55,0.73,7
1.9,1.07,7
1.9,0.99,7
1.9,0.84,7
-2.02,0.8,7
1.91,1.06,7
1.91,0.89,7
1.91,0.87,7
-0.43,0.69,7
1.92,0.97,7
1.92,0.95,7
2.3,0.9,7
-2.03,0.84,7
-0.77,0.8,7
1.93,1.07,7
1.93,0.96,7
1.93,0.76,7
1.94,0.92,7
-2.04,1.28,7
-0.44,0.82,7
-0.44,0.78,7
-0.44,0.7,7
-0.44,0.69,7
-2.04,1.12,7
-2.04,1.08,7
-0.99,0.75,7
2.28,0.81,7
2.29,0.94,7
-0.44,0.68,7
-0.44,0.67,7
-2.65,0.76,7
1.95,0.97,7
1.95,0.81,7
-2.04,0.93,7
-2.65,0.81,7
-2.04,0.82,7
-3.01,0.72,7
1.95,1.04,7
1.95,1.0,7
1.97,1.06,7
1.97,0.95,7
1.97,0.88,7
1.97,0.87,7
1.97,0.84,7
-2.53,0.7,7
-0.53,0.72,7
-3.05,0.67,7
-2.15,0.7,7
-2.16,0.9,7
-2.05,1.29,7
-1.33,0.8,7
-1.33,1.06,7
-1.33,1.04,7
-1.33,0.94,7
1.99,1.11,7
1.99,0.97,7
1.99,0.92,7
1.99,0.9,7
1.99,0.69,7
-0.53,0.76,7
-2.15,0.85,7
2.25,0.96,7
2.25,0.9,7
2.27,0.89,7
1.98,0.99,7
1.98,0.89,7
1.98,0.88,7
1.98,0.78,7
2.0,0.94,7
2.0,0.89,7
-1.0,0.73,7
2.01,0.8,7
-1.33,1.18,7
-1.12,0.81,7
-1.12,0.8,7
-1.12,0.78,7
-2.69,0.78,7
-3.05,0.83,7
2.26,0.73,7
-2.15,0.94,7
-3.02,0.96,7
-3.02,0.93,7
-3.02,0.88,7
-3.02,0.87,7
2.01,0.88,7
2.01,0.87,7
2.01,0.85,7
2.01,0.82,7
-1.0,0.87,7
-1.0,0.82,7
-1.0,0.77,7
2.03,0.91,7
-2.76,0.71,7
-0.76,0.79,7
-2.14,0.91,7
2.25,0.85,7
-2.15,1.12,7
-1.12,0.84,7
-1.12,0.83,7
2.02,0.85,7
2.02,0.81,7
-2.07,0.92,7
-3.02,0.8,7
-2.08,1.13,7
-0.47,0.85,7
2.04,0.85,7
2.04,0.8,7
2.04,0.79,7
2.05,0.9,7
2.05,0.83,7
-0.52,0.81,7
-3.05,0.69,7
2.05,0.77,7
-1.32,1.1,7
2.06,0.83,7
-2.08,0.85,7
-2.08,1.01,7
-2.08,0.98,7
2.07,0.86,7
2.07,0.84,7
2.07,0.8,7
2.22,0.77,7
-1.02,0.75,7
-2.14,0.82,7
2.23,0.87,7
2.23,0.82,7
2.06,1.12,7
2.06,1.08,7
-2.54,0.77,7
-2.54,0.76,7
-2.54,0.72,7
-3.03,0.96,7
-2.76,0.89,7
2.1,0.89,7
2.1,0.86,7
2.1,0.85,7
-2.76,0.84,7
2.21,0.93,7
2.21,0.85,7
-2.13,0.89,7
-2.13,0.88,7
-2.13,0.84,7
2.22,0.98,7
2.11,0.89,7
-1.01,0.82,7
-2.1,0.85,7
-2.1,0.75,7
-2.1,0.72,7
-1.31,0.88,7
2.12,0.77,7
-0.5,0.74,7
-0.5,0.73,7
2.15,0.84,7
2.14,0.85,7
2.16,0.84,7
2.16,0.73,7
-2.11,0.79,7
2.2,0.88,7
2.2,0.87,7
2.2,0.75,7
2.19,0.86,7
-1.12,0.86,7
-3.04,0.89,7
-0.5,0.75,7
2.17,0.8,7
2.17,0.79,7
2.17,0.75,7
2.17,0.72,7
-1.31,0.96,7
-2.12,0.84,7
-0.51,0.72,7
-2.13,0.82,7
-0.51,0.83,7
-3.04,0.77,7
-2.12,0.76,7
-2.12,0.97,7
-2.12,0.92,7
-2.12,0.88,7
-0.74,0.91,7
-0.74,0.78,7
-0.74,0.76,7
-2.47,0.73,7
0.08,0.78,7
-1.48,1.09,7
-2.81,0.91,7
-0.81,0.96,7
-1.48,0.96,7
-1.48,0.94,7
0.08,0.79,7
3.13,0.85,7
3.14,0.28,7
0.11,0.75,6
3.13,0.83,6
-2.48,0.76,6
3.14,0.34,6
-0.74,0.93,6
3.12,0.8,6
3.14,0.4,6
3.12,0.87,6
3.12,0.9,6
0.11,0.87,6
2.19,0.84,6
-2.12,1.01,6
-1.02,0.85,6
-1.02,0.86,6
-1.02,0.89,6
0.09,0.82,6
0.11,0.88,6
0.11,0.9,6
-2.63,0.7,6
-0.81,0.9,6
0.07,0.87,6
0.09,0.81,6
-2.13,1.07,6
-0.51,0.63,6
-0.51,0.81,6
2.18,0.89,6
2.18,0.93,6
-1.49,0.83,6
3.11,0.76,6
-2.47,0.8,6
-2.47,0.72,6
-2.73,0.83,6
-2.73,0.85,6
-1.49,0.93,6
-1.49,0.82,6
2.16,0.95,6
-1.31,1.02,6
-1.31,1.06,6
-3.04,0.9,6
-1.02,0.91,6
-1.09,0.9,6
3.1,0.76,6
-3.14,0.8,6
-3.14,0.82,6
0.06,0.68,6
0.12,0.86,6
0.15,0.73,6
0.15,0.76,6
0.15,0.81,6
-1.21,1.16,6
0.13,0.83,6
0.14,0.67,6
-1.09,0.74,6
-1.09,0.78,6
-0.73,0.84,6
2.21,1.0,6
-2.11,0.82,6
-2.11,0.83,6
-2.46,0.74,6
-2.46,0.78,6
3.09,0.87,6
-0.73,0.86,6
-0.73,1.01,6
0.06,0.74,6
0.06,0.75,6
0.06,0.83,6
-1.5,0.92,6
2.15,0.88,6
-2.11,0.95,6
-2.11,0.98,6
-0.5,0.69,6
2.12,0.82,6
-3.04,0.92,6
-1.5,0.93,6
-1.5,0.95,6
0.17,0.73,6
0.17,0.76,6
0.17,0.83,6
0.17,0.96,6
0.16,0.67,6
-1.47,0.87,6
0.18,0.65,6
-1.31,0.84,6
-1.31,0.91,6
-2.54,0.96,6
2.13,0.88,6
0.18,0.76,6
0.18,0.79,6
0.05,0.94,6
0.18,0.88,6
0.18,1.08,6
0.19,0.69,6
-1.5,0.85,6
3.08,0.7,6
-2.49,0.74,6
-3.14,1.01,6
0.19,0.86,6
0.19,0.87,6
-2.82,0.87,6
-1.09,0.96,6
-1.01,0.9,6
-0.49,0.7,6
-0.49,0.81,6
-0.49,0.87,6
2.11,0.83,6
2.11,0.85,6
3.05,0.9,6
0.2,0.75,6
0.2,0.81,6
0.2,0.87,6
0.19,0.77,6
0.19,0.78,6
-1.47,1.1,6
2.11,0.98,6
2.11,1.03,6
-2.1,0.97,6
-3.03,0.75,6
-2.09,0.9,6
-2.76,0.83,6
2.22,0.93,6
-1.47,1.11,6
-1.51,1.02,6
-1.51,1.14,6
-0.81,1.14,6
0.2,0.69,6
3.06,0.75,6
3.06,0.81,6
-2.81,0.92,6
-1.51,0.95,6
0.21,0.67,6
0.21,0.72,6
-3.05,0.93,6
2.21,0.89,6
-3.03,0.84,6
2.08,0.9,6
2.09,0.82,6
2.11,0.94,6
0.23,0.84,6
0.23,0.89,6
-0.82,0.99,6
0.22,0.92,6
0.24,0.81,6
-3.14,0.85,6
-3.14,0.86,6
-3.14,0.89,6
-3.14,0.92,6
-3.14,0.97,6
-0.72,0.85,6
-0.72,0.86,6
-0.72,0.89,6
-0.72,0.96,6
2.09,0.86,6
2.09,0.9,6
2.09,0.91,6
2.09,0.94,6
2.09,1.01,6
2.07,0.89,6
2.22,0.95,6
0.04,0.78,6
0.04,0.81,6
0.26,0.82,6
0.24,0.79,6
-2.76,0.91,6
-2.76,0.97,6
-3.03,0.93,6
2.06,0.98,6
-0.48,0.78,6
-0.48,0.81,6
-2.44,0.75,6
3.04,0.84,6
-1.24,0.92,6
-1.24,0.98,6
-0.82,0.89,6
-0.82,0.9,6
-0.82,0.93,6
-0.82,0.96,6
-1.53,0.94,6
-2.14,0.81,6
2.22,0.86,6
2.22,0.91,6
2.07,0.82,6
2.07,0.85,6
2.07,0.92,6
0.27,0.76,6
0.27,0.77,6
0.27,0.78,6
0.27,0.81,6
0.28,0.73,6
-1.53,1.1,6
-2.83,0.96,6
-1.54,1.09,6
0.03,0.92,6
0.03,0.97,6
0.03,0.98,6
0.29,0.73,6
0.03,0.7,6
0.27,0.73,6
3.03,0.88,6
-2.08,0.83,6
-2.08,0.9,6
2.06,0.84,6
-1.32,1.03,6
-1.32,0.9,6
2.05,0.76,6
-0.72,0.81,6
3.0,0.76,6
-3.13,0.77,6
-2.43,0.8,6
0.29,0.83,6
0.29,0.94,6
-1.54,0.89,6
2.24,0.83,6
2.24,0.99,6
-3.05,0.78,6
-0.52,0.72,6
-0.52,0.8,6
-0.52,0.82,6
-0.52,0.83,6
2.05,0.85,6
-1.54,0.9,6
-1.54,0.94,6
-1.54,0.97,6
-1.54,1.01,6
0.29,0.79,6
0.29,0.81,6
0.29,0.82,6
3.03,0.78,6
3.03,0.84,6
0.31,0.67,6
2.05,1.02,6
2.04,0.73,6
2.04,0.84,6
2.04,0.96,6
2.04,1.0,6
2.04,1.12,6
2.04,1.28,6
2.03,1.06,6
0.31,0.73,6
0.31,0.74,6
0.31,0.81,6
0.31,0.87,6
0.31,0.96,6
-1.54,1.22,6
0.3,0.78,6
0.3,0.87,6
-2.43,0.98,6
-2.07,0.97,6
3.01,0.78,6
2.98,0.91,6
-2.42,0.84,6
-1.25,1.13,6
2.99,0.76,6
2.99,0.79,6
0.32,0.88,6
-1.21,1.05,6
0.33,0.7,6
0.33,0.73,6
0.33,0.75,6
0.32,0.72,6
-1.46,1.01,6
0.02,0.87,6
0.33,0.86,6
-2.15,1.17,6
2.25,0.79,6
-0.76,0.76,6
-0.76,0.85,6
2.02,1.29,6
-1.55,0.9,6
-1.55,0.92,6
0.34,0.72,6
-1.21,0.82,6
-1.55,1.03,6
-2.42,0.72,6
-2.42,0.82,6
-2.41,0.87,6
2.97,0.75,6
2.97,0.83,6
-1.23,1.02,6
-1.23,0.83,6
-1.56,0.94,6
2.03,0.96,6
-1.33,1.09,6
2.01,0.83,6
2.01,0.92,6
2.01,0.98,6
2.0,1.09,6
2.02,0.88,6
0.36,0.89,6
0.36,0.94,6
0.35,0.77,6
0.35,0.81,6
0.35,0.84,6
0.35,0.86,6
-1.56,0.86,6
2.26,0.9,6
2.26,0.95,6
2.26,0.98,6
-2.69,0.76,6
-2.06,0.87,6
-2.06,0.88,6
-1.13,1.14,6
-1.0,0.69,6
1.99,1.14,6
0.37,0.85,6
0.01,0.72,6
0.01,0.73,6
0.37,0.92,6
0.37,0.95,6
0.37,1.07,6
-1.56,0.97,6
2.98,0.74,6
-0.46,0.82,6
-2.06,1.0,6
-2.06,1.06,6
2.0,0.88,6
2.0,0.91,6
1.98,0.81,6
1.98,1.02,6
-0.46,0.98,6
-0.71,0.81,6
-0.71,0.84,6
-0.71,0.91,6
-0.83,0.85,6
-0.83,0.87,6
0.0,0.86,6
0.0,0.89,6
0.39,0.75,6
-2.53,0.79,6
2.27,0.75,6
2.27,0.79,6
2.27,0.94,6
2.25,1.1,6
-0.53,0.86,6
1.99,0.89,6
-1.0,0.91,6
-1.33,0.9,6
-2.06,1.2,6
-1.33,0.99,6
-1.33,1.02,6
-2.05,1.13,6
-0.45,0.85,6
-0.45,0.88,6
0.38,0.88,6
0.38,0.92,6
0.38,0.98,6
0.0,1.04,6
0.0,1.17,6
-0.83,0.82,6
-3.13,0.89,6
2.98,0.72,6
0.4,0.74,6
0.4,0.8,6
0.0,0.95,6
0.0,0.96,6
0.0,1.02,6
2.28,0.91,6
2.28,0.97,6
-2.16,0.84,6
-2.16,0.88,6
-2.16,0.95,6
-2.15,0.74,6
-2.53,0.73,6
1.97,0.9,6
1.97,1.05,6
-1.08,0.87,6
2.95,0.79,6
2.95,0.85,6
-1.2,1.08,6
-1.57,0.93,6
-1.57,0.95,6
-1.57,1.03,6
-1.57,1.12,6
1.95,1.07,6
-0.45,0.95,6
1.96,1.04,6
1.96,1.16,6
-3.01,0.83,6
-2.04,0.79,6
-2.04,0.84,6
-2.65,0.82,6
-2.62,0.75,6
0.42,0.81,6
0.42,0.85,6
-0.8,0.95,6
-2.41,0.77,6
-1.08,0.76,6
-1.08,0.79,6
-1.08,0.81,6
0.43,0.76,6
-2.04,0.78,6
1.95,0.77,6
1.95,0.98,6
1.94,1.08,6
2.29,0.92,6
2.29,1.06,6
2.29,1.12,6
1.95,1.06,6
0.43,0.77,6
0.43,0.81,6
0.43,0.92,6
0.43,0.99,6
-2.84,0.83,6
-2.84,0.85,6
0.41,0.83,6
-2.62,0.81,6
-0.84,0.91,6
-3.06,0.93,6
-3.06,0.99,6
2.27,1.0,6
2.27,1.09,6
2.28,0.74,6
-3.01,0.86,6
-3.01,0.9,6
-2.04,0.98,6
-2.04,0.99,6
-0.99,0.78,6
-2.04,0.92,6
1.94,0.82,6
1.94,0.88,6
1.94,0.98,6
1.94,1.06,6
1.92,1.03,6
1.92,1.2,6
-2.04,1.54,6
1.93,0.98,6
1.93,1.0,6
0.44,0.73,6
0.45,0.77,6
-1.45,0.82,6
2.96,0.81,6
2.96,0.83,6
2.96,0.88,6
2.96,0.9,6
-1.25,1.07,6
-1.25,1.1,6
-0.7,0.76,6
-1.58,0.78,6
-1.58,0.87,6
-0.84,0.89,6
0.46,0.72,6
1.93,1.08,6
-2.03,1.02,6
-2.03,1.03,6
-2.03,0.89,6
-0.44,0.73,6
0.46,0.75,6
0.46,1.0,6
-1.45,0.87,6
-1.45,0.93,6
-2.8,0.7,6
-2.8,0.77,6
-1.58,1.02,6
2.96,0.77,6
0.49,0.99,6
2.3,1.01,6
-2.16,0.77,6
-0.54,0.91,6
-0.54,0.95,6
2.29,0.9,6
-0.99,0.93,6
1.92,0.83,6
1.92,0.9,6
1.93,1.01,6
0.48,0.79,6
-0.84,0.96,6
-0.84,1.04,6
-0.77,0.87,6
1.91,0.97,6
1.91,1.0,6
1.91,1.12,6
1.91,1.23,6
-2.03,1.15,6
2.93,0.85,6
-0.7,0.88,6
-0.7,0.89,6
0.51,0.67,6
0.51,0.79,6
-1.59,0.92,6
-1.59,0.95,6
2.94,0.67,6
2.94,0.75,6
-2.02,0.99,6
-0.77,0.81,6
-0.77,0.86,6
-2.55,0.67,6
-2.55,0.71,6
-2.55,0.81,6
1.89,0.98,6
1.89,0.99,6
0.51,0.98,6
-1.6,1.14,6
0.52,0.7,6
0.5,1.0,6
0.5,1.03,6
-2.4,0.79,6
-2.4,0.84,6
2.91,0.84,6
2.92,0.77,6
-1.6,0.94,6
-1.6,0.96,6
0.53,0.76,6
0.54,0.81,6
-2.02,0.83,6
-0.43,0.71,6
-0.42,0.84,6
1.88,0.98,6
2.31,1.05,6
-1.03,0.84,6
-0.43,0.84,6
0.54,0.98,6
0.52,0.91,6
-2.85,0.88,6
0.55,0.65,6
0.55,0.77,6
0.55,0.8,6
0.55,1.02,6
-1.61,0.88,6
0.53,0.88,6
-0.85,0.96,6
2.3,0.83,6
-2.55,0.84,6
-0.85,0.99,6
-0.03,0.8,6
-0.03,0.82,6
-2.85,0.81,6
-2.85,0.84,6
-0.03,0.73,6
-1.62,0.96,6
2.93,0.7,6
2.93,0.79,6
2.93,0.81,6
-1.23,0.89,6
-2.01,0.85,6
-2.01,0.93,6
-2.01,0.98,6
-2.01,0.82,6
-0.42,0.72,6
-0.98,0.77,6
1.87,0.91,6
-1.34,0.97,6
1.87,0.98,6
-1.62,1.03,6
-1.62,1.04,6
-1.62,1.12,6
0.58,0.91,6
0.58,1.01,6
2.32,0.94,6
2.32,0.99,6
-1.3,0.95,6
-1.3,0.96,6
-1.3,0.97,6
-2.17,0.9,6
-2.17,0.96,6
-2.17,0.76,6
2.91,0.82,6
2.88,1.02,6
-1.25,0.78,6
0.6,0.79,6
-0.04,0.77,6
-1.62,0.82,6
-1.62,0.87,6
0.59,0.77,6
2.89,0.9,6
-1.22,0.9,6
-1.22,0.91,6
2.33,0.76,6
2.33,0.91,6
2.33,0.98,6
-3.06,0.78,6
-0.55,0.87,6
2.32,0.86,6
2.9,0.79,6
2.9,0.81,6
-2.38,0.85,6
0.61,0.86,6
-2.86,1.05,6
0.62,0.76,6
1.85,0.95,6
1.85,0.97,6
2.35,0.82,6
1.85,1.02,6
1.85,1.08,6
1.85,1.09,6
-0.04,0.75,6
-1.63,0.92,6
-1.63,0.96,6
-1.63,1.02,6
0.61,0.83,6
2.88,0.88,6
-2.37,0.87,6
2.87,0.71,6
0.63,0.88,6
0.63,0.99,6
-2.86,0.85,6
1.84,1.18,6
-2.0,1.05,6
-1.34,0.85,6
1.83,0.95,6
1.83,0.99,6
0.64,0.93,6
0.65,0.67,6
0.65,0.72,6
-2.67,0.87,6
-1.63,0.85,6
0.63,0.76,6
2.88,0.78,6
2.88,0.81,6
2.88,0.87,6
0.65,0.97,6
-1.19,0.92,6
0.64,0.75,6
1.83,1.07,6
1.83,1.1,6
1.83,1.15,6
1.84,0.93,6
-1.99,1.08,6
-0.4,0.76,6
-0.4,0.8,6
1.85,1.14,6
2.87,0.96,6
-2.38,0.82,6
-1.07,0.85,6
2.85,0.77,6
2.85,0.8,6
2.86,0.77,6
0.67,0.73,6
-1.44,0.99,6
0.67,0.89,6
-2.19,0.89,6
2.33,0.99,6
-2.18,0.82,6
-1.99,0.91,6
-1.99,0.93,6
-1.99,0.99,6
1.83,1.01,6
0.66,0.71,6
0.66,0.74,6
0.66,0.82,6
-1.1,0.89,6
-2.8,0.89,6
-2.8,0.92,6
-2.8,0.95,6
0.69,0.72,6
0.69,0.75,6
0.69,0.76,6
0.69,0.8,6
-0.86,0.97,6
-0.06,0.82,6
0.67,0.82,6
2.86,0.93,6
-0.4,1.01,6
1.82,1.0,6
1.82,1.01,6
1.82,1.03,6
1.81,1.19,6
-1.3,0.93,6
-2.37,0.79,6
-0.68,0.79,6
-0.68,0.86,6
-2.87,0.99,6
-1.66,1.37,6
-2.8,0.87,6
-2.77,0.85,6
-2.99,0.87,6
-1.14,0.84,6
-1.99,0.83,6
0.72,0.84,6
0.72,0.86,6
-0.06,0.83,6
-0.06,0.93,6
0.7,0.68,6
0.7,0.71,6
0.7,0.76,6
2.86,0.89,6
2.86,0.91,6
1.81,1.04,6
1.81,1.05,6
1.8,1.15,6
-1.35,1.19,6
-0.07,0.79,6
-0.07,0.81,6
0.71,0.7,6
0.71,0.77,6
0.71,0.8,6
-1.07,0.87,6
0.73,0.9,6
-2.87,0.82,6
-2.87,0.91,6
0.74,0.82,6
-1.3,1.12,6
2.37,0.81,6
2.37,0.95,6
2.35,0.87,6
-1.3,1.18,6
-1.98,0.91,6
0.75,0.73,6
0.75,0.81,6
0.75,0.93,6
-1.67,1.1,6
0.76,0.82,6
-2.5,0.82,6
-2.36,0.77,6
-2.36,0.81,6
2.83,0.84,6
-1.67,0.96,6
-1.67,0.99,6
0.74,0.72,6
-1.98,1.03,6
-1.98,1.04,6
-1.98,0.86,6
-0.97,0.85,6
1.79,0.92,6
1.79,1.04,6
1.78,1.01,6
1.78,1.15,6
0.78,0.76,6
0.78,0.81,6
-1.68,0.88,6
-1.68,0.91,6
0.76,0.91,6
0.76,1.02,6
-1.67,0.92,6
-2.6,0.86,6
-1.97,0.95,6
-1.97,1.02,6
-1.97,0.84,6
-1.14,0.9,6
-1.14,0.91,6
-1.14,0.95,6
-0.97,0.83,6
-1.35,0.83,6
-1.35,0.92,6
-0.38,0.77,6
-1.97,1.09,6
-3.07,0.8,6
-1.68,0.98,6
0.79,0.72,6
0.79,0.84,6
-1.68,0.8,6
0.77,0.78,6
0.77,0.84,6
-3.12,0.87,6
2.36,1.01,6
2.36,1.05,6
2.36,1.14,6
-1.97,1.1,6
1.78,0.93,6
-0.97,0.96,6
-3.12,0.89,6
-1.26,1.13,6
-0.67,0.68,6
-0.67,0.7,6
-1.26,0.87,6
0.8,0.9,6
-0.87,0.94,6
-0.87,1.03,6
-2.6,0.78,6
-0.38,0.81,6
1.77,1.07,6
1.75,1.04,6
0.81,1.08,6
0.82,0.7,6
0.82,0.71,6
0.82,0.73,6
0.82,0.8,6
0.8,0.78,6
-1.43,0.98,6
-2.64,0.86,6
2.83,0.95,6
-3.12,0.83,6
-2.88,0.94,6
1.76,0.85,6
2.39,0.83,6
-0.56,0.88,6
-3.07,0.76,6
-3.07,0.79,6
1.76,1.07,6
-2.88,0.98,6
-2.88,1.04,6
-2.88,1.09,6
0.83,0.78,6
0.83,0.81,6
0.83,0.87,6
0.81,0.71,6
0.81,0.72,6
-1.43,0.93,6
-1.43,0.97,6
-2.88,0.85,6
-0.37,0.7,6
-0.37,0.8,6
-1.96,0.99,6
-1.96,0.87,6
1.75,0.8,6
1.75,0.9,6
1.75,0.92,6
1.75,0.94,6
-0.37,0.88,6
0.83,0.92,6
-2.72,0.88,6
-0.87,0.85,6
-0.87,0.92,6
-1.69,1.09,6
-1.69,0.92,6
0.82,0.83,6
-1.36,1.1,6
1.74,0.94,6
1.74,1.04,6
-1.96,1.08,6
1.73,0.94,6
-2.98,0.79,6
-0.97,0.86,6
-0.09,0.92,6
0.84,0.77,6
2.82,0.74,6
2.82,0.76,6
-2.35,0.82,6
-0.75,0.93,6
0.84,0.78,6
-2.88,0.77,6
-2.88,0.79,6
-2.88,0.83,6
1.74,0.9,6
-0.37,0.83,6
1.72,1.0,6
-1.36,0.93,6
-1.04,0.95,6
-1.04,1.03,6
2.81,0.85,6
-0.67,0.88,6
2.79,0.78,6
2.79,0.81,6
2.79,0.83,6
2.79,0.85,6
-1.43,1.1,6
0.86,0.67,6
-2.21,0.97,6
-2.21,1.0,6
-2.2,0.91,6
-1.95,0.96,6
-1.95,1.1,6
1.73,0.92,6
-0.36,0.76,6
1.71,0.85,6
-1.43,1.02,6
0.87,0.79,6
0.87,0.94,6
0.85,0.9,6
0.85,1.09,6
2.8,0.93,6
-2.34,0.81,6
-2.34,0.93,6
-2.34,0.64,6
2.79,0.76,6
-1.18,0.86,6
-1.18,0.89,6
-1.7,0.93,6
0.86,0.75,6
1.71,0.97,6
-0.57,0.87,6
2.41,0.67,6
2.41,0.9,6
2.41,0.94,6
2.39,0.84,6
1.71,1.03,6
-2.21,0.9,6
1.72,0.96,6
-2.56,0.84,6
-1.36,0.83,6
1.69,1.01,6
1.69,1.04,6
1.71,0.9,6
0.89,0.86,6
0.89,0.92,6
0.89,0.98,6
2.79,0.96,6
-1.71,0.93,6
-1.71,1.0,6
0.88,0.84,6
-0.67,0.87,6
2.78,0.78,6
-1.71,0.84,6
-1.71,0.91,6
-2.89,0.74,6
-2.56,0.85,6
1.7,0.89,6
1.7,0.9,6
1.7,0.92,6
1.7,0.94,6
1.7,1.0,6
1.7,1.03,6
-2.56,0.74,6
-1.94,0.95,6
-1.94,1.0,6
-2.65,0.88,6
-0.11,0.77,6
-0.11,0.79,6
-0.11,0.8,6
0.93,0.77,6
-2.89,0.97,6
-2.89,0.99,6
0.94,0.83,6
-0.88,0.87,6
2.42,0.89,6
-1.04,0.67,6
-1.04,0.76,6
-0.57,0.82,6
-0.57,0.83,6
-0.57,0.86,6
1.69,0.88,6
1.69,0.96,6
1.69,0.99,6
1.69,1.1,6
-2.34,0.77,6
-2.34,0.78,6
-2.34,0.8,6
2.76,0.86,6
-0.66,0.86,6
0.95,0.73,6
0.95,0.9,6
-2.89,0.85,6
1.67,1.04,6
-1.94,1.13,6
-0.35,0.8,6
-0.35,0.86,6
-0.35,0.91,6
1.68,0.89,6
1.68,0.96,6
1.68,0.98,6
1.68,1.0,6
1.68,1.04,6
-2.97,0.9,6
-0.96,0.91,6
-0.35,0.97,6
2.42,0.85,6
2.43,0.96,6
1.67,0.84,6
1.67,0.92,6
1.67,0.93,6
1.67,0.98,6
-1.15,0.99,6
-0.12,0.73,6
-0.12,0.74,6
0.96,0.83,6
0.96,0.92,6
2.75,0.82,6
2.75,0.86,6
2.75,0.93,6
0.97,0.92,6
-1.72,0.85,6
-1.72,0.87,6
-1.72,0.88,6
1.66,1.01,6
-2.97,0.8,6
-1.93,0.88,6
-1.93,0.96,6
1.64,1.35,6
1.65,0.94,6
2.44,0.88,6
-1.18,1.04,6
0.98,0.97,6
-1.72,1.07,6
-1.72,1.08,6
1.01,1.03,6
-0.58,0.71,6
-2.75,0.9,6
2.43,0.9,6
2.43,0.93,6
-1.93,1.21,6
1.66,0.92,6
0.99,0.75,6
-1.42,1.16,6
0.99,0.89,6
0.99,0.94,6
0.99,0.98,6
0.99,1.01,6
-1.72,0.9,6
-1.72,0.95,6
-1.42,0.87,6
-2.33,1.02,6
-1.37,1.3,6
1.64,0.93,6
1.64,1.01,6
1.64,1.07,6
1.63,0.88,6
1.63,0.95,6
1.63,1.0,6
-0.34,0.89,6
2.45,0.88,6
2.74,0.9,6
-2.74,0.84,6
-2.74,0.87,6
-2.74,0.88,6
-2.74,0.89,6
1.01,0.78,6
1.01,0.89,6
-2.23,1.12,6
-2.23,1.17,6
-2.52,0.75,6
-2.22,0.83,6
2.44,0.81,6
-0.58,0.94,6
-1.92,0.85,6
-1.92,0.92,6
-1.73,0.92,6
-1.73,0.95,6
-1.73,1.01,6
1.02,0.77,6
1.0,0.85,6
-2.33,0.91,6
-1.37,1.1,6
-1.92,1.04,6
-1.92,1.16,6
1.63,0.83,6
1.63,0.86,6
1.63,0.87,6
-0.33,0.8,6
-0.33,0.81,6
-3.08,0.99,6
-2.32,0.71,6
-2.66,0.8,6
-0.65,0.72,6
-0.65,0.76,6
-0.65,0.77,6
-2.59,0.79,6
-0.13,0.73,6
1.62,1.1,6
-1.15,0.92,6
1.61,0.89,6
1.61,0.97,6
-1.29,1.08,6
2.46,0.98,6
-2.9,0.95,6
1.04,0.8,6
1.04,0.91,6
1.04,0.92,6
1.04,0.94,6
1.04,0.95,6
1.04,1.0,6
1.02,0.81,6
-3.11,0.66,6
1.06,0.85,6
-2.23,0.9,6
-2.23,1.01,6
-0.58,0.79,6
2.45,0.72,6
2.45,0.75,6
2.45,0.77,6
2.45,0.85,6
1.61,1.15,6
1.06,0.87,6
-0.14,0.74,6
-0.14,0.85,6
-0.14,0.86,6
1.05,0.87,6
1.03,0.85,6
-2.32,0.8,6
-2.32,0.83,6
2.74,0.8,6
2.74,0.81,6
2.72,0.8,6
-2.9,0.81,6
1.06,0.76,6
-0.33,0.66,6
1.6,1.05,6
-1.37,0.92,6
1.6,1.19,6
1.6,1.29,6
1.61,0.82,6
-0.32,0.71,6
-0.32,0.77,6
-0.32,0.78,6
1.06,1.01,6
1.07,0.89,6
-0.89,0.9,6
-2.72,0.72,6
-2.9,0.76,6
-0.65,0.86,6
-2.32,0.77,6
-0.32,0.91,6
-2.23,0.67,6
2.46,0.81,6
2.46,0.85,6
2.46,0.86,6
-1.91,0.95,6
-1.91,1.0,6
-1.91,1.02,6
-2.31,0.75,6
-2.31,0.76,6
-2.31,0.82,6
-1.27,1.1,6
2.71,0.77,6
1.08,0.88,6
-1.75,1.3,6
1.59,0.97,6
1.59,0.99,6
1.59,1.17,6
-0.32,0.67,6
-1.75,1.11,6
-1.75,1.17,6
1.1,0.91,6
1.1,1.0,6
1.11,0.0,6
-0.15,0.77,6
-2.32,0.87,6
-2.32,0.92,6
2.73,0.77,6
-0.95,0.9,6
1.58,1.11,6
-1.91,1.27,6
1.57,1.0,6
1.57,1.04,6
-0.31,0.66,6
-0.31,0.67,6
-2.79,0.86,6
-1.75,0.96,6
-1.75,0.97,6
-1.75,0.98,6
-1.75,1.0,6
1.09,0.96,6
1.12,1.09,6
1.11,0.82,6
-0.16,0.92,6
-2.59,0.81,6
-2.59,0.83,6
-1.41,0.86,6
-1.41,0.88,6
-0.16,0.67,6
-0.16,0.74,6
-2.79,0.78,6
2.71,0.81,6
-3.08,0.75,6
2.48,0.8,6
2.48,0.83,6
2.48,0.9,6
-1.29,0.92,6
-1.29,1.07,6
2.47,0.77,6
2.47,0.83,6
2.47,0.84,6
1.57,1.12,6
1.57,1.13,6
1.57,1.14,6
1.58,0.96,6
-1.9,0.97,6
-1.9,1.0,6
-1.22,1.02,6
-0.31,0.69,6
-0.95,1.04,6
1.57,0.9,6
-0.31,0.74,6
-3.08,0.71,6
2.71,0.9,6
-3.11,0.89,6
-2.32,1.08,6
-0.75,0.83,6
-0.75,0.86,6
-0.75,0.87,6
1.12,0.91,6
-2.91,0.96,6
2.49,0.86,6
2.49,0.93,6
-3.08,0.66,6
-2.96,0.82,6
-1.9,1.15,6
-1.9,1.17,6
1.13,0.86,6
-1.76,1.5,6
1.14,0.82,6
-0.16,0.8,6
-2.59,0.87,6
-2.31,0.93,6
1.56,0.97,6
1.56,0.99,6
-2.96,1.03,6
-2.96,0.72,6
1.55,0.86,6
1.55,0.89,6
-2.31,0.99,6
2.69,0.91,6
-0.64,0.68,6
-0.64,0.8,6
-0.64,0.84,6
1.14,0.97,6
1.14,1.01,6
1.14,1.02,6
1.14,1.03,6
1.14,1.04,6
-2.91,0.87,6
1.55,0.96,6
1.55,1.08,6
1.56,0.79,6
1.56,0.88,6
1.56,0.9,6
1.54,0.89,6
-1.9,0.95,6
1.15,0.86,6
1.14,0.83,6
1.14,0.87,6
-1.41,0.99,6
-2.31,0.87,6
-1.76,0.87,6
1.16,0.74,6
-1.41,0.94,6
2.5,0.84,6
2.5,0.87,6
2.51,0.83,6
2.48,0.93,6
1.54,1.01,6
1.54,1.15,6
2.7,0.92,6
-0.64,0.85,6
-1.27,1.01,6
-0.17,0.73,6
1.17,0.8,6
1.17,0.81,6
1.17,0.84,6
1.15,0.92,6
1.15,1.05,6
-0.3,1.0,6
-0.3,0.77,6
-0.3,0.82,6
1.52,1.02,6
1.52,1.07,6
-2.25,0.93,6
1.54,0.98,6
1.18,0.86,6
-1.17,1.05,6
1.18,0.89,6
-0.17,0.71,6
2.7,0.77,6
-1.78,1.47,6
1.18,0.98,6
-1.77,0.93,6
-1.77,1.0,6
-0.18,0.71,6
1.17,0.91,6
1.17,1.04,6
1.17,1.07,6
1.17,1.13,6
-1.27,1.05,6
-0.6,0.72,6
-2.24,0.92,6
-1.29,1.1,6
2.5,0.76,6
1.53,0.84,6
1.53,0.98,6
-2.51,0.87,6
-2.3,0.86,6
-1.27,0.79,6
1.19,1.05,6
-0.94,0.87,6
-0.94,0.88,6
-1.88,0.84,6
-1.88,0.95,6
-1.88,0.98,6
-2.25,0.81,6
-2.25,0.85,6
-1.11,0.9,6
-1.05,0.8,6
-1.78,1.36,6
1.21,0.93,6
1.21,1.0,6
1.21,1.21,6
-0.18,0.79,6
1.19,0.85,6
2.68,0.69,6
2.52,0.8,6
2.52,0.88,6
2.52,0.89,6
-2.75,0.97,6
1.51,0.94,6
1.51,1.0,6
1.51,1.08,6
-0.29,0.74,6
2.68,0.75,6
2.65,0.82,6
-0.63,0.69,6
-0.63,0.74,6
-1.17,0.98,6
1.2,0.96,6
1.22,0.95,6
1.22,0.97,6
1.22,1.01,6
-1.17,0.92,6
-0.64,0.97,6
-1.88,1.01,6
-1.88,1.04,6
-2.78,0.84,6
-2.78,0.89,6
-1.88,1.14,6
1.49,1.12,6
-2.3,0.88,6
-2.3,0.93,6
-0.63,0.76,6
-0.63,0.83,6
-0.63,0.87,6
-2.29,0.81,6
-1.06,0.81,6
-1.06,0.83,6
1.23,1.05,6
1.23,1.07,6
1.24,1.0,6
-1.38,1.15,6
1.5,0.76,6
1.5,0.78,6
1.5,0.92,6
1.5,0.99,6
-0.28,0.65,6
-0.28,0.73,6
-0.28,0.74,6
-0.28,0.76,6
1.5,1.12,6
1.23,0.98,6
1.23,1.01,6
-0.19,0.72,6
-0.19,0.75,6
2.66,0.83,6
1.26,0.94,6
-0.28,0.82,6
-0.28,0.88,6
1.49,0.89,6
1.49,0.96,6
1.48,0.97,6
1.26,1.0,6
-1.79,1.01,6
-1.79,1.16,6
1.25,0.91,6
1.25,0.92,6
1.25,0.97,6
-0.91,1.06,6
1.25,1.01,6
1.25,1.02,6
1.24,0.96,6
1.24,0.98,6
-2.29,0.9,6
2.54,0.83,6
2.54,0.86,6
-0.6,0.77,6
-0.6,0.81,6
-2.25,0.76,6
-2.95,0.86,6
-2.95,0.88,6
-2.57,0.77,6
-2.29,0.94,6
2.65,0.74,6
2.63,1.05,6
-2.29,1.06,6
-1.28,1.25,6
2.64,0.69,6
1.26,0.87,6
1.26,0.93,6
-1.38,1.04,6
-1.87,1.04,6
-2.68,1.07,6
-1.87,0.94,6
-1.87,0.95,6
-1.87,1.02,6
1.46,0.94,6
1.46,0.96,6
1.46,1.01,6
1.46,1.03,6
1.47,0.82,6
1.47,0.88,6
1.47,0.96,6
-0.27,0.76,6
-0.27,0.85,6
-0.27,0.87,6
1.27,0.95,6
1.27,1.06,6
-0.2,0.75,6
-1.79,0.88,6
-1.06,0.89,6
-1.8,1.06,6
-0.21,0.83,6
-0.91,0.82,6
-0.91,0.86,6
-0.91,0.88,6
-0.91,0.89,6
-1.38,0.9,6
-1.38,0.93,6
-1.86,1.04,6
2.55,0.83,6
2.55,0.86,6
2.55,0.87,6
-1.4,1.18,6
-0.21,0.75,6
1.28,0.9,6
1.28,0.92,6
1.28,1.01,6
-1.8,0.95,6
-1.4,1.09,6
2.64,0.81,6
2.64,0.98,6
-3.1,0.76,6
2.62,0.79,6
-2.51,0.65,6
2.62,0.81,6
-0.61,0.73,6
2.53,0.74,6
2.53,0.86,6
1.45,0.86,6
1.45,0.88,6
1.45,0.9,6
1.45,0.93,6
1.45,0.95,6
-0.93,0.93,6
1.45,1.06,6
1.31,0.86,6
1.3,0.92,6
1.3,1.05,6
1.28,1.14,6
-0.26,0.74,6
-0.26,0.82,6
1.44,0.99,6
-1.86,0.92,6
-1.86,0.96,6
1.43,0.93,6
-0.26,0.97,6
-0.22,0.82,6
2.63,0.9,6
2.61,0.86,6
-0.62,0.81,6
-2.28,0.88,6
-2.28,0.9,6
-1.81,0.91,6
-1.86,1.08,6
-0.93,0.86,6
-0.93,0.89,6
-1.85,1.09,6
-1.85,1.14,6
-2.94,0.69,6
-3.09,0.81,6
1.31,0.96,6
1.31,1.18,6
-1.4,1.34,6
-0.22,0.64,6
-0.22,0.73,6
-0.22,0.76,6
-2.93,0.83,6
-1.81,1.14,6
2.6,0.87,6
-1.28,1.04,6
-1.82,1.36,6
-2.93,0.76,6
-2.93,0.81,6
-1.82,1.07,6
-0.92,0.9,6
2.55,0.73,6
2.55,0.81,6
-1.85,1.01,6
-2.94,0.79,6
-1.85,1.25,6
1.42,0.87,6
1.43,1.24,6
-0.92,1.0,6
-1.82,0.98,6
1.32,0.91,6
1.32,1.0,6
-2.28,0.94,6
1.42,0.94,6
-0.61,0.79,6
-0.61,0.87,6
-3.09,0.64,6
-3.09,0.78,6
1.42,0.98,6
1.42,1.07,6
1.42,1.1,6
-1.85,1.02,6
-0.23,0.8,6
-1.82,1.01,6
1.33,0.91,6
-1.82,0.91,6
-1.82,0.95,6
-1.85,1.04,6
-2.94,0.86,6
-0.25,0.73,6
-0.25,0.78,6
1.41,0.84,6
1.41,0.85,6
1.41,0.86,6
1.41,0.98,6
-1.84,1.06,6
1.42,0.91,6
-1.16,0.83,6
1.33,1.18,6
1.33,1.27,6
1.34,0.92,6
1.34,0.95,6
1.34,0.96,6
1.34,0.97,6
-0.25,0.95,6
1.4,0.8,6
1.4,0.88,6
1.4,0.92,6
1.39,0.93,6
1.39,0.94,6
1.39,0.98,6
1.39,1.08,6
-1.85,1.03,6
-2.28,1.03,6
2.61,0.78,6
2.61,0.8,6
2.61,0.84,6
1.35,1.06,6
1.37,0.85,6
2.57,0.98,6
-2.27,0.97,6
2.58,0.74,6
2.58,0.78,6
-2.26,0.7,6
2.56,0.74,6
-1.84,0.95,6
-1.84,1.03,6
-0.24,0.82,6
1.36,0.97,6
1.36,1.06,6
-1.39,0.91,6
1.35,0.98,6
2.59,0.77,6
-1.28,0.82,6
-1.28,0.92,6
-1.28,0.98,6
-1.83,0.91,6
-1.83,0.92,6
-1.83,0.94,6
-1.83,0.79,6
1.38,0.92,6
1.38,0.94,6
-1.39,1.04,6
1.38,0.99,6
1.37,0.89,6
1.37,0.97,6
2.57,0.85,6
-0.79,0.9,6
-0.79,0.91,6
1.37,1.01,6
1.38,0.8,6
-1.39,0.97,6
-0.24,0.77,6
-2.48,0.92,6
3.13,0.97,6
0.08,0.92,6
-1.48,0.91,6
-2.81,0.72,6
-2.47,0.77,6
-0.74,0.85,6
0.09,0.9,6
0.09,0.97,6
3.11,0.65,6
3.11,0.69,6
0.1,0.84,6
0.1,0.86,6
0.1,0.88,6
3.13,0.79,6
-2.48,0.78,5
0.1,0.89,5
3.11,0.72,5
3.1,0.94,5
3.1,0.84,5
3.1,0.82,5
3.1,0.8,5
0.09,0.91,5
0.09,0.83,5
-1.49,1.05,5
0.08,0.76,5
0.08,0.67,5
-1.48,1.23,5
-2.81,0.7,5
0.09,0.73,5
2.2,1.04,5
0.07,0.76,5
-0.81,0.93,5
0.12,0.72,5
0.07,0.78,5
0.07,0.95,5
0.1,0.76,5
0.1,0.77,5
0.1,0.82,5
0.09,0.75,5
0.12,0.91,5
-1.02,1.0,5
-2.12,0.81,5
-0.51,0.78,5
-2.12,0.82,5
-2.12,0.86,5
-1.83,1.4,5
1.35,0.88,5
2.59,0.75,5
2.59,0.79,5
2.59,0.8,5
2.6,0.72,5
2.6,0.78,5
2.57,0.77,5
2.57,0.82,5
-1.83,1.0,5
-0.79,0.86,5
1.38,0.96,5
1.38,1.02,5
1.38,1.03,5
1.38,1.06,5
1.38,1.38,5
2.57,0.91,5
-2.73,1.12,5
-2.26,0.91,5
-0.25,1.11,5
-1.84,0.93,5
-1.84,0.97,5
-1.84,1.04,5
-0.25,0.82,5
-0.24,0.86,5
-1.16,0.96,5
-1.16,0.99,5
1.36,1.0,5
1.36,1.14,5
1.36,1.17,5
-1.39,0.87,5
-1.83,1.34,5
1.4,0.9,5
-2.94,0.81,5
-2.94,0.84,5
1.39,1.06,5
1.39,1.13,5
1.39,1.21,5
-1.28,1.11,5
2.61,0.79,5
2.61,0.82,5
2.58,0.84,5
2.58,0.94,5
-1.11,0.94,5
-1.28,1.14,5
1.35,1.07,5
1.35,1.19,5
-1.83,1.09,5
-2.94,0.95,5
-2.94,0.96,5
-1.39,1.29,5
-0.25,0.77,5
-1.84,1.07,5
-1.84,1.08,5
1.33,1.07,5
1.33,1.1,5
1.34,0.98,5
1.34,1.01,5
1.34,1.02,5
1.34,1.04,5
1.34,1.28,5
1.34,1.31,5
1.35,0.99,5
-0.25,0.86,5
2.56,0.97,5
-0.61,0.8,5
-0.61,0.82,5
1.42,0.97,5
-2.26,0.84,5
-0.23,0.74,5
-0.23,0.78,5
-1.82,1.05,5
1.33,0.93,5
1.33,0.99,5
-1.82,1.1,5
-1.82,1.11,5
-1.82,1.13,5
-1.82,0.92,5
-1.82,0.94,5
-1.83,1.13,5
1.43,0.92,5
1.41,1.29,5
-0.93,0.98,5
-0.92,0.91,5
-0.92,0.92,5
-0.92,0.98,5
1.32,0.9,5
1.32,0.94,5
1.32,0.98,5
1.32,1.02,5
1.32,1.06,5
-1.4,1.32,5
-2.28,1.0,5
-0.23,0.71,5
2.56,0.78,5
2.56,0.87,5
2.62,0.68,5
2.62,0.69,5
2.6,0.86,5
2.6,0.89,5
2.6,0.92,5
-1.28,1.07,5
-1.28,1.08,5
-1.28,1.09,5
1.32,1.22,5
1.32,1.24,5
-2.26,0.85,5
-2.26,0.88,5
2.54,1.0,5
-2.26,1.04,5
2.55,0.8,5
-0.61,1.02,5
-1.86,1.1,5
-1.86,1.17,5
-0.93,0.9,5
-1.85,1.13,5
-2.78,0.64,5
-1.85,1.0,5
-3.09,0.8,5
-3.09,0.83,5
1.44,0.88,5
1.31,1.09,5
-0.22,0.69,5
1.31,1.2,5
-2.93,0.95,5
-2.93,1.02,5
1.3,1.1,5
-1.81,1.11,5
-1.86,1.0,5
1.43,1.0,5
1.43,1.02,5
1.43,1.15,5
-0.26,0.91,5
-0.26,0.95,5
-1.11,0.86,5
-0.22,0.79,5
-1.06,1.11,5
2.63,0.89,5
-0.62,0.82,5
-2.28,0.78,5
-2.28,0.87,5
-0.22,0.87,5
-1.81,0.93,5
-1.82,1.09,5
-3.09,0.84,5
1.45,0.98,5
-1.81,1.01,5
1.29,0.96,5
1.29,1.1,5
1.29,1.13,5
1.29,1.16,5
1.29,1.22,5
-1.81,1.26,5
-1.81,1.29,5
1.3,0.91,5
1.28,1.11,5
1.28,1.13,5
-1.81,1.15,5
-0.26,0.7,5
1.44,1.08,5
1.28,1.08,5
1.28,1.09,5
1.28,1.24,5
-0.21,0.71,5
-0.21,0.72,5
2.64,0.8,5
-3.1,0.79,5
-3.1,0.81,5
2.62,0.86,5
2.62,0.87,5
-3.1,0.85,5
-1.81,0.94,5
-0.61,0.74,5
2.53,0.87,5
2.53,0.91,5
2.53,0.96,5
1.45,1.19,5
1.46,0.88,5
1.46,0.91,5
-1.38,0.89,5
-1.38,0.92,5
-1.86,1.07,5
2.55,0.96,5
-1.11,0.81,5
-0.79,1.02,5
-1.81,1.41,5
1.29,0.82,5
-0.91,0.93,5
-0.91,0.96,5
-0.21,0.82,5
1.28,0.89,5
1.28,0.93,5
1.25,1.25,5
-1.79,0.86,5
-1.79,0.87,5
-1.06,0.88,5
-1.8,1.02,5
-1.8,1.07,5
-0.21,0.93,5
-0.91,0.81,5
-0.91,0.83,5
1.26,1.09,5
1.26,1.11,5
-1.8,1.1,5
1.27,0.91,5
1.27,0.93,5
-2.58,0.79,5
1.45,1.13,5
-0.27,0.72,5
1.46,1.1,5
-2.95,1.04,5
1.47,0.92,5
-0.27,0.73,5
-0.27,0.79,5
-0.27,0.84,5
-0.27,0.92,5
-0.27,0.93,5
1.47,1.1,5
1.27,0.97,5
1.27,1.01,5
1.27,1.03,5
1.27,1.09,5
1.27,1.17,5
-1.4,0.98,5
1.47,1.05,5
-0.28,0.81,5
-2.29,0.93,5
-2.29,0.96,5
2.63,0.91,5
2.63,1.02,5
-2.29,0.98,5
2.64,0.73,5
-1.79,0.95,5
1.27,0.94,5
-1.38,1.09,5
-1.87,1.11,5
-1.87,0.93,5
1.46,0.92,5
1.46,1.04,5
2.54,0.81,5
1.48,1.23,5
-1.38,0.99,5
-3.09,0.85,5
-3.09,0.88,5
2.54,0.75,5
1.49,1.13,5
1.25,0.82,5
1.25,0.99,5
1.25,1.1,5
1.24,0.95,5
2.54,0.96,5
-0.6,0.79,5
-0.6,0.8,5
-0.6,0.92,5
2.52,1.23,5
-2.95,0.82,5
-2.57,0.87,5
-1.4,0.81,5
1.24,1.06,5
1.24,1.17,5
-2.92,0.86,5
-1.79,1.23,5
-1.79,1.32,5
1.23,0.99,5
-0.19,0.73,5
2.66,0.89,5
2.67,0.73,5
1.49,0.83,5
1.49,0.91,5
1.49,0.95,5
1.48,0.82,5
1.48,0.9,5
-0.29,0.92,5
-2.78,0.75,5
1.49,1.02,5
1.49,1.05,5
1.49,1.11,5
-1.05,0.81,5
-0.63,0.78,5
1.23,1.16,5
-1.79,1.4,5
1.24,0.89,5
-1.78,0.99,5
1.49,1.2,5
-1.38,1.26,5
1.5,0.94,5
1.5,0.98,5
1.5,1.06,5
1.22,0.93,5
1.22,1.08,5
1.22,1.09,5
1.22,1.11,5
1.23,0.94,5
1.21,1.25,5
-2.92,0.88,5
-2.92,0.91,5
-2.79,0.95,5
-1.17,0.93,5
-1.17,0.96,5
2.67,0.84,5
1.5,1.24,5
1.5,1.25,5
-2.78,0.93,5
-1.88,0.99,5
2.52,0.79,5
2.52,0.85,5
2.52,0.92,5
2.52,0.95,5
1.51,0.99,5
1.51,1.02,5
1.51,1.13,5
2.68,0.77,5
2.68,0.87,5
2.65,0.86,5
2.65,0.9,5
-2.92,1.07,5
-1.78,1.13,5
-1.78,1.19,5
-1.78,1.2,5
-1.78,0.89,5
-0.29,0.79,5
-0.29,0.85,5
-0.94,0.91,5
-1.88,0.87,5
-1.88,0.97,5
-2.25,1.02,5
1.2,1.06,5
1.2,1.12,5
1.21,0.87,5
1.21,0.96,5
1.21,0.99,5
1.21,1.09,5
1.21,1.15,5
-0.18,0.78,5
-0.18,0.81,5
-1.05,0.82,5
1.53,0.85,5
1.53,0.88,5
1.53,1.01,5
2.68,0.98,5
-2.51,0.74,5
-2.51,0.75,5
-2.51,0.84,5
-2.51,0.86,5
2.69,0.73,5
-2.3,0.78,5
-2.3,0.83,5
1.19,0.95,5
1.19,1.04,5
1.19,1.06,5
1.2,1.0,5
-0.29,0.75,5
-0.17,0.69,5
2.7,0.78,5
1.2,0.94,5
1.18,0.9,5
-0.18,0.89,5
-1.77,0.9,5
-1.77,0.98,5
1.19,0.8,5
1.17,0.99,5
-2.25,1.07,5
-0.6,0.7,5
-2.24,0.86,5
-2.24,0.89,5
-1.05,0.93,5
-1.89,1.25,5
1.53,0.83,5
-1.89,1.1,5
-0.3,0.71,5
-0.3,0.8,5
1.52,0.93,5
1.52,0.99,5
1.52,1.1,5
2.52,1.01,5
2.52,1.1,5
-1.77,1.05,5
-1.17,1.01,5
-1.17,0.87,5
-1.17,0.88,5
1.16,0.93,5
1.16,1.1,5
-1.77,1.42,5
-1.77,1.64,5
-2.24,0.95,5
-0.59,0.78,5
-2.24,1.0,5
-2.24,1.02,5
1.54,0.99,5
1.54,1.09,5
-2.57,1.06,5
-2.65,1.11,5
2.7,1.0,5
2.68,0.93,5
-0.64,0.9,5
-1.27,0.9,5
-1.27,0.98,5
-1.77,1.37,5
1.17,1.32,5
-1.89,1.04,5
1.15,1.07,5
-1.76,0.86,5
-0.17,0.78,5
-0.17,0.83,5
-0.17,0.86,5
-1.76,0.91,5
-1.76,0.98,5
1.16,0.78,5
1.14,1.05,5
1.14,1.08,5
-2.91,0.73,5
-2.91,0.78,5
-2.91,0.83,5
2.7,0.79,5
2.51,0.72,5
2.51,0.95,5
1.55,1.27,5
1.55,1.29,5
-0.3,0.93,5
1.54,0.92,5
1.54,0.95,5
1.54,0.96,5
-1.76,1.03,5
-1.76,1.04,5
-1.76,1.13,5
-1.41,1.02,5
-1.41,1.11,5
-0.75,0.9,5
-1.06,0.74,5
-2.31,0.84,5
-2.31,0.85,5
-2.31,0.92,5
1.56,1.16,5
1.56,1.22,5
-2.96,0.9,5
-2.96,0.91,5
-2.96,1.01,5
-1.9,1.34,5
1.55,0.92,5
-0.31,0.87,5
2.69,0.78,5
-0.64,0.77,5
2.7,0.73,5
1.14,0.95,5
-2.91,0.84,5
1.55,0.95,5
1.55,1.0,5
1.55,1.14,5
-2.23,0.89,5
-0.59,0.94,5
-0.31,0.93,5
1.57,1.22,5
1.13,0.89,5
1.13,0.92,5
1.13,1.03,5
1.13,1.21,5
-1.76,1.21,5
1.14,0.81,5
-2.59,0.85,5
-2.59,0.93,5
-2.59,0.94,5
-2.59,0.95,5
1.56,1.01,5
1.56,1.07,5
-0.31,0.76,5
-0.31,0.81,5
-3.11,0.99,5
2.72,0.73,5
2.7,1.08,5
-0.75,0.78,5
-0.75,0.81,5
1.12,0.89,5
1.12,0.98,5
1.12,1.08,5
-0.31,0.9,5
2.49,0.72,5
2.49,0.83,5
-2.24,0.79,5
-2.24,0.84,5
-2.23,0.85,5
1.09,0.88,5
1.12,1.18,5
1.12,1.28,5
1.11,0.88,5
1.11,1.05,5
-0.16,0.87,5
-2.91,1.14,5
-1.29,0.97,5
2.47,0.82,5
1.57,1.1,5
1.57,1.4,5
-1.22,1.03,5
-0.31,0.7,5
-2.7,0.75,5
-2.96,0.75,5
-0.31,0.73,5
-0.95,0.94,5
-2.78,0.98,5
1.58,0.99,5
1.58,1.02,5
1.58,1.1,5
1.58,1.53,5
-1.91,1.49,5
1.6,0.82,5
-1.75,0.88,5
-1.75,0.91,5
-1.75,0.92,5
-1.75,1.01,5
-2.71,0.96,5
-2.71,1.03,5
-2.71,1.08,5
1.09,0.8,5
-0.32,1.07,5
1.59,1.07,5
1.59,1.25,5
-1.91,1.05,5
-1.91,1.08,5
-1.91,1.14,5
1.58,0.86,5
-0.32,0.82,5
-1.75,1.07,5
-1.75,1.16,5
1.1,0.94,5
-1.75,1.72,5
-0.15,0.85,5
-0.15,0.88,5
-2.79,0.83,5
-0.95,0.93,5
-2.23,0.77,5
2.46,0.78,5
-1.37,1.16,5
2.73,0.87,5
2.73,0.91,5
-2.31,0.81,5
-1.27,1.09,5
2.71,0.76,5
1.08,0.92,5
1.08,0.98,5
1.06,0.9,5
1.09,1.02,5
1.6,0.95,5
1.59,0.92,5
1.59,1.02,5
-0.32,0.94,5
-0.32,0.75,5
2.46,1.07,5
1.06,0.96,5
1.06,0.99,5
-0.15,0.97,5
-1.74,0.96,5
-1.74,1.0,5
-0.89,0.91,5
-2.67,0.94,5
-2.67,0.98,5
2.73,0.8,5
2.47,0.87,5
2.47,0.91,5
2.47,0.95,5
2.47,0.99,5
-2.23,0.75,5
1.03,0.91,5
2.74,0.85,5
2.72,0.92,5
2.72,0.94,5
-0.65,0.9,5
-0.65,0.95,5
-0.65,0.96,5
-2.9,0.8,5
-1.74,1.22,5
1.06,0.81,5
1.06,0.94,5
1.6,0.97,5
1.6,1.16,5
1.6,1.18,5
1.6,1.25,5
-1.15,0.86,5
-2.23,0.94,5
2.45,0.8,5
2.45,0.87,5
1.61,1.04,5
1.61,1.22,5
1.61,1.26,5
-1.37,1.15,5
1.62,0.86,5
1.05,0.82,5
-2.64,0.57,5
-0.14,0.7,5
-0.14,0.82,5
1.05,0.93,5
1.05,0.96,5
1.05,1.03,5
1.03,0.89,5
1.62,0.89,5
1.62,0.91,5
1.62,0.99,5
1.62,1.01,5
1.62,1.05,5
-0.33,1.01,5
1.61,0.87,5
1.61,0.98,5
2.46,1.03,5
1.62,1.19,5
-2.9,0.93,5
1.04,0.79,5
1.02,0.87,5
1.02,0.92,5
1.02,0.98,5
-1.42,1.24,5
1.62,1.24,5
-1.92,1.28,5
-1.92,1.29,5
-1.92,1.08,5
-1.92,1.1,5
-1.92,1.11,5
1.62,0.82,5
-3.11,0.75,5
-3.11,0.88,5
-0.65,0.84,5
-2.59,0.74,5
1.03,0.83,5
-0.89,1.03,5
-0.13,0.74,5
-0.13,0.75,5
-2.9,0.9,5
-0.58,0.91,5
1.63,1.13,5
1.63,1.16,5
-1.92,0.95,5
1.62,1.14,5
-1.92,0.84,5
1.02,0.75,5
1.02,0.79,5
1.0,0.89,5
1.0,0.95,5
1.0,0.98,5
-0.13,0.9,5
-2.33,0.85,5
-2.33,0.87,5
-2.33,0.99,5
-3.11,0.67,5
1.64,0.98,5
1.63,0.93,5
1.63,1.03,5
-3.08,0.87,5
2.44,0.91,5
2.76,0.74,5
2.76,0.79,5
2.76,0.8,5
-2.74,0.8,5
-2.74,0.96,5
-1.73,1.03,5
-1.73,1.1,5
1.01,0.74,5
-0.13,0.76,5
-2.22,0.9,5
-2.22,0.92,5
-2.75,0.89,5
2.43,0.84,5
2.43,0.86,5
1.65,0.96,5
1.65,0.97,5
1.65,1.11,5
-1.93,1.28,5
-0.96,1.02,5
-2.9,1.02,5
-1.42,1.14,5
0.99,0.87,5
0.99,0.93,5
1.0,0.69,5
-1.42,0.89,5
-0.34,0.83,5
1.64,0.92,5
-0.78,0.83,5
-0.78,0.93,5
2.43,0.94,5
0.98,0.82,5
0.98,0.86,5
0.98,0.96,5
0.98,1.07,5
0.96,1.02,5
-1.72,1.01,5
-1.72,1.05,5
-1.72,1.11,5
-1.72,1.13,5
-1.42,0.99,5
-0.66,0.94,5
-2.52,0.82,5
-0.58,0.78,5
-2.33,0.81,5
2.77,0.85,5
2.77,0.87,5
2.75,0.87,5
2.75,0.91,5
-3.11,0.64,5
-0.12,0.71,5
0.97,0.84,5
-1.72,0.84,5
-1.42,0.94,5
-2.97,0.81,5
-1.93,1.05,5
-1.93,1.11,5
-1.93,0.9,5
-1.93,0.97,5
-2.97,0.87,5
2.42,0.81,5
2.42,0.82,5
1.67,0.94,5
1.67,0.96,5
1.67,1.02,5
-0.12,0.82,5
-0.12,0.87,5
-2.89,0.87,5
-2.89,0.91,5
-2.89,0.93,5
0.96,0.85,5
0.96,0.87,5
0.94,0.88,5
0.94,1.07,5
-1.72,1.46,5
-0.88,0.79,5
1.69,0.95,5
-0.88,0.91,5
-0.12,0.99,5
-2.66,0.89,5
2.78,0.89,5
-3.12,1.25,5
2.76,0.96,5
0.95,0.89,5
0.95,0.94,5
-0.35,0.85,5
-0.96,0.79,5
2.43,1.09,5
-2.22,0.74,5
-2.22,0.81,5
2.41,0.99,5
-0.57,0.67,5
-1.94,1.04,5
-2.65,0.9,5
1.72,0.9,5
-0.11,0.76,5
0.93,0.74,5
0.93,0.85,5
-2.89,1.13,5
0.92,0.75,5
0.92,0.84,5
0.92,0.86,5
0.92,0.9,5
-2.75,0.77,5
-2.75,0.83,5
-2.75,0.87,5
-0.57,0.77,5
-1.94,0.94,5
0.88,0.82,5
-2.6,1.05,5
0.92,0.91,5
0.92,0.99,5
-0.67,1.07,5
-1.26,0.93,5
-0.67,0.79,5
-0.67,0.86,5
2.77,0.88,5
2.78,0.72,5
2.78,0.73,5
2.78,0.84,5
2.78,0.87,5
-2.66,0.88,5
1.68,1.42,5
-1.94,0.97,5
-2.88,0.67,5
-0.1,0.78,5
-0.1,0.81,5
2.79,0.92,5
2.79,0.98,5
-0.11,0.69,5
0.9,0.84,5
0.9,0.95,5
-1.71,1.18,5
-0.88,1.07,5
0.91,0.66,5
0.91,0.83,5
0.91,0.86,5
0.91,0.89,5
0.91,0.9,5
-1.71,0.92,5
-2.56,0.79,5
-2.56,0.8,5
-2.56,0.81,5
-0.36,0.79,5
-0.36,0.84,5
-0.36,0.87,5
-0.36,0.9,5
-2.98,1.09,5
-1.95,1.42,5
1.69,1.07,5
-0.1,0.75,5
0.89,0.78,5
0.89,0.96,5
0.9,0.77,5
-1.7,1.02,5
-1.7,1.04,5
2.8,0.86,5
2.8,0.92,5
2.8,1.07,5
-2.34,0.92,5
-1.7,0.86,5
0.86,0.83,5
0.86,0.88,5
-0.1,0.73,5
1.71,0.92,5
1.71,0.94,5
2.41,0.92,5
2.41,0.93,5
-2.21,1.06,5
2.4,0.88,5
1.71,1.42,5
-1.95,1.29,5
2.38,1.05,5
-2.2,0.87,5
-2.2,0.88,5
-1.95,0.8,5
1.73,0.82,5
-2.98,0.81,5
-1.43,1.01,5
0.87,0.74,5
0.87,0.84,5
0.87,0.89,5
-1.7,0.97,5
0.85,0.75,5
0.85,0.93,5
0.85,1.24,5
2.81,0.72,5
2.81,0.75,5
-1.95,0.93,5
-1.36,0.98,5
2.4,1.14,5
-2.21,0.85,5
-2.21,0.87,5
-1.36,1.09,5
2.81,0.88,5
2.81,0.91,5
-1.26,1.03,5
2.79,0.86,5
0.86,0.72,5
-0.09,0.72,5
-0.09,0.8,5
0.86,0.91,5
2.38,0.96,5
2.38,1.02,5
-2.98,0.71,5
-1.96,0.91,5
-1.96,0.94,5
1.73,0.93,5
1.73,0.95,5
-2.98,0.8,5
-0.09,0.91,5
2.82,0.78,5
-2.35,0.83,5
-2.35,0.73,5
0.84,0.83,5
2.81,0.84,5
-1.36,1.2,5
-0.37,0.92,5
-2.98,0.92,5
1.72,1.09,5
-1.96,0.84,5
1.75,0.98,5
1.75,1.01,5
-2.56,0.97,5
-0.09,0.94,5
-2.71,0.9,5
-0.87,0.84,5
-0.87,0.88,5
-1.69,1.02,5
0.82,0.96,5
0.82,0.98,5
0.82,0.99,5
-0.09,0.81,5
1.74,1.01,5
1.74,1.11,5
1.74,1.39,5
-2.2,0.8,5
2.39,0.81,5
2.37,0.98,5
-3.07,0.75,5
1.76,0.96,5
1.76,1.06,5
1.76,1.09,5
-0.97,0.99,5
-2.88,1.01,5
-2.88,1.08,5
0.83,0.75,5
-1.43,0.91,5
0.81,1.02,5
-0.97,0.94,5
-0.37,0.73,5
-0.37,0.79,5
1.77,1.04,5
1.77,1.05,5
1.77,1.19,5
1.77,1.23,5
1.77,1.26,5
1.75,1.08,5
1.75,1.11,5
-2.56,0.94,5
-2.2,1.13,5
0.82,0.75,5
-2.6,0.91,5
-2.64,0.91,5
2.83,0.93,5
-3.12,0.81,5
-2.56,0.99,5
1.76,0.9,5
-0.56,0.99,5
-1.97,1.11,5
1.78,0.84,5
1.78,0.92,5
1.78,1.32,5
-3.12,0.9,5
-1.26,1.05,5
-1.26,1.12,5
0.8,0.89,5
0.8,1.2,5
-2.6,0.82,5
0.81,1.05,5
1.77,0.91,5
-0.38,0.83,5
-0.38,0.88,5
-0.38,0.98,5
-0.38,0.75,5
-1.98,1.02,5
-1.68,0.95,5
-0.08,0.7,5
-0.08,0.79,5
-0.08,0.82,5
-0.08,0.98,5
0.79,0.8,5
0.79,1.1,5
0.77,0.77,5
0.77,0.83,5
-3.07,0.91,5
-3.07,0.92,5
2.38,0.74,5
2.38,0.85,5
2.36,1.13,5
1.79,1.22,5
-1.98,1.3,5
1.8,0.98,5
1.8,1.02,5
1.8,1.04,5
-0.39,0.95,5
0.78,0.79,5
0.78,0.82,5
0.78,0.83,5
0.78,0.91,5
0.76,0.84,5
0.76,0.9,5
0.76,0.93,5
0.76,1.0,5
-0.78,0.96,5
-1.14,0.89,5
0.73,0.86,5
-2.5,0.81,5
-2.5,0.87,5
-1.67,0.94,5
2.84,0.78,5
2.84,0.81,5
2.84,0.86,5
2.84,0.93,5
2.82,1.01,5
2.83,0.73,5
2.83,0.77,5
2.83,0.9,5
-1.67,1.04,5
0.77,0.87,5
-1.35,1.11,5
1.79,1.07,5
-1.35,1.0,5
2.37,0.83,5
2.37,0.88,5
2.35,0.94,5
-3.07,1.02,5
-2.19,1.04,5
-1.3,1.15,5
-1.3,1.24,5
-1.98,0.89,5
-0.39,0.7,5
0.75,0.83,5
0.75,0.89,5
0.75,0.97,5
-1.66,1.05,5
0.73,0.77,5
0.73,0.84,5
-1.66,1.04,5
0.71,0.94,5
-1.66,1.14,5
-0.06,0.69,5
-1.07,0.81,5
-1.07,0.82,5
-3.12,0.93,5
-2.36,0.9,5
-1.07,1.0,5
-1.07,1.04,5
-0.68,1.1,5
-2.36,1.02,5
0.73,0.89,5
0.73,0.93,5
-1.66,0.89,5
-0.86,0.83,5
1.81,0.9,5
1.81,1.02,5
1.81,1.11,5
1.81,1.14,5
1.81,1.15,5
1.8,1.11,5
1.8,1.29,5
-0.39,0.87,5
-0.39,0.89,5
-0.39,0.92,5
-1.66,1.0,5
-1.66,1.01,5
-2.64,0.81,5
-0.07,0.73,5
-0.07,0.77,5
-0.07,0.9,5
-2.99,0.85,5
-2.99,0.86,5
-2.99,0.9,5
-1.99,1.29,5
-2.77,0.87,5
-2.77,0.88,5
-2.77,0.91,5
0.72,0.76,5
0.72,0.78,5
0.72,0.79,5
0.72,0.81,5
-0.06,0.88,5
2.86,0.85,5
-0.86,0.87,5
-0.39,0.78,5
-0.39,0.83,5
1.81,1.24,5
-2.37,0.81,5
-2.37,0.83,5
2.84,0.94,5
-0.68,0.78,5
-0.68,0.83,5
-0.68,0.93,5
0.7,0.85,5
0.7,0.86,5
-2.87,1.02,5
-0.06,0.74,5
-2.77,0.82,5
1.82,0.0,5
-2.99,0.75,5
-2.99,0.77,5
-2.99,0.84,5
2.87,0.87,5
-2.8,0.88,5
-1.65,1.04,5
0.69,0.77,5
0.69,0.83,5
0.69,0.98,5
0.67,0.88,5
-1.99,1.35,5
-2.77,0.75,5
1.82,0.99,5
1.82,1.05,5
1.82,1.07,5
1.82,1.08,5
1.82,1.17,5
1.81,1.17,5
1.81,1.21,5
-1.03,0.82,5
-0.76,1.02,5
-2.18,0.78,5
-1.99,0.92,5
-1.99,1.0,5
-1.99,1.05,5
0.67,1.07,5
-1.65,1.14,5
-0.06,1.15,5
0.68,0.83,5
0.68,0.85,5
-0.06,1.03,5
0.66,0.86,5
-1.64,1.03,5
-1.1,0.87,5
2.87,0.82,5
1.84,0.91,5
1.84,1.04,5
-1.14,1.05,5
-0.4,0.81,5
-0.4,0.84,5
-0.4,0.92,5
2.85,0.91,5
-1.26,1.18,5
-1.64,1.06,5
-1.64,0.95,5
-1.64,0.97,5
-1.44,0.94,5
-1.44,1.01,5
-2.19,0.84,5
2.36,0.94,5
-2.18,0.71,5
-0.05,0.83,5
0.65,0.83,5
0.65,0.87,5
0.65,0.91,5
0.65,0.93,5
0.65,1.03,5
-1.64,1.23,5
-1.19,0.89,5
0.64,0.77,5
-0.05,0.85,5
-0.05,0.88,5
0.64,0.84,5
0.64,0.86,5
2.87,0.94,5
1.83,1.22,5
-2.0,1.3,5
-2.0,1.11,5
-2.0,1.12,5
-2.0,1.17,5
-0.98,0.91,5
-0.41,0.91,5
1.85,0.82,5
-2.0,1.04,5
-2.0,1.07,5
-1.34,0.94,5
-2.01,1.23,5
0.64,0.9,5
-1.44,0.91,5
-2.67,0.88,5
0.63,0.78,5
-0.69,0.97,5
2.88,0.82,5
-0.04,0.86,5
-0.04,0.88,5
-0.04,0.97,5
2.89,0.87,5
2.88,0.89,5
-2.37,0.85,5
-2.37,0.89,5
-2.37,0.92,5
-2.37,0.99,5
-3.12,0.8,5
-0.69,1.13,5
0.63,0.84,5
0.63,1.0,5
-2.86,0.76,5
0.64,0.87,5
1.84,1.17,5
-0.41,0.82,5
-2.18,0.84,5
2.34,0.87,5
2.34,0.98,5
-1.3,1.04,5
-1.3,1.09,5
-2.18,1.05,5
1.85,1.0,5
1.85,1.13,5
1.85,1.22,5
0.62,1.07,5
-0.04,0.76,5
-1.63,1.0,5
-1.19,1.01,5
-0.04,0.79,5
-0.04,0.82,5
2.33,0.88,5
2.33,0.93,5
2.33,0.94,5
-1.03,0.97,5
1.86,0.91,5
1.86,0.93,5
2.9,0.7,5
2.9,0.84,5
2.88,0.73,5
-0.69,0.83,5
-0.69,0.87,5
0.61,0.95,5
0.61,1.01,5
-2.86,1.03,5
-1.63,1.08,5
0.62,0.77,5
0.6,0.76,5
0.6,0.77,5
0.6,0.88,5
0.6,0.9,5
0.6,0.93,5
0.6,0.96,5
0.61,0.74,5
-2.67,0.89,5
-0.85,0.85,5
-0.85,0.87,5
-0.85,0.9,5
-0.85,0.93,5
-1.62,0.95,5
-2.61,0.85,5
-2.18,1.15,5
2.33,0.87,5
1.87,1.1,5
-3.0,0.82,5
-3.0,0.85,5
-3.0,0.88,5
-3.0,0.93,5
1.85,1.19,5
-2.77,0.95,5
-2.39,0.89,5
-2.39,0.93,5
2.91,0.83,5
-2.5,1.03,5
2.89,0.73,5
2.89,0.77,5
0.59,0.84,5
0.59,0.86,5
0.59,1.07,5
-2.01,1.03,5
-0.42,0.78,5
-0.42,0.8,5
-1.03,0.85,5
-2.72,0.85,5
-1.62,1.02,5
0.58,0.75,5
0.58,0.79,5
0.58,0.8,5
0.58,0.88,5
0.58,0.94,5
0.58,1.08,5
0.57,0.83,5
0.57,0.86,5
0.59,0.78,5
1.87,1.02,5
0.57,0.75,5
-2.85,0.82,5
-0.03,0.72,5
2.92,0.87,5
2.93,0.77,5
2.9,1.03,5
-2.39,0.98,5
2.9,1.21,5
-0.75,1.16,5
-2.39,0.75,5
-1.62,0.99,5
-1.62,1.0,5
-2.72,0.83,5
-2.01,0.87,5
-2.01,0.99,5
-2.01,1.01,5
-0.54,0.87,5
1.88,1.05,5
-2.55,0.82,5
-2.55,0.86,5
-2.55,0.9,5
-2.01,1.12,5
-2.01,1.16,5
1.89,1.02,5
-0.85,1.12,5
-0.8,1.02,5
-0.03,0.93,5
0.56,0.7,5
0.56,0.83,5
0.56,0.88,5
0.56,0.94,5
0.56,0.96,5
-2.4,0.98,5
-2.85,0.92,5
-1.61,1.0,5
-1.61,0.86,5
0.53,0.8,5
0.53,0.84,5
0.53,0.86,5
0.54,0.64,5
0.54,0.73,5
0.54,0.77,5
-1.03,0.87,5
-2.17,1.04,5
-1.12,0.96,5
-1.12,1.0,5
-0.54,0.77,5
-0.54,0.81,5
1.88,0.94,5
1.88,0.95,5
2.31,0.93,5
2.31,1.08,5
0.54,0.82,5
0.54,0.87,5
0.54,0.92,5
0.54,0.95,5
0.54,1.13,5
0.52,0.81,5
0.52,0.94,5
0.52,0.97,5
-0.02,0.67,5
-0.02,0.87,5
0.52,1.01,5
-0.7,0.96,5
0.49,1.08,5
0.5,0.93,5
-2.4,0.82,5
-1.08,0.9,5
-1.08,0.92,5
2.91,0.93,5
-2.39,0.71,5
2.92,0.86,5
0.52,1.03,5
0.52,1.04,5
0.51,0.88,5
1.89,1.11,5
1.89,1.35,5
-2.02,0.91,5
-0.42,0.86,5
-0.42,0.89,5
-0.43,0.89,5
1.9,0.98,5
1.9,1.0,5
1.9,1.1,5
1.9,1.17,5
-2.55,0.69,5
-0.43,1.0,5
1.92,1.02,5
0.51,0.93,5
0.51,1.0,5
-2.85,0.99,5
-1.6,1.0,5
-1.6,1.09,5
-1.6,1.1,5
-1.6,1.17,5
0.52,0.77,5
0.49,0.75,5
0.49,0.76,5
0.49,0.82,5
0.49,0.87,5
0.49,0.89,5
-0.02,1.19,5
-2.67,0.77,5
0.51,0.76,5
0.51,0.77,5
0.51,0.85,5
-1.59,0.94,5
-0.01,0.74,5
-0.01,0.81,5
2.94,0.74,5
2.94,0.78,5
0.51,0.91,5
1.91,0.83,5
1.91,0.9,5
1.91,0.94,5
1.91,1.14,5
-2.03,0.97,5
-0.43,0.75,5
-0.43,0.77,5
-0.43,0.82,5
2.3,0.96,5
2.94,0.91,5
-3.13,0.95,5
-3.13,1.06,5
2.93,0.92,5
2.93,0.99,5
-0.7,0.81,5
-0.01,0.92,5
-0.99,0.91,5
-0.99,1.01,5
0.47,0.98,5
0.47,0.99,5
-0.01,1.06,5
0.48,0.77,5
0.48,0.94,5
0.48,0.98,5
-1.59,1.01,5
-1.59,1.02,5
-1.59,1.06,5
-1.59,1.08,5
-0.84,1.02,5
0.46,0.0,5
2.94,0.85,5
-0.77,0.92,5
-0.54,0.88,5
2.3,0.87,5
2.3,0.88,5
2.3,0.94,5
-1.45,1.06,5
0.46,0.81,5
0.47,0.8,5
0.47,0.82,5
0.47,0.87,5
-1.58,1.06,5
-1.58,1.07,5
2.3,0.99,5
-2.16,0.67,5
-2.16,0.82,5
2.29,0.85,5
2.29,0.89,5
0.42,0.94,5
0.42,0.96,5
0.43,0.71,5
2.96,0.78,5
2.96,0.84,5
-1.25,0.97,5
-1.25,0.98,5
-2.4,0.85,5
-0.84,0.86,5
1.93,1.1,5
1.93,1.15,5
1.93,1.16,5
1.93,1.23,5
-0.99,0.83,5
-0.99,0.85,5
-0.99,0.87,5
-2.04,1.24,5
1.94,0.94,5
1.94,0.99,5
1.94,1.03,5
1.92,1.06,5
1.92,1.19,5
2.29,1.13,5
0.44,0.78,5
0.44,0.88,5
0.45,0.84,5
0.45,0.91,5
0.45,0.98,5
0.45,1.08,5
-1.58,0.97,5
-1.58,0.99,5
0.42,0.92,5
1.94,1.1,5
-2.65,0.75,5
-2.65,0.77,5
2.29,1.0,5
0.43,0.87,5
0.43,0.89,5
0.43,0.95,5
-2.84,0.81,5
-1.57,0.84,5
-2.62,0.79,5
-2.62,0.86,5
-2.16,1.07,5
-2.16,1.14,5
2.28,0.77,5
2.28,0.87,5
-2.04,0.95,5
1.96,1.08,5
1.96,1.22,5
-3.01,0.78,5
-2.04,0.9,5
-2.05,1.24,5
0.42,0.76,5
0.42,0.79,5
-0.8,0.98,5
-1.57,0.92,5
-1.2,0.96,5
-1.2,1.03,5
-1.08,0.75,5
-2.04,0.94,5
1.95,0.92,5
1.95,0.96,5
1.94,1.07,5
-2.15,0.79,5
-0.53,0.75,5
1.97,0.96,5
1.95,1.02,5
-1.33,0.92,5
-1.08,0.83,5
2.95,0.78,5
2.95,0.88,5
2.95,0.91,5
-2.41,0.92,5
-2.41,1.17,5
-1.2,1.05,5
-2.62,0.87,5
-2.55,0.96,5
1.96,0.87,5
1.96,0.95,5
0.38,0.84,5
-3.13,0.88,5
-1.57,1.17,5
-1.57,1.21,5
0.4,0.73,5
0.4,0.79,5
0.4,0.81,5
0.4,0.89,5
-2.84,0.87,5
-2.84,1.0,5
-2.84,1.03,5
0.0,0.98,5
0.0,1.0,5
-1.08,0.82,5
2.28,0.94,5
-2.16,0.92,5
1.97,1.41,5
-2.05,0.95,5
-2.05,1.01,5
-2.05,1.04,5
-2.05,1.09,5
-2.05,0.9,5
-2.05,0.92,5
1.98,0.75,5
-1.33,0.0,5
-0.45,0.84,5
-2.53,0.76,5
0.39,0.87,5
0.39,0.9,5
0.39,0.93,5
0.39,0.94,5
-1.46,1.18,5
1.98,0.93,5
-2.15,0.93,5
2.98,0.79,5
2.98,0.81,5
2.98,0.82,5
2.96,0.91,5
-0.71,0.85,5
-0.71,0.88,5
-0.71,0.93,5
-0.83,0.95,5
2.27,0.86,5
2.27,0.96,5
-2.15,0.84,5
-2.15,0.9,5
1.99,0.76,5
1.97,1.12,5
-3.02,1.18,5
2.02,1.38,5
0.37,0.68,5
0.37,0.9,5
-2.84,1.09,5
0.38,0.74,5
0.38,0.83,5
-1.56,1.0,5
-1.56,1.01,5
-1.56,1.02,5
-1.33,1.21,5
-1.33,1.23,5
-0.46,0.77,5
-2.06,0.99,5
2.0,0.87,5
2.0,0.98,5
2.0,1.03,5
-3.02,0.9,5
0.01,0.85,5
0.36,0.87,5
-1.56,0.77,5
-1.56,0.85,5
0.34,0.86,5
0.34,0.88,5
0.35,0.85,5
2.99,0.89,5
2.99,0.94,5
2.26,0.8,5
2.26,1.13,5
-3.05,0.85,5
-3.05,0.9,5
-2.06,0.86,5
2.99,0.95,5
-2.42,0.68,5
-2.43,1.06,5
2.97,0.86,5
0.35,0.93,5
-1.56,1.07,5
0.36,0.69,5
0.36,0.75,5
-1.56,1.05,5
2.03,0.87,5
-1.0,0.85,5
-1.33,1.14,5
2.01,0.89,5
2.01,0.94,5
2.01,1.03,5
2.0,1.02,5
-2.14,0.93,5
-0.76,0.87,5
-0.76,0.9,5
2.02,1.08,5
2.02,1.36,5
2.03,1.1,5
0.33,0.95,5
0.33,0.99,5
0.33,1.05,5
-1.46,0.92,5
-1.46,0.97,5
-1.55,0.87,5
-1.55,0.89,5
-1.55,0.96,5
0.34,0.77,5
-1.55,1.02,5
-1.21,0.99,5
-1.55,1.05,5
-1.55,1.11,5
0.33,0.78,5
0.33,0.79,5
0.33,0.8,5
0.33,0.81,5
0.33,0.82,5
0.32,0.75,5
0.32,0.81,5
-1.46,1.05,5
2.02,0.92,5
2.02,0.93,5
-2.15,1.03,5
2.25,0.86,5
-2.14,0.92,5
-3.02,0.81,5
-3.02,0.85,5
-2.07,0.8,5
-2.07,0.86,5
-2.07,0.87,5
-2.07,0.93,5
2.01,1.05,5
2.01,1.08,5
2.01,1.14,5
2.05,0.92,5
2.98,1.01,5
-2.42,0.85,5
2.99,0.8,5
0.02,0.89,5
-1.55,0.98,5
-1.46,1.0,5
2.04,1.01,5
2.04,1.05,5
2.04,1.35,5
-0.76,0.91,5
-2.72,1.01,5
0.31,0.8,5
0.02,0.99,5
0.31,0.86,5
0.31,0.95,5
0.31,1.03,5
-2.83,0.77,5
2.03,1.13,5
-2.68,0.9,5
-2.68,0.96,5
-2.07,1.02,5
-2.07,1.1,5
2.24,0.95,5
-0.52,0.75,5
-0.52,0.77,5
-2.14,1.15,5
2.05,0.91,5
-2.08,1.0,5
-1.54,0.96,5
-1.54,0.98,5
-1.54,1.02,5
0.03,0.71,5
0.03,0.82,5
3.03,0.77,5
2.05,0.94,5
2.05,1.08,5
-1.32,0.97,5
-0.47,0.88,5
2.06,0.87,5
-1.32,1.08,5
-1.32,1.14,5
-2.08,1.29,5
2.23,0.93,5
3.03,0.91,5
3.03,0.94,5
-0.72,0.82,5
3.0,0.83,5
-3.13,0.74,5
-2.43,0.83,5
-2.43,0.86,5
0.29,0.92,5
0.29,1.05,5
2.24,0.87,5
2.24,0.88,5
0.26,0.99,5
0.26,1.02,5
-1.53,1.01,5
-2.83,0.87,5
0.28,0.8,5
0.28,0.94,5
0.03,0.83,5
0.28,1.01,5
-1.2,0.82,5
-1.2,0.95,5
-1.53,0.98,5
-2.08,1.02,5
-2.08,1.06,5
-2.08,1.09,5
-0.48,1.02,5
-2.08,0.88,5
-2.14,0.87,5
-1.12,0.89,5
-1.12,0.92,5
2.22,0.81,5
2.22,0.83,5
-0.48,0.83,5
-2.54,0.81,5
-2.54,0.84,5
2.05,1.11,5
2.05,1.29,5
0.03,1.23,5
0.27,0.79,5
0.27,0.86,5
0.27,0.87,5
0.28,0.69,5
0.28,0.76,5
-3.03,0.92,5
2.08,0.87,5
2.08,0.89,5
2.06,0.88,5
2.06,0.93,5
-0.48,0.76,5
2.23,0.85,5
2.23,0.9,5
-2.76,0.86,5
-1.09,1.14,5
3.04,0.8,5
3.04,0.83,5
3.05,0.78,5
3.05,0.79,5
-1.24,1.05,5
0.03,1.13,5
-3.03,0.74,5
2.07,0.87,5
2.07,0.91,5
0.25,0.89,5
0.04,0.77,5
0.04,0.8,5
0.04,0.83,5
0.26,0.74,5
0.26,0.86,5
0.26,0.92,5
0.04,0.87,5
0.04,0.88,5
0.24,0.67,5
0.24,0.75,5
-1.53,1.12,5
2.07,1.14,5
-1.52,1.01,5
0.04,0.84,5
0.04,0.85,5
-0.72,0.9,5
-2.44,0.71,5
0.24,0.89,5
0.25,0.69,5
0.25,0.8,5
0.25,0.81,5
-1.53,0.95,5
-1.32,1.16,5
-1.32,1.22,5
-1.32,1.23,5
2.09,0.83,5
2.09,0.88,5
2.09,0.98,5
-2.14,1.01,5
-2.14,1.07,5
-2.53,0.63,5
2.21,0.94,5
-2.09,1.09,5
-2.09,0.84,5
2.1,1.05,5
2.08,0.96,5
0.23,0.83,5
-1.52,0.84,5
-0.82,1.01,5
-1.52,0.86,5
-1.52,0.91,5
-1.52,0.93,5
-1.52,0.98,5
-1.52,0.99,5
-2.45,0.82,5
0.22,0.93,5
0.22,1.02,5
-2.81,0.97,5
-2.82,0.65,5
-1.52,1.05,5
-1.52,1.08,5
-2.82,0.75,5
0.23,0.73,5
0.23,0.74,5
0.23,0.75,5
0.21,0.73,5
0.21,0.78,5
0.25,0.87,5
2.22,0.96,5
2.22,0.97,5
2.11,0.95,5
-2.1,1.24,5
-2.1,0.93,5
-3.03,0.76,5
-3.03,0.79,5
-2.09,0.91,5
-2.09,0.92,5
-2.76,0.74,5
-2.1,0.82,5
0.21,0.86,5
0.21,0.9,5
0.22,0.83,5
0.22,0.84,5
0.22,0.86,5
-1.51,1.04,5
3.06,0.77,5
-1.01,0.92,5
-1.01,1.0,5
-2.1,0.92,5
2.11,0.91,5
2.11,0.92,5
2.11,0.93,5
2.12,0.87,5
-1.09,1.01,5
-2.45,0.88,5
3.05,0.83,5
3.05,0.85,5
3.05,0.91,5
3.05,0.92,5
3.05,0.97,5
0.2,0.88,5
0.2,0.99,5
0.18,0.91,5
0.19,0.61,5
-1.5,0.89,5
0.05,0.67,5
3.07,0.77,5
3.07,0.79,5
-2.49,0.75,5
-2.49,0.77,5
-2.49,0.79,5
-0.73,1.12,5
0.19,0.9,5
0.19,0.94,5
0.17,1.07,5
-2.1,0.84,5
-1.01,0.88,5
-1.01,0.89,5
-2.54,0.9,5
-2.54,0.92,5
2.13,0.8,5
2.13,0.92,5
2.13,1.07,5
2.13,1.09,5
-2.1,0.99,5
-2.1,1.01,5
-2.1,1.03,5
-2.1,1.05,5
2.16,0.9,5
0.18,0.71,5
0.05,0.85,5
0.05,0.91,5
0.18,0.82,5
0.18,0.84,5
2.14,0.95,5
2.14,0.96,5
2.15,0.8,5
2.15,0.94,5
2.15,0.95,5
-3.04,0.82,5
-2.11,1.02,5
2.12,0.85,5
-1.5,0.94,5
0.17,0.68,5
0.17,0.71,5
0.17,0.98,5
0.17,1.0,5
-1.47,0.93,5
-1.47,0.94,5
-1.31,0.9,5
-1.12,0.88,5
2.19,0.89,5
2.19,0.93,5
2.19,0.95,5
2.2,0.85,5
2.16,0.81,5
2.18,0.96,5
3.09,0.79,5
-0.73,0.97,5
-2.45,0.93,5
3.07,0.7,5
0.16,0.92,5
0.16,0.99,5
-1.5,1.13,5
2.16,0.92,5
2.14,0.89,5
-1.47,0.84,5
0.12,0.78,5
-2.63,0.85,5
0.15,0.84,5
0.15,0.91,5
0.15,0.99,5
0.13,0.81,5
0.13,0.84,5
0.13,0.85,5
0.06,1.07,5
-3.04,0.93,5
-2.76,1.05,5
2.21,0.95,5
2.21,0.98,5
2.21,1.02,5
-1.12,0.85,5
-1.31,0.94,5
-1.31,0.99,5
-1.31,1.07,5
2.17,0.81,5
2.17,0.9,5
2.17,0.91,5
-0.5,0.82,5
-0.5,0.87,5
-3.04,0.86,5
-1.09,0.89,5
-2.73,0.96,5
-2.73,0.98,5
-0.73,0.77,5
-0.73,0.81,5
0.14,0.86,5
0.14,1.02,5
2.18,0.82,5
2.18,0.84,5
2.18,0.87,5
2.18,0.88,5
2.18,0.95,5
-0.74,0.87,5
3.11,0.88,5
3.11,0.93,5
-2.47,0.82,5
-2.47,0.86,5
-2.73,0.93,5
-1.49,0.94,5
-1.49,1.04,5
-1.09,0.88,5
2.16,1.02,5
-2.12,1.48,5
0.08,0.81,5
0.11,0.7,5
3.14,0.44,5
-2.48,0.74,5
3.14,0.53,5
3.13,0.72,5
-2.48,0.81,5
-0.74,0.88,5
-2.12,0.89,5
-2.12,0.91,5
-2.12,0.94,5
-2.12,1.17,5
-2.12,0.99,5
-0.51,0.84,5
-0.51,0.88,5
2.18,0.8,5
-1.84,1.09,5
-1.84,1.29,5
1.39,0.83,5
1.37,0.96,5
-0.79,0.94,5
1.37,1.02,5
1.37,1.06,5
1.38,0.83,5
1.38,0.86,5
-1.39,0.93,5
-0.24,0.72,5
-2.94,1.25,5
-1.83,0.9,5
-1.84,1.05,5
-2.48,0.77,5
-2.48,0.88,5
3.14,0.39,4
-2.48,0.83,4
-2.81,0.84,4
-2.81,0.88,4
-2.48,0.8,4
-2.48,0.82,4
-2.48,0.89,4
-2.49,0.95,4
-2.49,0.96,4
3.13,0.98,4
3.13,1.01,4
3.13,0.82,4
3.13,0.87,4
3.13,0.92,4
3.12,1.21,4
3.12,1.14,4
3.12,0.85,4
3.12,0.92,4
-2.47,0.79,4
-1.48,1.24,4
0.08,0.7,4
-2.81,0.82,4
-2.47,1.02,4
3.11,1.1,4
3.11,1.16,4
-2.47,0.94,4
-2.47,0.95,4
-1.09,0.79,4
3.1,0.81,4
3.1,0.95,4
3.1,0.97,4
-2.73,0.88,4
3.09,1.07,4
0.08,0.97,4
0.08,0.99,4
-1.48,1.21,4
-2.46,0.88,4
3.09,0.82,4
-2.46,0.98,4
-2.46,0.93,4
3.08,0.82,4
3.08,0.83,4
3.08,0.88,4
3.07,1.12,4
-2.46,1.15,4
3.07,0.99,4
3.07,1.02,4
-2.45,0.97,4
-2.45,1.02,4
-2.45,0.7,4
0.08,0.8,4
0.08,0.82,4
0.08,0.89,4
0.08,0.91,4
-2.45,0.87,4
-0.73,0.87,4
-0.73,0.9,4
-0.73,0.93,4
-1.09,0.91,4
-1.09,0.99,4
3.06,1.04,4
3.06,0.64,4
3.06,0.79,4
-2.49,0.83,4
-1.24,1.2,4
0.09,0.62,4
-0.81,0.94,4
-0.81,0.97,4
-0.72,0.78,4
3.05,1.16,4
3.05,0.86,4
-1.24,1.12,4
-2.49,0.88,4
-2.49,0.86,4
3.04,1.01,4
3.04,1.05,4
3.04,1.1,4
-2.44,0.91,4
3.04,0.75,4
3.04,0.82,4
3.04,0.89,4
0.07,0.97,4
0.07,0.98,4
-1.48,0.92,4
-1.48,1.07,4
-2.44,0.81,4
-2.44,0.85,4
-2.44,0.72,4
-2.44,0.79,4
-0.72,0.97,4
-0.72,1.02,4
3.03,0.85,4
3.03,0.86,4
3.03,0.97,4
-1.24,0.97,4
-1.24,1.07,4
-0.72,1.07,4
0.09,0.79,4
-0.81,1.03,4
-0.81,1.05,4
-0.81,1.06,4
3.02,0.98,4
3.02,0.79,4
3.02,0.94,4
3.01,0.87,4
3.01,0.88,4
3.01,0.89,4
3.01,0.97,4
-2.73,0.77,4
3.01,0.83,4
3.01,0.86,4
-1.1,1.05,4
-2.43,0.81,4
0.07,1.06,4
3.0,0.75,4
3.0,0.84,4
3.0,0.88,4
3.0,0.91,4
3.0,1.0,4
-2.42,0.78,4
-2.42,0.81,4
-2.43,1.09,4
-2.42,1.02,4
2.99,0.85,4
2.99,0.86,4
2.99,0.97,4
-1.25,1.16,4
-2.42,0.95,4
-2.42,0.98,4
0.09,0.86,4
2.98,0.67,4
2.98,0.78,4
2.98,0.85,4
2.98,0.94,4
-3.13,0.78,4
-3.13,0.9,4
-1.23,0.98,4
-1.23,0.99,4
-1.23,1.04,4
2.97,0.87,4
2.97,0.88,4
2.97,1.0,4
-2.41,0.81,4
-2.41,0.86,4
2.97,0.81,4
-0.71,0.95,4
-1.49,1.23,4
-1.48,0.84,4
2.96,0.93,4
2.96,0.95,4
-2.41,1.02,4
-0.71,1.06,4
-2.41,1.2,4
2.95,0.72,4
2.95,0.86,4
2.95,0.93,4
-3.13,0.96,4
2.94,1.02,4
2.94,0.76,4
2.94,0.79,4
-1.08,1.08,4
-1.25,0.95,4
-1.25,1.05,4
-1.25,1.08,4
-1.25,1.09,4
-1.25,1.11,4
-2.4,0.71,4
-2.4,0.78,4
-2.4,0.81,4
-1.08,1.0,4
-0.7,0.82,4
-0.7,0.84,4
-0.7,0.86,4
-0.7,0.93,4
-0.7,1.03,4
-2.4,0.94,4
2.93,0.89,4
2.93,0.9,4
2.93,0.91,4
2.92,0.92,4
2.92,0.98,4
2.92,1.01,4
2.92,0.84,4
2.91,0.96,4
2.91,0.98,4
-1.08,1.19,4
-2.39,0.95,4
2.91,0.86,4
2.91,0.87,4
2.91,0.89,4
-1.23,0.88,4
2.9,0.99,4
-2.39,0.96,4
0.1,0.78,4
-2.5,0.9,4
2.9,0.75,4
2.9,0.88,4
2.9,0.93,4
2.89,0.97,4
2.89,1.04,4
-1.25,0.86,4
-2.5,1.05,4
2.89,0.85,4
2.88,1.33,4
2.88,0.91,4
2.88,0.95,4
2.88,0.97,4
-0.69,0.85,4
-0.69,0.91,4
-0.69,0.98,4
-1.49,1.11,4
2.88,0.77,4
2.88,0.79,4
2.88,0.83,4
-2.38,0.79,4
-2.38,0.83,4
-2.38,1.08,4
-1.1,0.84,4
-1.1,0.91,4
2.87,0.92,4
-2.38,1.23,4
2.87,0.74,4
-2.37,1.01,4
2.86,1.02,4
2.86,0.76,4
2.86,0.88,4
2.86,1.01,4
0.11,0.89,4
-1.49,1.06,4
-2.37,0.88,4
-1.26,1.16,4
-2.37,1.11,4
2.85,1.02,4
-2.5,0.77,4
-2.5,0.8,4
2.85,0.74,4
-0.68,0.88,4
-2.36,1.03,4
-2.36,1.05,4
-2.36,0.84,4
2.84,0.82,4
-1.49,1.12,4
-1.49,1.13,4
0.11,0.76,4
2.84,0.88,4
-0.68,1.04,4
-2.74,0.98,4
-2.36,0.99,4
-1.07,0.86,4
-1.07,0.92,4
-1.07,0.93,4
-1.07,1.08,4
-2.36,0.92,4
-2.36,0.96,4
2.83,0.87,4
2.83,0.94,4
-3.12,0.84,4
-3.12,0.85,4
0.11,1.01,4
-2.36,1.11,4
-2.36,1.29,4
2.83,0.8,4
2.82,0.81,4
2.82,0.83,4
2.82,0.87,4
-1.26,1.04,4
2.81,0.89,4
-3.12,0.98,4
-3.12,1.0,4
-0.75,0.94,4
-0.75,0.95,4
-0.75,0.96,4
-0.75,0.98,4
2.81,0.81,4
-2.35,0.93,4
-2.35,0.94,4
2.8,0.79,4
2.8,0.8,4
2.8,0.82,4
2.8,0.83,4
2.8,0.87,4
2.8,0.89,4
2.8,0.9,4
2.8,0.95,4
-2.35,1.11,4
2.8,0.73,4
2.79,1.1,4
2.79,0.79,4
2.79,0.89,4
2.79,0.94,4
0.12,0.94,4
0.12,0.95,4
-0.67,0.84,4
-2.34,0.89,4
-2.34,0.9,4
-0.67,1.02,4
-3.12,1.19,4
-2.66,0.9,4
2.78,0.9,4
2.78,0.81,4
-1.07,1.18,4
-1.07,1.2,4
-2.34,0.98,4
2.77,0.91,4
2.77,0.94,4
-0.81,0.84,4
-0.81,0.85,4
-0.81,0.87,4
-0.81,0.91,4
0.12,0.74,4
0.12,0.77,4
0.12,0.8,4
0.12,0.81,4
2.77,0.76,4
2.77,0.81,4
2.76,1.01,4
2.76,1.16,4
-2.33,0.84,4
-2.33,1.01,4
2.76,0.77,4
2.76,0.78,4
2.76,0.83,4
0.12,0.98,4
-0.66,0.97,4
-0.66,1.05,4
-2.74,0.76,4
-2.33,1.05,4
2.75,0.83,4
2.75,0.84,4
2.75,0.89,4
2.75,0.97,4
-3.11,0.87,4
-2.51,0.97,4
-2.74,0.82,4
-2.74,0.85,4
-3.11,0.77,4
2.74,0.93,4
2.74,1.01,4
-2.63,0.77,4
-2.63,0.78,4
-2.82,1.19,4
2.74,1.07,4
2.74,0.65,4
2.74,0.71,4
2.74,0.79,4
2.74,0.84,4
-2.69,1.11,4
-2.69,1.18,4
2.73,0.85,4
2.73,0.88,4
2.73,0.94,4
2.73,0.98,4
2.73,1.0,4
-2.32,0.89,4
-2.32,0.96,4
-2.32,0.97,4
-0.65,0.87,4
2.72,1.01,4
2.72,0.83,4
2.72,0.84,4
-3.11,1.0,4
-3.11,1.01,4
-3.11,0.92,4
-3.11,0.94,4
2.71,0.83,4
2.71,0.99,4
-1.27,1.08,4
-2.31,0.91,4
-2.31,0.95,4
-2.31,0.96,4
0.13,0.76,4
0.13,0.82,4
0.13,0.89,4
-1.49,1.01,4
-0.75,0.8,4
-0.75,0.92,4
2.7,0.8,4
2.7,0.82,4
2.7,0.93,4
2.7,0.94,4
2.7,0.97,4
-1.27,1.17,4
-1.27,1.18,4
-0.64,0.78,4
-0.64,0.82,4
0.13,0.68,4
0.13,0.72,4
-3.11,1.12,4
2.69,0.88,4
2.69,0.89,4
2.69,0.92,4
2.69,0.98,4
2.68,0.91,4
-0.64,0.93,4
-1.27,0.97,4
-1.27,1.03,4
2.68,0.86,4
-2.51,0.88,4
-2.51,0.92,4
2.68,0.0,4
-1.27,1.06,4
-2.3,1.0,4
0.14,0.74,4
0.14,0.76,4
0.13,0.99,4
-2.3,1.02,4
2.67,0.98,4
2.67,0.78,4
2.67,0.86,4
2.67,0.88,4
2.67,0.89,4
2.67,0.92,4
-2.3,1.17,4
-2.3,1.26,4
2.66,0.8,4
2.66,0.88,4
2.66,0.9,4
2.66,0.91,4
0.06,1.04,4
-2.29,0.75,4
2.65,1.02,4
-1.06,0.87,4
-1.06,0.93,4
-1.06,0.96,4
-1.06,0.99,4
-2.29,0.86,4
-2.29,0.89,4
-2.29,0.92,4
-0.63,0.79,4
-0.63,0.88,4
-0.63,0.92,4
-0.63,0.94,4
2.64,1.0,4
-3.1,0.77,4
2.64,1.14,4
2.64,0.82,4
2.64,0.87,4
2.64,0.89,4
2.64,0.91,4
-1.28,1.22,4
-2.29,0.99,4
-2.29,1.0,4
-3.1,1.08,4
2.63,0.78,4
-3.1,1.01,4
-3.1,0.94,4
-3.1,0.97,4
2.62,1.08,4
2.62,0.71,4
2.62,0.9,4
0.14,0.89,4
0.14,0.98,4
2.62,0.94,4
-2.28,0.84,4
-2.28,0.85,4
-2.28,0.95,4
-0.62,0.85,4
-0.62,0.86,4
-0.62,0.89,4
-0.62,0.9,4
2.61,1.0,4
2.6,0.91,4
2.6,0.95,4
2.6,0.64,4
2.6,0.71,4
0.06,0.82,4
2.59,1.08,4
2.59,0.83,4
2.59,0.96,4
2.59,0.81,4
-2.27,0.93,4
-2.27,0.99,4
2.58,0.79,4
2.58,0.82,4
2.58,0.89,4
2.58,0.92,4
-2.27,1.09,4
-2.27,1.16,4
2.57,0.87,4
2.57,0.9,4
2.57,1.1,4
-1.28,0.99,4
0.15,0.79,4
0.15,0.8,4
0.15,0.83,4
0.15,0.86,4
-2.63,0.81,4
2.57,0.81,4
2.56,1.09,4
-2.26,0.92,4
2.56,0.83,4
2.56,0.84,4
2.56,1.01,4
-2.26,0.76,4
-3.09,0.76,4
-0.61,0.89,4
-0.61,0.93,4
2.55,0.9,4
-2.63,0.91,4
0.15,0.71,4
2.55,1.07,4
-0.61,0.99,4
2.55,0.82,4
2.55,0.84,4
2.55,0.74,4
2.54,1.15,4
2.54,0.88,4
2.54,0.9,4
2.54,0.94,4
2.54,0.98,4
2.54,1.12,4
2.54,0.7,4
2.54,0.84,4
2.53,1.13,4
0.15,0.88,4
0.15,0.9,4
0.15,0.96,4
2.53,1.09,4
-3.09,0.91,4
-1.29,1.33,4
-1.05,0.79,4
2.53,0.7,4
2.53,0.83,4
2.53,0.99,4
-1.11,0.87,4
-1.11,0.93,4
-1.05,0.77,4
-0.6,0.9,4
-0.6,0.94,4
2.52,0.99,4
2.52,1.04,4
-2.25,0.92,4
-2.25,0.96,4
-2.25,0.98,4
-2.75,0.99,4
2.52,0.9,4
2.52,0.81,4
2.52,0.82,4
2.52,0.84,4
2.51,0.86,4
2.51,0.87,4
2.51,0.97,4
2.51,0.99,4
2.51,1.01,4
-2.52,0.93,4
-1.21,1.12,4
2.5,0.73,4
2.5,0.81,4
2.5,0.92,4
2.5,1.01,4
2.5,1.03,4
-2.24,0.8,4
-2.24,0.91,4
2.49,1.15,4
-2.24,1.03,4
2.49,0.84,4
2.49,0.88,4
2.49,0.91,4
2.49,0.96,4
2.49,0.99,4
-1.29,1.19,4
-1.29,1.21,4
-1.47,0.98,4
0.16,0.74,4
0.16,0.82,4
2.48,1.14,4
-2.24,0.94,4
2.48,1.09,4
2.48,0.81,4
2.48,0.85,4
-3.08,0.81,4
-2.24,1.17,4
-0.59,1.04,4
-1.29,1.05,4
2.47,0.86,4
-2.23,0.83,4
-2.69,0.89,4
-1.21,1.18,4
-1.47,0.96,4
-1.29,0.95,4
-1.29,0.99,4
-2.23,0.97,4
2.46,0.93,4
2.46,1.01,4
-2.23,1.22,4
2.46,0.84,4
-3.08,0.83,4
-3.08,0.84,4
-0.58,0.85,4
-0.58,0.87,4
2.45,0.95,4
2.44,0.85,4
2.44,0.74,4
0.16,0.88,4
0.16,0.89,4
-3.08,1.04,4
-3.08,1.09,4
-2.75,0.94,4
2.43,0.88,4
2.43,0.91,4
2.43,0.98,4
-2.22,0.99,4
-2.22,1.0,4
-2.22,1.02,4
-2.22,1.04,4
2.42,1.12,4
2.42,0.88,4
2.42,0.93,4
2.42,1.0,4
2.42,0.79,4
-2.22,1.15,4
2.41,0.91,4
2.41,1.04,4
2.41,1.05,4
-2.21,0.8,4
-1.04,0.94,4
2.4,1.01,4
2.4,1.05,4
2.4,0.84,4
2.4,0.87,4
2.39,0.97,4
2.39,0.87,4
-2.66,0.91,4
-2.2,1.04,4
-2.2,1.01,4
-2.2,1.03,4
-1.5,1.0,4
-1.5,1.04,4
-2.82,0.98,4
-2.82,1.0,4
2.38,0.88,4
2.38,0.91,4
2.38,0.93,4
2.38,0.94,4
-2.2,1.07,4
-0.56,0.78,4
-0.56,0.82,4
-0.56,0.83,4
-0.56,0.89,4
-0.56,0.9,4
-0.56,0.92,4
2.37,1.04,4
2.37,1.29,4
2.37,0.82,4
-2.19,0.85,4
-2.19,0.92,4
-2.19,0.93,4
2.36,0.87,4
2.36,0.93,4
2.36,0.95,4
-1.3,1.16,4
-1.3,1.17,4
-3.07,1.1,4
-2.19,0.98,4
-2.19,0.99,4
-3.07,0.94,4
2.35,0.96,4
2.35,0.97,4
2.35,0.99,4
2.35,1.05,4
0.17,0.87,4
0.17,0.91,4
-1.5,1.11,4
0.05,1.05,4
0.05,1.07,4
2.34,1.11,4
-2.18,0.88,4
-2.18,0.93,4
2.34,0.89,4
2.34,0.99,4
-0.76,0.93,4
-0.76,0.94,4
-0.76,1.01,4
-0.76,1.08,4
-1.5,0.87,4
0.17,0.82,4
0.17,0.84,4
-2.18,0.8,4
-2.18,1.09,4
-2.18,1.12,4
2.33,0.82,4
2.33,0.85,4
2.33,1.04,4
-1.3,1.08,4
-0.55,0.77,4
-0.55,0.8,4
2.32,1.11,4
2.32,1.14,4
-3.06,0.77,4
-1.03,0.88,4
0.17,0.92,4
-1.03,0.93,4
2.31,0.95,4
2.31,1.02,4
2.31,1.1,4
2.31,0.92,4
2.3,1.28,4
-2.17,0.8,4
-2.17,0.89,4
-2.17,0.91,4
-2.17,0.94,4
-2.17,1.0,4
2.3,1.08,4
2.3,1.16,4
-0.54,0.78,4
-0.54,0.84,4
0.18,0.72,4
-0.54,0.85,4
2.3,0.91,4
2.3,0.81,4
-2.17,1.08,4
-3.06,0.96,4
-3.06,0.97,4
2.29,0.95,4
2.29,0.99,4
-0.54,0.98,4
-2.16,0.86,4
-2.16,0.91,4
2.28,1.01,4
2.28,1.11,4
2.28,0.95,4
2.28,0.84,4
0.05,1.02,4
0.18,0.81,4
2.28,0.9,4
-2.16,1.09,4
-2.53,0.83,4
2.27,0.85,4
2.27,0.92,4
2.27,0.97,4
2.27,1.04,4
2.27,1.06,4
-2.66,1.17,4
-2.53,0.86,4
-2.53,0.91,4
-2.15,1.01,4
2.26,0.84,4
2.26,0.85,4
0.05,0.84,4
0.05,0.87,4
0.05,0.88,4
2.26,1.07,4
-0.53,0.84,4
-0.53,0.85,4
-0.53,0.88,4
-0.53,0.94,4
-2.15,0.95,4
-2.15,0.88,4
2.25,1.0,4
2.25,1.02,4
2.25,1.09,4
2.25,1.17,4
2.25,0.92,4
-1.51,1.18,4
0.18,1.01,4
-3.05,0.79,4
-3.05,0.82,4
-3.05,0.84,4
2.24,1.08,4
2.24,1.2,4
2.24,0.89,4
2.24,0.91,4
2.24,1.02,4
-0.76,0.88,4
-2.14,0.83,4
-2.14,0.85,4
-2.14,0.86,4
-2.14,0.89,4
-2.14,0.95,4
2.23,1.01,4
2.23,1.04,4
-2.14,1.06,4
-2.14,1.09,4
-3.05,1.11,4
-2.14,1.02,4
-2.14,1.04,4
-3.05,0.97,4
-1.02,0.81,4
2.22,1.02,4
2.22,1.04,4
-1.12,0.9,4
-1.12,0.91,4
-1.12,0.93,4
-0.52,0.87,4
-0.52,0.93,4
0.05,0.83,4
0.19,0.79,4
-1.51,1.33,4
-2.14,1.29,4
2.21,1.05,4
2.21,1.07,4
2.21,0.96,4
2.21,0.97,4
2.21,1.03,4
-2.53,0.65,4
-2.76,0.99,4
-2.13,1.04,4
-2.13,1.08,4
-2.13,0.83,4
-2.13,0.92,4
-2.13,0.93,4
-2.13,0.97,4
-1.02,0.97,4
-1.02,0.98,4
-1.02,1.04,4
0.19,0.74,4
0.05,0.82,4
-2.13,0.98,4
-2.13,1.03,4
-1.02,0.87,4
-1.02,0.96,4
-1.31,1.17,4
-2.13,1.27,4
2.19,1.15,4
2.19,0.9,4
-2.12,0.87,4
-2.12,0.9,4
0.19,0.95,4
0.19,0.96,4
-0.51,0.77,4
-0.51,0.79,4
2.18,0.97,4
2.18,1.01,4
2.18,1.12,4
2.18,1.13,4
2.18,1.19,4
-0.51,0.89,4
-0.51,0.9,4
-2.12,0.98,4
-2.12,1.04,4
-2.12,1.1,4
2.17,1.16,4
2.17,0.99,4
-2.82,0.86,4
-2.82,0.92,4
-2.12,1.21,4
-1.31,0.98,4
-1.31,1.01,4
-0.5,0.89,4
-3.04,0.84,4
-3.04,0.87,4
2.16,0.82,4
2.16,0.91,4
-2.11,0.99,4
-2.11,1.0,4
-1.31,1.09,4
-0.5,0.78,4
-0.5,0.85,4
2.15,1.11,4
-1.51,1.05,4
-2.11,1.25,4
-3.04,1.14,4
2.15,0.89,4
2.15,0.91,4
-2.11,1.13,4
-3.04,0.99,4
2.14,1.03,4
2.14,1.07,4
2.14,0.82,4
2.14,0.93,4
2.13,1.16,4
2.13,0.84,4
2.13,0.89,4
2.13,0.96,4
2.13,1.02,4
0.2,0.79,4
2.13,1.04,4
2.12,1.28,4
2.12,1.05,4
2.12,1.11,4
-2.1,0.91,4
2.12,0.84,4
2.12,0.91,4
-1.01,0.83,4
-2.1,1.0,4
-2.1,1.17,4
2.11,1.09,4
2.11,1.15,4
2.11,0.84,4
2.11,0.87,4
-0.49,0.82,4
-0.49,0.83,4
-0.49,0.89,4
2.1,0.91,4
2.1,0.92,4
2.1,0.95,4
2.1,1.01,4
2.1,1.03,4
-2.09,1.08,4
-3.03,0.86,4
-3.03,0.87,4
-2.09,0.82,4
2.1,0.82,4
2.1,0.9,4
-2.09,1.01,4
-2.09,1.04,4
-2.09,0.97,4
0.2,0.84,4
0.2,0.92,4
0.2,0.93,4
-2.09,0.93,4
-2.09,0.94,4
-1.01,1.03,4
2.09,1.04,4
-2.09,1.3,4
-1.32,1.17,4
2.08,1.02,4
2.08,1.07,4
2.08,1.09,4
2.08,1.11,4
-2.54,0.75,4
2.08,0.88,4
2.08,0.91,4
2.08,0.92,4
-3.03,0.94,4
-3.03,0.95,4
-3.03,1.01,4
-3.03,1.02,4
0.21,0.77,4
0.21,0.81,4
0.21,0.82,4
-2.76,0.95,4
2.07,1.02,4
2.07,1.04,4
-2.54,0.85,4
2.07,0.9,4
2.07,0.96,4
-0.48,0.79,4
-0.48,0.92,4
-0.48,0.96,4
-1.47,1.12,4
-1.51,0.92,4
-1.51,0.98,4
2.06,1.11,4
2.06,1.28,4
-2.68,0.88,4
2.06,0.9,4
2.06,0.97,4
2.06,1.02,4
2.06,1.07,4
-2.08,0.92,4
-2.08,0.94,4
-2.08,0.96,4
-2.08,0.99,4
-2.08,1.04,4
-2.08,1.05,4
-3.03,1.22,4
2.05,1.14,4
2.05,0.95,4
2.05,0.98,4
2.05,1.03,4
2.05,1.04,4
-1.32,1.07,4
-1.32,1.09,4
-1.32,1.13,4
-1.32,0.95,4
2.04,1.24,4
-2.08,1.14,4
2.04,1.04,4
2.04,1.17,4
-0.47,0.7,4
-0.47,0.78,4
-0.47,0.8,4
0.21,0.99,4
2.04,0.97,4
2.04,0.82,4
2.04,0.92,4
2.04,0.94,4
-3.02,0.86,4
-2.07,0.78,4
2.04,0.0,4
-3.02,0.76,4
-3.02,0.77,4
-0.47,0.97,4
-2.68,0.89,4
-2.07,1.37,4
2.03,0.97,4
2.03,0.98,4
0.22,0.98,4
-2.63,1.21,4
2.03,1.08,4
2.02,1.17,4
2.02,1.18,4
2.02,1.33,4
2.01,1.16,4
2.01,1.01,4
2.01,1.1,4
-1.33,1.07,4
-1.33,1.17,4
-2.06,0.83,4
-2.06,0.94,4
-1.0,0.81,4
2.0,1.05,4
2.0,1.07,4
0.22,0.73,4
0.22,0.87,4
-2.06,1.12,4
-0.46,0.89,4
-0.46,0.93,4
-2.06,1.19,4
-2.06,1.26,4
-1.0,0.99,4
-1.0,1.02,4
1.99,0.98,4
1.99,0.99,4
1.99,1.05,4
1.98,1.24,4
1.98,1.05,4
1.98,1.18,4
-2.05,0.94,4
-2.63,1.11,4
0.22,1.24,4
0.22,1.04,4
1.98,0.91,4
1.98,0.94,4
1.98,0.95,4
1.97,1.43,4
-2.05,0.97,4
-2.05,0.99,4
-2.05,1.1,4
-1.33,0.93,4
1.97,1.14,4
1.97,0.93,4
1.97,1.01,4
-1.13,0.85,4
-1.33,0.88,4
-0.45,0.78,4
-0.45,0.8,4
-2.63,1.09,4
-3.01,0.81,4
1.96,1.14,4
1.96,1.19,4
-0.45,0.98,4
-2.55,1.03,4
-2.55,1.04,4
1.96,1.0,4
-2.55,0.91,4
-2.55,0.92,4
-2.55,0.95,4
1.95,1.19,4
1.95,1.25,4
-2.81,0.98,4
1.95,1.28,4
1.95,0.8,4
1.95,0.84,4
1.95,0.94,4
1.95,1.01,4
1.95,1.05,4
-2.65,0.86,4
-1.13,0.97,4
-2.04,1.04,4
-3.01,1.0,4
-3.01,0.88,4
-2.04,0.97,4
-2.04,1.01,4
-1.13,0.88,4
-1.13,0.9,4
-1.52,1.04,4
-1.52,1.11,4
-1.52,1.14,4
-2.04,1.21,4
1.94,1.13,4
-2.04,1.17,4
-0.44,0.83,4
-0.44,0.89,4
1.93,0.93,4
1.93,0.94,4
-0.44,0.97,4
-2.04,1.31,4
-0.99,0.84,4
-0.99,0.94,4
1.92,0.91,4
1.92,1.0,4
1.92,1.08,4
-2.03,1.13,4
-1.34,1.19,4
0.23,0.91,4
0.23,0.98,4
-1.34,1.33,4
-2.03,0.98,4
-2.03,0.99,4
-2.03,1.04,4
-2.03,1.06,4
-2.03,1.08,4
1.91,0.99,4
-2.03,1.42,4
-0.77,0.89,4
-0.77,0.9,4
-0.77,0.95,4
-1.52,0.88,4
0.04,1.04,4
0.04,1.06,4
-0.77,0.96,4
1.9,1.2,4
-2.02,0.98,4
1.9,0.96,4
1.9,1.02,4
1.9,1.06,4
-0.43,0.9,4
-2.02,0.88,4
-2.02,1.01,4
-2.02,1.38,4
-2.02,1.47,4
-2.02,1.24,4
1.89,1.03,4
1.89,1.06,4
1.89,1.08,4
1.89,1.1,4
1.89,1.13,4
-1.52,1.03,4
1.89,1.01,4
-0.98,0.0,4
1.89,0.92,4
1.88,1.29,4
1.88,0.92,4
1.88,1.03,4
1.88,1.14,4
1.88,1.15,4
-2.01,0.95,4
-0.42,0.96,4
1.87,1.47,4
-2.01,1.06,4
-2.01,1.07,4
0.04,1.1,4
-2.01,1.08,4
-2.01,1.1,4
-2.01,1.14,4
-3.0,0.81,4
-3.0,0.91,4
-3.0,0.92,4
1.87,0.97,4
1.87,1.04,4
1.87,1.15,4
1.87,1.16,4
-0.98,0.83,4
1.86,1.21,4
1.86,1.0,4
1.86,1.02,4
1.86,1.05,4
1.86,1.07,4
1.86,1.09,4
1.86,1.11,4
0.24,0.93,4
0.24,0.95,4
0.04,0.9,4
1.86,1.13,4
-2.01,1.62,4
1.86,0.94,4
-1.34,0.98,4
-1.34,0.99,4
-1.22,0.96,4
-2.0,0.92,4
-2.0,0.97,4
0.24,0.83,4
0.24,0.88,4
-1.34,1.14,4
-0.41,0.74,4
-0.41,0.86,4
-0.41,0.98,4
-0.98,0.9,4
-0.98,0.97,4
-0.98,0.99,4
-0.98,1.07,4
-0.98,0.88,4
-2.0,1.1,4
-2.0,1.45,4
1.84,0.99,4
1.84,1.19,4
-2.0,1.33,4
0.25,0.95,4
1.83,1.19,4
1.83,1.38,4
1.83,0.94,4
1.83,0.97,4
1.83,0.98,4
1.83,1.08,4
1.83,1.11,4
1.83,1.12,4
-1.99,0.9,4
-1.99,0.98,4
-1.99,0.84,4
-1.99,0.86,4
-1.99,1.07,4
-1.99,1.12,4
1.82,1.18,4
1.82,1.32,4
-1.35,1.17,4
1.82,1.12,4
1.82,1.13,4
-1.35,1.16,4
-2.99,0.89,4
-1.35,1.22,4
-1.35,1.36,4
1.81,0.98,4
1.81,0.99,4
1.81,1.03,4
1.81,1.09,4
1.81,0.91,4
-1.98,0.99,4
-0.39,0.94,4
-1.35,1.01,4
-1.35,1.05,4
0.25,1.02,4
0.25,1.03,4
0.25,1.04,4
-1.35,1.06,4
-1.98,0.94,4
1.8,1.27,4
1.8,0.92,4
1.8,1.05,4
1.8,1.06,4
1.8,1.09,4
1.8,1.1,4
1.8,1.19,4
-1.98,1.09,4
-1.98,1.2,4
1.79,1.34,4
1.79,1.44,4
0.04,0.75,4
-1.53,1.3,4
1.79,1.11,4
1.79,1.2,4
1.79,1.28,4
1.79,1.3,4
1.79,1.09,4
1.79,1.1,4
1.79,1.01,4
1.79,1.06,4
-1.35,1.08,4
-1.97,0.97,4
-1.97,0.99,4
-0.78,0.97,4
-2.99,0.97,4
0.26,1.04,4
-2.99,0.93,4
1.78,0.91,4
1.78,1.03,4
1.77,1.43,4
-1.97,1.07,4
-1.97,1.14,4
-1.35,0.96,4
1.77,1.42,4
1.77,1.38,4
1.77,1.08,4
1.77,1.14,4
1.77,1.16,4
1.77,1.25,4
1.77,0.97,4
-0.38,0.84,4
-0.38,0.91,4
-1.53,1.02,4
0.26,0.83,4
0.26,0.96,4
0.26,1.0,4
-0.38,1.01,4
1.77,1.06,4
-1.97,1.41,4
1.77,0.93,4
1.77,0.95,4
-1.97,1.25,4
-1.97,1.27,4
-0.97,0.9,4
-0.97,0.98,4
1.76,1.6,4
1.76,1.21,4
1.76,0.92,4
1.75,1.28,4
-1.96,0.96,4
-1.96,0.98,4
-1.96,1.04,4
1.75,0.95,4
1.75,1.0,4
1.75,1.06,4
1.75,1.13,4
-2.7,0.89,4
-1.36,1.5,4
-2.98,0.73,4
-2.7,0.86,4
-1.96,1.09,4
1.74,1.49,4
-1.96,1.26,4
-1.53,1.06,4
-1.53,1.16,4
-1.96,1.3,4
-1.96,1.36,4
-0.37,0.95,4
-0.37,0.99,4
-2.98,0.95,4
1.73,1.12,4
1.73,1.17,4
1.73,0.99,4
1.73,1.06,4
-0.37,1.13,4
-1.36,0.91,4
-1.36,1.02,4
1.72,1.47,4
1.72,1.25,4
1.72,1.36,4
-1.53,0.84,4
-1.47,1.27,4
1.72,0.98,4
1.72,0.99,4
1.72,1.01,4
1.72,1.07,4
-1.95,1.13,4
-1.95,1.16,4
-1.95,1.22,4
1.72,0.88,4
1.72,0.94,4
1.71,1.12,4
1.71,1.15,4
1.71,1.33,4
1.71,0.91,4
1.71,1.0,4
1.71,1.02,4
0.26,1.18,4
-0.82,0.81,4
-0.82,0.97,4
-1.36,1.03,4
-2.98,1.08,4
-1.95,1.32,4
-1.95,1.34,4
-2.56,0.76,4
-0.36,0.85,4
-0.36,0.88,4
-0.36,0.93,4
-2.98,0.99,4
-2.98,1.01,4
1.7,1.76,4
1.7,1.37,4
1.7,1.08,4
-2.56,0.87,4
1.69,1.39,4
-1.94,0.92,4
-2.65,0.97,4
-1.94,1.1,4
-1.94,0.98,4
-1.94,0.99,4
-1.94,1.06,4
-1.94,1.08,4
-1.94,1.09,4
1.68,1.41,4
1.68,1.1,4
1.68,0.94,4
1.68,1.02,4
-1.94,1.14,4
-2.65,0.99,4
-0.35,0.83,4
-0.35,0.9,4
0.27,0.95,4
-1.94,1.15,4
-1.94,1.16,4
-1.94,1.31,4
1.67,1.45,4
1.67,1.23,4
1.67,1.3,4
1.67,1.12,4
1.67,1.13,4
1.67,0.95,4
-0.96,0.93,4
-0.96,0.96,4
0.28,0.89,4
-0.96,0.99,4
-1.93,1.09,4
-1.93,1.17,4
-1.93,0.99,4
-1.37,1.25,4
-2.97,0.75,4
-2.97,0.82,4
-2.97,0.83,4
-2.97,0.86,4
1.66,1.14,4
1.66,1.31,4
-1.15,1.01,4
1.66,0.83,4
-1.93,1.23,4
1.65,1.14,4
0.28,0.95,4
0.28,0.96,4
0.28,0.97,4
0.28,0.99,4
-1.93,1.5,4
1.65,0.82,4
1.65,0.9,4
1.65,0.99,4
-1.22,1.17,4
-0.78,0.87,4
-0.78,0.9,4
-0.78,0.94,4
-2.97,0.99,4
1.64,1.4,4
1.64,1.14,4
1.64,1.28,4
1.64,1.3,4
1.64,0.97,4
1.64,1.02,4
0.03,0.93,4
-1.37,1.36,4
-0.34,0.73,4
-1.92,0.99,4
1.63,1.33,4
1.63,1.12,4
1.63,1.15,4
1.63,1.23,4
-0.34,0.96,4
-1.92,1.03,4
-1.92,1.13,4
-1.92,1.14,4
-1.92,1.15,4
-1.92,1.19,4
0.28,1.07,4
-1.37,1.13,4
-1.92,1.24,4
1.62,1.31,4
1.62,1.09,4
1.62,1.2,4
-1.92,1.58,4
1.62,0.88,4
1.62,0.93,4
1.62,0.96,4
1.62,1.04,4
1.61,0.88,4
1.61,1.02,4
1.61,1.1,4
-1.15,0.83,4
-0.33,0.88,4
-0.33,0.91,4
0.03,0.69,4
0.03,0.75,4
0.03,0.77,4
0.03,0.78,4
0.03,0.79,4
1.61,0.76,4
1.6,1.26,4
-0.33,1.19,4
-1.37,0.97,4
-1.37,1.02,4
-1.37,1.03,4
1.6,1.22,4
1.6,1.02,4
1.6,1.03,4
1.6,1.08,4
1.6,1.11,4
-1.91,0.99,4
-0.32,0.81,4
-0.32,0.85,4
-0.32,0.88,4
1.59,1.12,4
-0.32,1.04,4
-0.32,1.05,4
-0.32,1.1,4
1.59,0.98,4
1.59,1.01,4
-1.91,1.29,4
1.58,1.32,4
1.58,1.05,4
1.58,1.06,4
1.58,1.14,4
1.58,1.15,4
-2.83,1.0,4
0.03,0.81,4
0.29,0.85,4
0.29,0.87,4
0.29,0.93,4
1.58,1.25,4
-2.78,1.1,4
1.58,1.04,4
-0.95,0.86,4
-0.95,0.95,4
1.58,0.97,4
1.58,0.89,4
1.58,0.9,4
1.57,1.19,4
1.57,1.23,4
1.57,1.27,4
1.57,1.3,4
-1.54,1.11,4
-2.83,0.92,4
-2.83,0.95,4
1.57,1.32,4
-2.78,1.16,4
1.57,1.07,4
-0.95,1.13,4
1.57,0.98,4
-1.22,1.05,4
-1.9,0.96,4
-1.9,1.02,4
-0.31,0.79,4
-0.31,0.8,4
-0.31,0.88,4
0.3,0.91,4
-2.83,1.05,4
-1.9,1.13,4
-1.9,1.31,4
-2.96,0.88,4
-2.96,0.93,4
-2.96,0.94,4
-2.96,1.09,4
-0.31,0.95,4
-0.31,0.97,4
1.56,1.06,4
1.56,1.08,4
1.56,0.83,4
1.56,0.85,4
1.56,1.03,4
-1.89,0.0,4
0.3,0.8,4
0.3,0.82,4
0.3,0.86,4
0.3,0.89,4
1.55,1.19,4
1.55,1.3,4
1.55,0.94,4
1.55,0.97,4
1.55,0.99,4
1.55,1.11,4
1.55,1.13,4
-2.65,1.19,4
-2.57,0.96,4
-2.57,0.97,4
-2.7,0.82,4
-1.54,0.92,4
0.3,0.98,4
0.3,1.08,4
1.54,1.35,4
1.54,1.1,4
1.54,1.12,4
1.54,1.23,4
1.54,1.25,4
-1.89,0.93,4
1.54,1.0,4
1.54,1.02,4
-0.94,0.83,4
-1.89,1.06,4
-1.89,1.08,4
-1.89,1.11,4
-1.89,1.14,4
1.53,1.36,4
-1.54,1.03,4
0.3,1.17,4
1.53,1.13,4
1.53,1.15,4
1.53,1.18,4
1.53,1.29,4
-1.89,1.2,4
1.52,1.32,4
1.52,1.35,4
1.52,1.36,4
1.52,1.38,4
1.52,1.0,4
1.52,1.03,4
1.52,1.05,4
1.52,1.13,4
1.52,1.16,4
-0.94,0.95,4
-0.94,0.96,4
1.52,0.89,4
1.52,0.96,4
-0.29,0.7,4
-0.29,0.81,4
-0.29,0.83,4
-0.94,0.9,4
1.51,1.1,4
1.51,1.14,4
1.51,1.23,4
-2.78,0.87,4
-2.78,0.9,4
1.51,0.87,4
1.51,1.09,4
-1.88,1.02,4
-1.88,1.05,4
-1.88,1.06,4
-1.88,1.07,4
0.31,0.83,4
0.31,0.88,4
-2.72,1.0,4
1.5,1.28,4
-1.88,1.29,4
1.5,1.02,4
1.5,1.03,4
1.5,1.04,4
1.5,0.91,4
1.5,0.96,4
1.5,1.0,4
1.5,1.01,4
0.31,1.12,4
0.02,0.95,4
-1.38,1.2,4
1.49,1.09,4
1.49,1.16,4
-2.57,0.73,4
1.49,0.93,4
1.49,1.0,4
1.49,1.07,4
-0.28,0.77,4
-0.28,0.89,4
-0.28,0.91,4
-2.95,0.95,4
-2.57,0.81,4
-2.57,0.83,4
1.48,1.09,4
1.48,1.1,4
1.48,1.12,4
1.48,1.16,4
1.48,1.19,4
0.31,1.02,4
-1.87,0.97,4
-1.87,0.99,4
1.48,0.83,4
1.48,1.02,4
1.48,1.03,4
-1.87,1.17,4
-1.87,1.21,4
-1.38,1.05,4
-1.38,1.08,4
-0.27,0.71,4
1.47,1.07,4
1.47,1.12,4
1.47,1.13,4
1.47,1.14,4
-1.55,1.32,4
1.47,1.22,4
1.47,0.94,4
1.47,0.95,4
1.47,0.98,4
1.47,0.99,4
1.47,1.04,4
-2.95,1.07,4
1.46,1.21,4
1.46,1.06,4
-0.79,1.07,4
1.45,1.04,4
1.45,1.1,4
1.45,1.14,4
0.32,0.85,4
-1.55,1.19,4
-0.27,0.81,4
-0.27,0.83,4
-0.27,0.86,4
-0.27,0.89,4
-1.86,1.02,4
1.44,0.97,4
-0.26,0.78,4
-0.26,0.86,4
-0.93,0.82,4
-0.93,0.87,4
-0.93,0.91,4
-0.93,0.96,4
-1.86,1.22,4
1.44,0.96,4
0.32,0.84,4
-1.46,1.07,4
-1.46,0.89,4
0.02,0.85,4
0.02,0.86,4
-1.86,1.29,4
1.43,1.2,4
1.43,0.99,4
1.43,1.05,4
1.43,1.07,4
1.43,1.08,4
-0.26,1.02,4
-1.85,0.97,4
-1.85,1.07,4
-1.85,0.93,4
-1.21,1.0,4
-1.21,1.01,4
-1.21,1.06,4
-1.21,1.07,4
0.32,0.98,4
0.32,1.09,4
-1.85,1.05,4
1.42,1.25,4
1.42,1.04,4
1.42,1.08,4
1.42,1.17,4
1.42,0.95,4
1.42,0.93,4
-1.16,1.0,4
1.41,1.25,4
1.41,1.27,4
1.41,0.94,4
1.41,1.0,4
0.33,0.89,4
0.33,0.9,4
-1.21,0.97,4
-1.39,1.33,4
-2.94,0.98,4
-2.94,0.87,4
-2.94,0.89,4
-2.94,0.97,4
1.4,0.86,4
1.4,0.95,4
1.4,0.96,4
1.4,1.01,4
1.4,1.1,4
-0.25,0.89,4
-1.21,0.87,4
-1.55,1.01,4
-1.55,1.06,4
-1.55,1.08,4
1.39,1.28,4
1.39,1.39,4
1.39,1.03,4
1.39,1.18,4
-1.84,1.21,4
1.39,0.88,4
1.39,0.89,4
-2.94,1.13,4
-1.84,1.15,4
-1.84,1.4,4
-1.84,1.46,4
1.38,1.2,4
0.33,0.92,4
0.33,0.97,4
0.33,1.04,4
1.38,1.01,4
1.38,1.04,4
1.38,1.09,4
1.38,1.13,4
-1.39,1.05,4
-1.39,1.07,4
-1.39,1.03,4
-0.79,0.95,4
-0.79,0.96,4
1.37,1.04,4
1.37,0.9,4
1.37,0.92,4
1.37,0.98,4
-1.39,0.9,4
-1.39,0.96,4
-1.39,0.98,4
-1.83,1.19,4
-1.83,1.21,4
-1.83,1.22,4
1.36,0.98,4
1.36,1.02,4
1.36,1.03,4
-1.16,0.92,4
-1.16,0.94,4
-0.24,0.9,4
-0.24,0.95,4
-1.83,1.08,4
-1.83,1.11,4
-1.83,1.14,4
0.34,0.97,4
-1.55,0.94,4
-1.55,0.95,4
1.35,1.01,4
1.35,1.02,4
1.35,1.09,4
1.35,1.18,4
-1.83,1.37,4
1.35,0.82,4
1.34,1.38,4
1.34,1.24,4
1.34,0.99,4
1.34,1.06,4
1.34,1.14,4
-1.82,0.0,4
-2.58,0.94,4
-1.82,0.78,4
0.34,0.74,4
1.33,1.4,4
1.33,1.0,4
1.33,1.01,4
1.33,1.02,4
1.33,1.03,4
1.33,1.14,4
1.33,1.15,4
-0.92,0.76,4
-0.92,0.86,4
-0.92,0.96,4
-1.82,0.99,4
-0.23,0.75,4
-0.23,0.85,4
-0.23,0.9,4
-1.82,1.0,4
-1.82,1.03,4
1.33,0.92,4
-0.23,0.96,4
0.34,1.07,4
0.34,1.11,4
1.33,0.0,4
-2.93,0.71,4
-1.82,1.14,4
-1.82,1.16,4
-0.23,0.92,4
-1.82,1.29,4
1.32,1.29,4
-1.4,1.25,4
1.32,1.03,4
1.32,1.04,4
1.32,1.07,4
1.32,1.12,4
1.32,1.13,4
-0.83,1.13,4
-2.93,1.0,4
-1.4,1.38,4
-0.22,0.7,4
-0.22,0.74,4
-0.22,0.77,4
1.31,1.0,4
1.31,1.02,4
1.31,1.07,4
1.31,1.08,4
1.31,1.12,4
1.31,1.13,4
1.31,1.17,4
1.31,0.91,4
1.31,0.94,4
0.35,0.83,4
0.35,0.87,4
0.01,0.97,4
-0.83,1.08,4
-0.22,0.88,4
-0.22,0.92,4
-1.81,0.9,4
-1.81,1.03,4
-1.81,1.07,4
-1.81,1.08,4
-1.81,1.09,4
1.3,1.29,4
1.3,1.04,4
1.3,1.08,4
0.35,0.9,4
0.35,0.91,4
0.35,0.92,4
-1.56,1.37,4
-1.81,1.33,4
-2.93,1.05,4
1.29,1.41,4
1.29,1.14,4
1.29,0.91,4
1.29,1.05,4
1.29,1.11,4
-2.58,0.7,4
-2.58,0.84,4
-1.4,1.08,4
1.28,1.25,4
-1.8,0.87,4
1.28,0.99,4
1.28,1.0,4
0.01,1.0,4
0.01,1.06,4
-0.91,0.94,4
-1.4,1.13,4
-1.4,1.15,4
-1.4,1.22,4
-0.21,0.77,4
-0.21,0.92,4
-1.8,0.96,4
-1.8,0.98,4
-1.8,0.99,4
1.27,1.24,4
-1.8,1.17,4
-1.8,1.11,4
0.35,0.99,4
0.35,1.02,4
1.26,1.31,4
1.26,0.95,4
1.26,1.01,4
1.26,1.07,4
1.26,1.14,4
1.25,1.28,4
-1.79,0.94,4
-1.79,0.98,4
-1.4,0.95,4
-1.4,1.01,4
-1.4,1.04,4
1.25,1.13,4
-1.79,1.09,4
1.25,0.94,4
1.25,0.98,4
0.36,0.81,4
0.01,0.79,4
-1.56,1.16,4
-1.56,1.19,4
-0.91,1.02,4
-1.79,1.06,4
-0.2,0.91,4
-1.79,1.28,4
-1.79,1.29,4
-1.79,1.3,4
-1.79,1.04,4
-2.92,0.78,4
-1.79,1.44,4
1.24,1.01,4
1.24,1.02,4
0.01,0.96,4
0.36,0.88,4
-1.56,0.96,4
-1.79,1.34,4
1.23,1.13,4
1.23,1.15,4
-0.19,0.74,4
-0.19,0.78,4
-2.71,1.23,4
-1.79,1.54,4
1.22,0.94,4
-1.78,0.81,4
-1.78,1.17,4
-1.78,1.23,4
-1.78,0.98,4
-1.17,0.95,4
0.01,0.82,4
0.01,0.83,4
0.01,0.87,4
0.01,0.89,4
-1.78,1.09,4
-2.92,1.01,4
-2.92,0.87,4
-2.92,0.95,4
1.21,0.98,4
-2.79,0.99,4
-1.78,1.29,4
-2.92,1.11,4
-2.92,1.12,4
1.2,1.2,4
1.2,0.95,4
1.2,0.97,4
1.2,0.98,4
0.37,0.76,4
0.37,0.83,4
0.36,0.96,4
0.36,1.01,4
1.2,1.05,4
1.2,1.08,4
-2.59,1.1,4
1.19,1.19,4
1.19,0.98,4
1.19,1.01,4
1.19,1.02,4
1.19,1.14,4
1.19,1.16,4
-0.18,0.65,4
-1.77,0.96,4
-1.77,0.99,4
-1.77,1.01,4
-1.56,0.87,4
-0.18,0.93,4
-2.92,1.47,4
1.18,1.17,4
-1.17,1.06,4
1.18,0.97,4
1.18,1.08,4
-1.41,1.17,4
-1.17,1.03,4
-1.77,1.12,4
1.17,1.08,4
1.17,1.09,4
1.17,1.1,4
1.17,1.17,4
1.17,1.18,4
1.17,1.21,4
-1.77,1.33,4
-1.77,1.36,4
-1.77,1.38,4
-1.77,1.41,4
1.17,0.92,4
1.17,0.96,4
1.17,0.97,4
1.17,0.98,4
-1.41,1.23,4
-0.17,0.64,4
-1.77,1.26,4
-1.77,1.24,4
1.16,1.29,4
-1.77,1.46,4
1.16,1.07,4
1.16,1.19,4
0.37,0.97,4
0.37,0.99,4
1.16,0.98,4
1.16,0.99,4
1.16,1.03,4
-0.9,0.98,4
-0.17,0.82,4
-0.17,0.88,4
-1.76,0.89,4
-1.76,0.97,4
-1.76,0.85,4
-0.17,0.75,4
1.15,1.11,4
1.15,1.18,4
-2.84,1.11,4
-1.76,1.16,4
1.15,0.91,4
1.15,0.94,4
1.15,1.1,4
-2.91,0.75,4
-1.76,1.06,4
-1.76,1.09,4
-2.71,0.92,4
-0.9,1.08,4
-0.9,1.14,4
1.14,1.09,4
1.14,0.9,4
1.14,0.91,4
-1.41,1.08,4
-1.76,1.27,4
0.38,0.91,4
-1.76,1.55,4
1.13,1.27,4
-1.22,1.19,4
-2.91,1.03,4
1.13,0.82,4
1.13,0.98,4
1.13,0.99,4
-2.91,0.9,4
-2.91,0.94,4
1.12,1.17,4
-0.16,0.85,4
-0.16,0.86,4
1.12,0.92,4
1.12,0.97,4
-0.16,0.72,4
-0.16,0.73,4
-0.16,0.79,4
-0.16,1.02,4
0.38,0.77,4
0.38,0.81,4
0.38,0.86,4
1.11,0.89,4
1.11,0.93,4
1.11,0.94,4
1.11,1.02,4
1.11,1.07,4
1.11,1.13,4
-2.67,0.7,4
-2.59,0.99,4
-2.59,1.01,4
1.11,0.81,4
-1.75,1.03,4
0.38,0.97,4
0.38,1.03,4
0.38,1.07,4
-2.91,1.1,4
-2.79,0.84,4
1.1,1.23,4
1.1,1.04,4
1.1,1.18,4
-1.75,1.09,4
-1.75,1.15,4
-1.75,1.19,4
1.1,0.87,4
1.1,0.89,4
1.1,0.93,4
1.1,0.96,4
-2.64,0.75,4
-1.57,1.3,4
-1.75,1.04,4
-1.75,1.05,4
1.09,1.1,4
1.09,1.11,4
-1.75,1.35,4
1.09,0.89,4
1.09,0.91,4
-1.75,1.34,4
1.08,0.86,4
1.08,0.97,4
1.08,1.03,4
1.08,1.09,4
1.08,0.82,4
-1.75,1.57,4
-1.75,1.58,4
1.07,1.04,4
1.07,0.91,4
1.07,0.95,4
-1.74,1.04,4
1.06,0.93,4
1.06,1.02,4
-1.74,1.14,4
-1.74,1.21,4
1.06,0.84,4
-2.9,0.71,4
-2.9,0.79,4
-1.74,1.12,4
-2.67,0.99,4
1.05,0.86,4
-0.14,0.77,4
-0.14,0.78,4
0.0,0.99,4
-0.83,0.78,4
0.0,1.03,4
0.0,1.06,4
1.05,0.75,4
1.05,0.79,4
-1.74,1.35,4
1.04,0.86,4
-0.14,0.99,4
-1.74,1.54,4
-1.74,1.61,4
-1.74,1.66,4
-2.9,0.84,4
-2.9,0.91,4
-2.9,0.96,4
1.03,1.04,4
0.39,0.98,4
-0.83,0.88,4
-0.83,0.96,4
-0.83,0.98,4
-1.57,1.35,4
0.0,0.85,4
0.0,0.87,4
1.03,1.22,4
1.03,0.84,4
1.03,0.87,4
1.03,0.88,4
1.02,1.01,4
-1.73,0.97,4
-1.73,0.98,4
-1.73,1.0,4
1.02,0.85,4
1.02,0.9,4
0.39,0.85,4
0.39,0.86,4
1.02,0.94,4
1.02,1.0,4
-0.13,0.82,4
-0.13,0.84,4
-0.13,0.88,4
-1.73,0.94,4
-0.89,0.98,4
1.01,0.84,4
1.01,0.94,4
1.01,0.96,4
-1.73,1.07,4
-1.73,1.11,4
-1.73,1.12,4
-1.73,1.16,4
-1.73,1.21,4
-0.13,0.97,4
-1.42,1.01,4
-1.42,1.08,4
0.99,0.8,4
0.99,0.83,4
-1.42,1.12,4
-1.42,1.17,4
-1.73,1.44,4
0.98,1.16,4
0.98,0.87,4
0.98,0.88,4
0.98,1.0,4
-1.42,0.86,4
0.4,0.85,4
0.4,0.88,4
-1.57,1.08,4
-1.42,0.95,4
-1.72,0.98,4
-1.72,0.99,4
-1.72,1.02,4
-1.72,1.14,4
-1.42,0.97,4
0.96,0.89,4
-1.72,1.32,4
-0.12,0.77,4
-0.12,0.78,4
-2.89,0.86,4
0.95,0.99,4
0.95,0.8,4
0.95,0.84,4
-1.18,1.15,4
0.0,0.81,4
-1.57,1.14,4
-0.88,0.9,4
-0.12,0.96,4
-1.72,1.59,4
0.94,0.75,4
0.94,0.74,4
-2.89,1.02,4
-2.89,1.08,4
0.93,1.03,4
0.93,1.07,4
-2.89,1.0,4
0.93,0.73,4
0.93,0.8,4
0.93,0.82,4
0.93,0.84,4
0.93,0.91,4
0.93,0.94,4
0.4,1.27,4
0.4,0.97,4
0.4,1.04,4
0.93,0.97,4
-0.11,0.86,4
-0.11,0.9,4
0.92,0.92,4
0.92,0.93,4
0.92,0.95,4
0.92,0.98,4
-1.71,0.96,4
-1.71,0.97,4
-1.71,0.98,4
-1.71,1.1,4
-0.8,0.89,4
-0.8,0.93,4
-2.84,0.88,4
-2.84,0.97,4
0.92,0.76,4
0.92,0.83,4
0.91,1.01,4
0.91,0.88,4
0.91,0.99,4
-0.88,0.92,4
-0.88,0.94,4
-0.88,0.98,4
-0.88,1.0,4
-0.88,1.04,4
-1.71,1.11,4
-1.71,1.12,4
-1.71,1.15,4
-1.57,0.94,4
0.9,1.02,4
0.9,0.82,4
0.89,1.12,4
0.89,0.81,4
0.89,0.85,4
0.89,0.9,4
0.89,1.0,4
0.89,1.11,4
-0.1,0.63,4
-0.1,0.66,4
0.88,1.07,4
0.88,1.09,4
0.88,1.1,4
0.88,1.13,4
-1.2,1.07,4
-1.2,1.09,4
0.88,0.85,4
0.88,0.87,4
0.88,0.95,4
-0.1,0.82,4
-0.1,0.87,4
-2.71,0.77,4
-1.7,0.89,4
-1.7,1.12,4
-1.7,0.94,4
-1.7,1.0,4
-1.7,1.01,4
0.87,0.96,4
0.41,0.85,4
0.41,0.92,4
0.87,1.03,4
-1.43,1.03,4
-1.43,1.04,4
-1.7,1.2,4
-1.18,0.98,4
-2.71,0.86,4
0.86,0.78,4
-1.43,1.12,4
-1.43,1.13,4
-1.43,1.14,4
-1.18,0.93,4
0.85,0.88,4
0.85,0.89,4
0.85,0.96,4
0.85,0.99,4
0.85,1.01,4
0.85,1.1,4
-1.7,1.37,4
0.85,0.85,4
-2.88,0.82,4
-2.88,0.93,4
0.84,1.12,4
0.84,0.75,4
0.84,0.91,4
0.84,0.94,4
0.84,1.02,4
-1.69,1.11,4
-1.69,0.88,4
-0.09,0.82,4
-1.69,0.98,4
-2.71,0.88,4
-0.87,0.89,4
0.42,0.84,4
0.83,1.08,4
0.83,1.29,4
-2.88,1.02,4
0.83,0.84,4
0.83,0.95,4
-2.72,0.93,4
-2.72,0.94,4
-2.88,1.0,4
-1.69,1.17,4
-2.72,0.89,4
-2.72,0.91,4
0.82,1.14,4
-2.88,0.97,4
0.82,0.84,4
0.82,0.87,4
0.82,0.95,4
0.82,0.97,4
-2.62,1.01,4
-2.62,1.03,4
0.81,1.04,4
-1.43,0.86,4
-1.43,0.89,4
0.81,0.99,4
-2.6,0.81,4
0.81,0.79,4
0.81,0.88,4
0.81,0.91,4
0.8,1.35,4
-0.87,0.99,4
0.42,0.91,4
0.42,1.0,4
-1.43,1.0,4
-2.64,0.84,4
-2.64,0.87,4
-2.64,0.92,4
-2.64,0.96,4
-2.64,0.98,4
0.8,0.84,4
0.8,0.86,4
-2.6,0.89,4
-2.6,0.92,4
-2.6,0.95,4
0.8,0.76,4
0.79,1.14,4
0.79,0.9,4
0.79,0.91,4
0.79,0.97,4
-2.81,1.14,4
-0.08,0.92,4
-0.08,0.93,4
-0.08,0.95,4
-0.08,0.96,4
0.79,0.85,4
-1.68,1.19,4
-1.68,1.2,4
-1.68,1.01,4
-1.68,1.09,4
-1.68,1.11,4
-1.68,1.13,4
-0.08,1.07,4
0.78,0.85,4
0.78,0.94,4
0.77,1.38,4
0.43,1.02,4
-2.62,0.91,4
0.43,0.9,4
0.77,0.93,4
0.77,0.95,4
0.77,1.04,4
0.77,1.17,4
-1.68,1.42,4
-1.67,0.9,4
-1.67,1.02,4
0.76,1.05,4
-1.67,0.93,4
0.76,0.85,4
0.76,0.88,4
-1.67,1.17,4
0.75,0.92,4
0.75,0.96,4
-1.67,1.69,4
0.74,1.07,4
-1.19,1.12,4
-1.19,1.16,4
0.74,0.78,4
0.74,0.96,4
0.74,0.98,4
0.74,0.99,4
-1.19,1.04,4
-2.87,0.86,4
0.73,1.04,4
-2.6,0.71,4
-0.07,0.85,4
-0.07,0.89,4
-1.66,1.03,4
-1.66,0.88,4
0.43,1.11,4
-0.84,1.07,4
-0.84,1.12,4
-1.66,0.93,4
-0.07,0.91,4
0.72,1.05,4
0.72,0.92,4
0.72,0.93,4
0.72,0.97,4
-0.06,0.66,4
-0.06,0.72,4
-0.06,0.75,4
-0.07,1.14,4
0.71,0.84,4
0.71,0.85,4
-2.87,1.12,4
-2.87,1.23,4
-2.87,1.25,4
-2.87,1.0,4
-2.87,1.04,4
-2.87,1.06,4
0.7,0.81,4
0.7,0.84,4
0.7,0.88,4
0.7,0.92,4
-0.06,0.85,4
0.69,0.9,4
0.69,0.92,4
0.69,0.94,4
0.44,0.89,4
0.44,0.95,4
0.69,1.02,4
-1.65,1.05,4
0.69,0.7,4
-0.86,1.06,4
-0.86,1.07,4
-1.65,0.9,4
-1.65,0.92,4
-1.65,0.96,4
-1.65,0.99,4
-0.06,1.04,4
-2.8,0.85,4
-2.8,0.93,4
0.68,1.15,4
0.68,1.17,4
0.44,0.72,4
0.68,0.88,4
0.68,0.89,4
0.68,0.9,4
0.68,0.96,4
0.68,0.98,4
0.68,1.01,4
-2.8,1.02,4
-1.44,1.06,4
-1.44,1.07,4
-1.65,1.16,4
-1.65,1.18,4
-1.65,1.21,4
0.67,0.8,4
0.67,0.83,4
0.67,0.84,4
0.67,0.86,4
0.67,0.91,4
0.67,1.02,4
-1.58,1.15,4
0.44,0.98,4
0.44,1.09,4
-1.65,1.4,4
-1.44,0.88,4
-1.64,0.94,4
-1.64,0.96,4
-1.64,1.14,4
-1.44,1.08,4
0.66,1.1,4
-1.64,1.09,4
-1.19,0.93,4
-1.64,1.33,4
0.45,0.76,4
0.65,0.9,4
0.65,0.98,4
0.65,0.81,4
-1.44,0.92,4
-0.05,0.78,4
-2.61,1.05,4
0.64,0.78,4
0.64,0.82,4
-0.05,0.87,4
-0.05,0.92,4
-2.86,0.81,4
-2.86,0.89,4
0.63,1.08,4
0.63,0.83,4
0.63,0.91,4
0.45,0.8,4
0.45,0.85,4
0.63,0.97,4
0.63,1.03,4
-2.67,0.86,4
-1.63,0.88,4
-1.63,0.97,4
-1.19,0.94,4
-1.19,0.96,4
-1.19,0.98,4
0.62,0.79,4
0.62,0.8,4
0.62,0.95,4
-1.63,1.11,4
-1.63,1.13,4
-2.86,0.95,4
-2.86,0.96,4
-2.86,1.04,4
0.61,0.99,4
0.61,1.02,4
-0.85,0.84,4
-0.04,0.9,4
-0.04,0.98,4
0.61,0.76,4
-0.04,1.01,4
0.6,1.02,4
0.6,1.08,4
-2.61,0.73,4
0.59,0.87,4
0.59,0.9,4
0.59,0.95,4
0.59,0.99,4
0.45,0.93,4
0.45,0.96,4
-0.8,0.99,4
-1.62,0.94,4
-2.61,0.82,4
-2.61,0.84,4
-2.61,0.89,4
-2.61,0.95,4
-2.86,1.17,4
-1.62,1.07,4
-1.62,1.1,4
-1.62,1.13,4
0.58,0.78,4
0.58,0.81,4
0.58,0.87,4
-0.03,0.78,4
-1.62,1.17,4
0.57,0.96,4
0.57,1.05,4
0.57,0.81,4
0.57,0.82,4
0.56,1.2,4
0.56,0.82,4
0.56,0.92,4
0.56,1.0,4
-1.61,0.85,4
-0.03,0.83,4
-0.03,0.84,4
-0.03,0.95,4
-1.61,1.15,4
0.55,1.08,4
-1.61,0.99,4
-1.58,0.95,4
-1.58,0.96,4
-1.61,1.03,4
0.55,0.86,4
0.55,0.79,4
0.55,0.84,4
-2.85,0.93,4
0.54,1.02,4
0.54,1.03,4
-2.85,0.78,4
-2.85,0.79,4
-2.85,0.85,4
-1.61,1.55,4
0.54,0.78,4
0.54,0.88,4
-1.45,1.12,4
0.46,0.74,4
-1.58,1.01,4
-1.58,0.88,4
0.53,0.89,4
0.53,0.92,4
0.53,0.97,4
-1.6,0.98,4
-1.6,0.99,4
-2.61,0.65,4
0.52,1.11,4
-1.6,0.95,4
-1.6,0.97,4
-0.02,0.85,4
-0.02,0.88,4
-0.02,0.89,4
-0.02,0.9,4
0.52,0.99,4
-1.6,1.04,4
-1.6,1.11,4
0.52,0.79,4
-1.45,1.09,4
-1.58,0.93,4
-1.58,0.94,4
0.52,0.9,4
0.52,0.96,4
-0.02,0.94,4
-2.85,1.04,4
-2.85,1.06,4
-0.02,0.92,4
-2.85,0.98,4
-2.85,1.01,4
0.51,0.78,4
0.51,0.84,4
0.51,0.87,4
-1.45,0.96,4
-1.45,0.98,4
-1.45,1.0,4
-1.45,1.01,4
-1.45,1.02,4
-1.45,1.03,4
-1.45,1.04,4
-0.01,0.73,4
-2.67,0.81,4
-2.67,0.82,4
0.5,0.75,4
0.5,0.8,4
0.5,0.89,4
-1.6,1.41,4
0.46,0.89,4
0.46,0.9,4
0.46,0.95,4
0.46,0.98,4
0.46,1.01,4
0.49,0.93,4
0.49,0.95,4
0.49,1.05,4
-1.59,0.96,4
-0.01,0.78,4
-0.01,0.79,4
-0.01,0.8,4
-0.01,0.83,4
-0.01,0.84,4
-0.01,0.89,4
-0.01,0.9,4
0.49,0.84,4
0.49,0.86,4
0.47,0.92,4
-1.59,0.98,4
-1.59,1.05,4
-1.2,1.15,4
-1.2,1.17,4
0.48,1.04,4
0.48,1.19,4
0.48,0.8,4
0.48,0.83,4
0.48,0.88,4
0.48,0.92,4
0.48,0.96,4
0.48,1.02,4
-0.01,0.94,4
-0.01,1.01,4
0.47,0.96,4
0.47,0.97,4
0.47,1.01,4
0.47,1.03,4
3.14,0.63,4
3.14,0.56,3
3.14,0.55,3
3.14,0.62,3
3.14,0.49,3
3.14,0.48,3
3.14,0.6,3
3.13,1.49,3
1.68,1.27,3
1.68,1.22,3
1.68,1.18,3
3.13,1.02,3
3.13,0.99,3
3.13,0.94,3
3.13,1.08,3
-2.49,1.0,3
1.67,1.55,3
1.68,0.95,3
-1.94,1.27,3
-1.94,1.18,3
0.27,0.99,3
1.67,1.14,3
0.47,0.85,3
-0.01,0.97,3
-0.01,0.96,3
-1.59,1.31,3
1.68,1.45,3
1.68,1.33,3
-1.94,1.01,3
1.67,1.44,3
-1.94,1.52,3
1.67,1.07,3
1.67,1.06,3
1.67,1.05,3
1.67,1.39,3
1.67,1.24,3
-0.35,1.01,3
1.67,1.19,3
0.27,1.09,3
3.12,1.3,3
3.13,0.9,3
0.48,0.95,3
-2.49,0.99,3
3.13,0.89,3
-0.01,1.08,3
-0.01,1.07,3
-1.15,1.22,3
-1.94,0.79,3
-0.96,0.7,3
-2.65,0.95,3
-2.65,0.92,3
1.67,0.91,3
-1.93,1.1,3
1.69,1.0,3
0.48,1.06,3
-2.85,1.25,3
0.48,1.01,3
3.13,0.8,3
-2.48,1.07,3
1.69,1.29,3
1.69,1.25,3
1.69,1.17,3
1.69,1.13,3
1.69,1.09,3
1.69,1.21,3
1.69,1.49,3
-0.96,0.95,3
-0.96,0.92,3
1.7,0.99,3
1.7,0.98,3
0.07,1.29,3
-0.74,1.02,3
-0.74,0.98,3
0.48,1.18,3
-2.97,0.88,3
0.27,1.24,3
0.03,1.12,3
-1.53,1.0,3
1.7,1.17,3
1.7,1.16,3
1.7,1.05,3
1.66,1.5,3
1.66,1.39,3
1.66,1.37,3
1.66,1.25,3
1.7,1.23,3
1.7,1.22,3
1.7,1.2,3
-1.37,1.26,3
1.66,1.2,3
1.66,1.11,3
0.48,1.29,3
-1.2,1.23,3
-1.59,0.99,3
3.12,0.89,3
3.12,0.88,3
3.12,0.82,3
3.12,0.81,3
-2.98,0.97,3
1.7,1.18,3
-2.56,0.75,3
-0.74,1.05,3
3.11,1.09,3
0.47,0.89,3
-1.59,1.12,3
-2.47,1.04,3
1.66,1.06,3
1.66,1.0,3
1.66,1.32,3
-0.96,1.05,3
-1.93,1.37,3
-1.93,1.33,3
-1.93,1.3,3
-0.36,0.99,3
-0.36,0.98,3
-2.56,0.83,3
-1.95,1.38,3
3.11,0.95,3
3.11,0.94,3
0.49,0.88,3
-1.59,0.97,3
-2.49,1.08,3
-2.98,1.02,3
1.65,1.1,3
1.65,1.09,3
-1.93,1.56,3
-1.93,1.53,3
1.71,1.08,3
-0.82,0.95,3
-0.82,0.92,3
-2.65,1.05,3
1.65,1.29,3
1.65,1.28,3
3.11,0.87,3
3.11,0.78,3
-2.47,0.83,3
0.49,0.92,3
-1.59,1.07,3
-1.59,1.04,3
-1.59,1.0,3
3.11,1.06,3
1.65,1.27,3
1.65,1.25,3
0.28,0.84,3
0.28,0.81,3
0.03,1.08,3
1.65,1.22,3
1.65,1.16,3
1.65,1.12,3
1.65,1.0,3
3.11,1.01,3
3.11,1.0,3
3.11,0.97,3
0.49,1.04,3
3.11,0.89,3
0.03,1.27,3
1.71,1.04,3
1.71,1.01,3
1.71,0.96,3
1.71,1.64,3
1.71,1.41,3
1.71,1.26,3
1.71,1.22,3
1.71,1.18,3
1.71,1.14,3
1.72,1.4,3
-1.95,1.21,3
-2.73,0.82,3
0.5,0.84,3
0.46,0.87,3
0.46,1.33,3
-0.74,1.08,3
1.72,1.18,3
1.72,1.11,3
1.72,1.1,3
-2.97,1.0,3
1.72,1.26,3
0.03,0.95,3
0.03,0.94,3
0.28,1.23,3
1.64,1.03,3
3.1,0.96,3
3.1,0.93,3
3.1,0.83,3
0.5,1.02,3
0.49,1.01,3
0.49,1.0,3
-2.47,1.14,3
-1.36,0.95,3
-0.37,1.12,3
-1.95,0.94,3
-2.7,1.0,3
0.03,1.03,3
-1.15,1.11,3
-1.95,1.06,3
-1.36,1.0,3
0.28,0.93,3
-1.15,1.06,3
-1.15,1.04,3
-1.15,1.02,3
0.5,0.85,3
-2.73,0.92,3
0.5,1.19,3
-1.6,1.22,3
0.5,1.11,3
3.1,1.05,3
3.1,1.0,3
-1.37,1.46,3
-1.37,1.43,3
1.73,1.11,3
1.73,1.08,3
-2.7,0.98,3
1.64,1.1,3
1.73,1.13,3
1.73,1.57,3
3.09,1.04,3
3.09,1.02,3
0.5,0.9,3
-1.6,1.2,3
0.5,0.87,3
1.73,1.07,3
1.73,0.96,3
-1.95,0.88,3
-2.98,0.82,3
1.73,1.25,3
1.73,1.15,3
-2.98,0.88,3
-0.37,0.94,3
-1.92,1.02,3
-1.92,1.0,3
-0.34,0.97,3
-1.6,1.26,3
-1.48,1.13,3
0.5,1.09,3
-1.96,1.55,3
-1.96,1.45,3
1.63,1.2,3
1.63,1.18,3
1.63,1.08,3
-2.64,1.41,3
-2.64,1.39,3
-1.53,1.17,3
-1.36,1.25,3
1.63,0.97,3
1.63,0.96,3
0.51,1.01,3
0.51,0.96,3
3.09,0.91,3
3.09,0.86,3
3.09,0.81,3
-2.46,0.91,3
-0.02,1.29,3
-1.6,1.3,3
-1.92,1.06,3
-1.92,1.05,3
-1.37,1.08,3
-1.37,1.07,3
-1.37,1.04,3
-1.36,1.07,3
-0.37,0.91,3
-0.37,0.9,3
-0.37,0.85,3
-1.96,1.42,3
-1.96,1.39,3
1.74,0.96,3
1.74,0.95,3
-1.92,1.37,3
-2.46,0.97,3
-2.46,0.96,3
-2.46,0.81,3
-2.46,0.79,3
-2.67,0.84,3
-1.92,1.34,3
-1.92,1.33,3
-1.92,1.32,3
-1.37,1.12,3
-2.97,1.19,3
1.62,1.15,3
0.51,1.09,3
-0.02,0.93,3
-1.45,1.05,3
-1.45,0.99,3
-2.85,1.12,3
-2.85,1.09,3
-2.46,1.01,3
1.62,1.12,3
1.74,1.18,3
1.74,1.09,3
1.74,1.07,3
1.74,1.06,3
1.62,1.44,3
1.74,1.33,3
1.74,1.32,3
1.74,1.28,3
1.74,1.23,3
1.74,1.2,3
1.62,1.18,3
-1.37,1.18,3
-1.96,1.07,3
-2.46,1.07,3
-2.46,1.03,3
3.08,1.0,3
-0.02,1.02,3
0.52,0.88,3
-0.97,1.18,3
1.74,1.5,3
1.62,1.11,3
1.62,1.08,3
1.61,1.78,3
-0.97,1.07,3
3.08,0.93,3
3.08,1.31,3
0.46,0.77,3
-2.85,1.07,3
-2.85,1.02,3
-2.85,0.97,3
-2.85,0.96,3
-1.96,1.23,3
-1.96,1.22,3
-1.96,1.19,3
-1.96,1.12,3
-0.33,0.85,3
1.75,0.91,3
1.61,1.55,3
-0.33,0.84,3
-1.92,1.4,3
-1.92,1.38,3
1.62,1.03,3
1.61,1.25,3
1.61,1.21,3
-2.46,1.22,3
3.08,1.07,3
3.08,0.9,3
3.08,0.87,3
3.08,0.85,3
-0.02,0.86,3
-1.45,1.36,3
3.08,0.97,3
1.61,1.8,3
-2.7,0.94,3
1.75,1.09,3
1.61,1.11,3
1.61,1.06,3
1.61,1.05,3
3.07,0.93,3
3.07,0.91,3
0.08,0.84,3
0.08,0.83,3
0.52,1.08,3
-1.6,1.12,3
-1.6,1.06,3
1.75,1.24,3
-0.33,0.89,3
-0.33,0.86,3
-1.15,0.96,3
-1.15,0.91,3
1.75,1.4,3
-1.96,1.06,3
-1.96,1.02,3
1.61,1.13,3
1.61,1.12,3
3.07,0.8,3
-2.45,1.01,3
-2.45,1.0,3
-2.45,0.94,3
-2.45,0.91,3
-0.73,0.94,3
-0.73,0.91,3
-1.45,1.24,3
3.07,0.95,3
-2.56,1.14,3
1.75,1.15,3
1.76,1.04,3
1.76,1.03,3
1.76,1.02,3
3.07,0.89,3
3.07,0.86,3
3.07,0.85,3
3.07,0.84,3
0.08,0.95,3
0.08,0.94,3
0.08,0.9,3
-1.6,1.03,3
-1.6,1.02,3
1.76,0.87,3
-0.38,1.11,3
1.76,1.35,3
-2.83,1.08,3
-0.38,1.05,3
-0.38,1.03,3
1.76,1.17,3
1.76,1.08,3
1.76,1.42,3
1.76,1.39,3
1.6,1.3,3
1.6,1.28,3
-2.45,0.8,3
-0.73,1.05,3
-0.73,1.03,3
-0.73,1.0,3
-0.73,0.96,3
0.53,0.96,3
-1.37,1.01,3
1.6,1.37,3
1.6,1.36,3
-1.97,1.57,3
1.76,1.5,3
3.06,1.11,3
3.06,1.02,3
3.06,1.01,3
-1.09,1.03,3
-1.09,0.98,3
-1.45,1.19,3
0.53,1.18,3
0.53,1.17,3
1.76,1.3,3
1.76,1.27,3
1.76,1.2,3
1.6,1.04,3
1.6,1.01,3
1.6,0.99,3
1.6,0.98,3
-1.58,1.04,3
0.53,1.14,3
3.06,0.92,3
3.06,0.91,3
3.06,0.89,3
3.06,0.83,3
3.06,0.82,3
0.53,0.95,3
-0.97,0.88,3
1.6,1.17,3
-1.53,1.05,3
-0.38,1.0,3
1.77,1.01,3
-0.97,1.01,3
0.26,0.87,3
-1.91,1.15,3
-0.73,1.08,3
0.54,0.91,3
0.54,0.89,3
-1.45,1.16,3
-1.45,1.15,3
-1.58,1.11,3
-1.91,1.03,3
-1.91,0.89,3
1.59,1.46,3
1.6,1.12,3
-0.32,0.92,3
1.59,1.16,3
1.77,1.15,3
1.77,1.11,3
0.26,0.9,3
-1.91,1.06,3
-0.32,1.12,3
-3.14,0.93,3
-3.14,0.87,3
3.05,1.24,3
0.08,1.08,3
0.08,1.07,3
-3.14,0.98,3
-0.03,1.25,3
-2.99,1.16,3
1.77,1.35,3
1.77,1.33,3
-0.38,0.78,3
-1.35,0.97,3
1.77,1.24,3
1.59,1.21,3
1.59,0.88,3
-1.97,1.18,3
-1.24,1.22,3
-1.24,1.18,3
3.05,0.96,3
-2.85,0.95,3
-3.14,0.96,3
-1.97,1.17,3
-1.97,1.13,3
-1.97,1.12,3
-1.97,1.06,3
-2.99,1.19,3
1.59,1.1,3
-1.91,1.13,3
-1.91,1.42,3
1.59,1.08,3
1.59,1.04,3
-0.32,1.01,3
-0.32,0.98,3
1.59,1.32,3
1.59,1.31,3
-1.91,1.68,3
-0.32,0.95,3
1.59,1.03,3
3.05,1.12,3
-0.72,0.76,3
-2.45,1.17,3
-1.61,1.21,3
-0.03,1.2,3
0.54,0.93,3
-0.81,0.99,3
-1.48,1.08,3
-1.24,1.26,3
3.04,1.21,3
3.05,0.84,3
3.05,0.82,3
-1.91,1.48,3
1.78,1.1,3
1.78,1.07,3
1.78,0.98,3
1.78,0.9,3
-1.97,1.24,3
1.78,1.4,3
1.78,1.24,3
1.78,1.22,3
1.78,1.2,3
-2.99,1.07,3
-2.99,1.04,3
0.55,0.94,3
0.55,0.92,3
0.55,0.85,3
-1.61,1.06,3
-1.61,1.05,3
-2.49,0.9,3
-2.99,1.1,3
1.78,1.13,3
1.78,1.12,3
1.58,1.07,3
-2.78,1.02,3
-2.78,0.97,3
-2.78,0.96,3
0.29,1.0,3
0.29,0.99,3
-0.95,1.02,3
-2.83,1.03,3
-0.95,0.97,3
1.58,0.93,3
1.58,0.92,3
1.58,1.03,3
3.04,1.0,3
3.04,0.99,3
-1.48,0.93,3
-0.84,0.99,3
0.55,1.05,3
0.55,1.04,3
-2.78,1.07,3
-1.97,1.05,3
-1.97,1.01,3
-1.97,0.96,3
1.79,0.99,3
-1.97,0.9,3
1.79,0.95,3
1.57,1.75,3
0.09,0.72,3
3.04,0.91,3
-1.61,1.14,3
-1.61,1.13,3
-1.61,1.1,3
-0.03,1.03,3
-0.01,1.13,3
-1.58,0.98,3
-0.97,0.84,3
-1.14,1.0,3
-1.14,0.99,3
-0.39,1.04,3
-1.14,0.94,3
-0.95,0.98,3
-1.48,1.03,3
-1.48,0.98,3
-1.48,0.97,3
-0.03,0.81,3
-1.61,0.97,3
0.55,1.12,3
0.55,0.9,3
1.79,1.26,3
1.79,1.19,3
1.79,1.17,3
1.79,0.96,3
1.79,1.12,3
-1.53,1.31,3
1.57,1.56,3
0.26,0.79,3
0.04,0.73,3
-2.44,0.86,3
-2.44,0.84,3
-3.14,1.08,3
-1.09,1.21,3
0.56,0.9,3
3.04,0.97,3
3.04,0.96,3
1.79,1.39,3
1.79,1.16,3
-1.54,1.13,3
-1.54,1.12,3
1.57,1.31,3
1.57,1.28,3
-0.95,1.03,3
-1.22,1.08,3
-1.22,1.06,3
0.56,1.22,3
0.56,1.19,3
-0.03,1.0,3
-0.03,0.98,3
0.57,0.87,3
0.56,1.09,3
0.56,1.06,3
0.56,1.03,3
-2.44,0.89,3
-1.98,1.46,3
1.57,1.34,3
1.57,1.33,3
-2.83,0.98,3
-2.83,0.94,3
1.8,1.21,3
1.79,1.63,3
-1.22,1.04,3
-1.22,0.99,3
-0.72,0.95,3
3.03,1.02,3
0.57,1.06,3
0.57,0.99,3
-1.61,0.98,3
-0.79,1.32,3
-1.9,0.99,3
1.57,1.03,3
-0.95,1.22,3
-0.95,1.17,3
-1.9,1.25,3
-1.9,1.23,3
-1.9,1.2,3
3.03,0.92,3
3.03,0.87,3
3.03,0.79,3
-3.14,1.05,3
-3.14,1.02,3
3.03,0.75,3
0.56,0.97,3
-1.9,1.14,3
-2.83,1.06,3
-1.98,1.22,3
-1.98,1.12,3
-1.98,1.1,3
-0.31,0.86,3
-0.31,0.84,3
-0.31,0.77,3
-2.96,1.02,3
1.8,1.07,3
1.8,0.89,3
1.8,1.35,3
-1.54,1.06,3
-1.24,1.06,3
-1.24,1.01,3
-1.24,1.0,3
-2.44,1.16,3
3.03,1.06,3
0.57,0.93,3
0.57,0.92,3
0.56,1.18,3
1.8,1.25,3
-1.98,0.93,3
0.25,1.12,3
0.25,1.06,3
1.8,1.12,3
0.3,0.96,3
0.3,0.94,3
-0.31,0.92,3
-1.62,1.2,3
-1.62,1.18,3
-1.62,1.16,3
0.57,0.9,3
-1.62,1.29,3
-1.35,0.98,3
-0.39,0.85,3
-2.96,1.0,3
-1.9,1.12,3
-1.9,1.11,3
-2.96,0.81,3
-1.54,1.1,3
-0.31,1.01,3
-0.31,0.98,3
-2.96,0.96,3
3.02,1.07,3
3.02,1.03,3
-1.62,0.98,3
0.57,1.28,3
-0.81,1.02,3
-1.45,0.91,3
-1.14,1.23,3
-1.98,1.05,3
-1.98,1.0,3
0.25,0.98,3
-1.9,1.46,3
-0.39,0.84,3
-0.39,0.82,3
-0.39,0.81,3
-0.81,1.07,3
3.02,1.08,3
-0.8,1.07,3
-2.64,1.07,3
-2.64,1.06,3
-2.96,1.16,3
1.56,1.47,3
-2.77,0.93,3
1.81,1.26,3
-0.98,1.29,3
1.56,1.25,3
1.56,1.23,3
-1.35,1.21,3
1.81,1.28,3
-2.99,0.83,3
3.01,1.08,3
3.02,0.95,3
3.02,0.85,3
-1.62,1.14,3
-1.62,1.08,3
-2.85,0.73,3
0.57,1.14,3
1.81,1.18,3
1.81,1.16,3
1.81,1.13,3
1.81,1.06,3
1.81,0.95,3
1.81,1.3,3
-2.77,0.86,3
1.56,1.1,3
-2.56,1.25,3
1.56,1.39,3
-2.96,1.12,3
1.56,1.3,3
-1.54,1.18,3
3.01,0.94,3
3.01,0.9,3
-0.85,1.05,3
-0.85,1.02,3
-1.99,1.56,3
-2.77,0.8,3
1.56,1.2,3
-1.99,1.34,3
-1.99,1.33,3
1.82,1.14,3
1.82,1.1,3
-1.99,1.45,3
-1.99,1.4,3
1.56,1.02,3
1.56,0.96,3
1.56,0.89,3
1.56,0.84,3
-1.54,1.21,3
-1.54,1.2,3
1.82,1.24,3
0.58,0.84,3
-2.73,0.7,3
3.01,1.03,3
3.01,1.02,3
-2.86,1.2,3
-2.61,0.88,3
-1.62,1.05,3
-2.64,1.0,3
-2.72,0.86,3
0.58,1.13,3
-1.1,1.01,3
3.01,0.84,3
-2.43,0.96,3
-1.62,0.93,3
0.58,0.97,3
0.58,0.85,3
1.82,1.21,3
-2.57,0.92,3
-2.57,0.91,3
1.82,1.33,3
0.25,0.82,3
0.25,0.78,3
1.55,1.07,3
1.55,1.05,3
0.07,1.14,3
3.0,0.82,3
0.59,1.03,3
0.59,1.01,3
0.58,1.09,3
-1.1,1.04,3
-1.14,1.01,3
-1.99,1.14,3
1.55,1.44,3
1.55,1.4,3
0.3,0.83,3
0.3,0.71,3
1.55,0.98,3
1.55,1.32,3
-0.4,0.85,3
-1.14,1.04,3
1.55,1.17,3
1.55,1.12,3
-1.99,1.28,3
3.0,1.13,3
-3.13,0.72,3
0.59,0.97,3
0.59,0.96,3
0.59,0.94,3
0.59,0.81,3
-1.45,1.45,3
1.83,1.17,3
1.83,1.09,3
-0.4,0.95,3
-3.0,1.32,3
-1.35,1.43,3
1.83,1.39,3
1.83,1.35,3
-1.38,1.55,3
-2.7,0.84,3
3.0,0.93,3
3.0,0.92,3
3.0,0.9,3
0.59,1.14,3
0.59,1.1,3
0.6,0.8,3
-2.61,0.79,3
-2.7,0.79,3
1.54,1.37,3
0.3,1.0,3
-2.0,1.32,3
-1.35,1.38,3
-2.0,1.41,3
0.24,1.1,3
0.24,1.09,3
0.24,1.0,3
1.84,1.07,3
1.84,1.03,3
1.84,0.98,3
-2.43,1.18,3
2.99,0.84,3
-2.42,1.06,3
0.59,0.88,3
0.59,0.82,3
1.84,0.96,3
0.24,0.99,3
0.25,0.93,3
0.3,1.01,3
1.54,1.27,3
1.54,1.26,3
1.84,1.28,3
-2.42,0.99,3
0.6,0.94,3
0.6,0.92,3
0.45,0.88,3
2.99,1.05,3
2.99,1.03,3
1.84,1.14,3
1.54,1.11,3
1.54,1.58,3
1.54,1.03,3
-1.89,0.98,3
-0.41,0.93,3
1.54,1.08,3
1.54,1.04,3
-0.3,0.9,3
1.54,1.31,3
-2.65,1.26,3
-0.98,1.01,3
-0.98,1.0,3
0.09,1.24,3
0.09,1.23,3
0.09,1.21,3
2.98,1.07,3
2.98,0.99,3
2.98,1.22,3
-1.25,1.23,3
-1.25,1.21,3
-2.0,1.22,3
-2.0,1.19,3
-2.0,1.13,3
-1.89,1.03,3
-0.41,0.94,3
2.98,1.14,3
0.09,1.04,3
0.09,1.03,3
0.09,0.99,3
0.09,0.94,3
0.6,0.89,3
0.6,0.86,3
0.24,0.9,3
0.24,0.82,3
-0.3,0.99,3
-1.34,1.1,3
-1.34,1.09,3
-2.0,1.02,3
-2.0,0.94,3
-2.0,0.9,3
-1.89,1.13,3
-1.89,1.12,3
1.85,1.23,3
1.85,1.16,3
0.61,0.78,3
-0.04,1.2,3
-0.04,1.19,3
2.98,0.95,3
2.98,0.93,3
2.98,0.92,3
2.98,0.88,3
2.98,0.86,3
0.6,1.15,3
0.6,1.13,3
-1.63,1.43,3
0.61,0.84,3
-0.04,0.89,3
0.61,1.15,3
0.09,0.92,3
0.09,0.88,3
-2.67,0.91,3
1.85,1.05,3
1.85,1.03,3
-1.54,1.0,3
-1.54,0.95,3
1.53,1.22,3
-3.0,1.02,3
1.85,1.31,3
1.53,1.1,3
1.53,1.45,3
1.53,1.04,3
1.53,1.02,3
-1.22,0.95,3
-2.42,1.12,3
-1.23,0.96,3
-3.13,0.94,3
-3.13,0.92,3
-3.13,0.83,3
0.61,0.87,3
-1.34,1.06,3
-3.0,1.13,3
1.53,1.3,3
1.53,1.28,3
-2.0,0.88,3
1.86,0.89,3
1.53,1.09,3
1.53,1.08,3
1.53,1.06,3
1.86,0.99,3
2.97,0.96,3
2.97,0.94,3
2.97,0.93,3
2.97,0.8,3
0.61,1.04,3
0.61,0.97,3
-0.04,1.1,3
2.97,1.1,3
-2.42,1.21,3
-2.01,1.47,3
1.86,1.14,3
0.04,0.96,3
-1.89,1.22,3
-1.89,1.21,3
1.86,1.39,3
-2.41,0.84,3
-2.41,0.83,3
-2.41,0.8,3
-1.08,0.88,3
-1.1,1.12,3
-1.63,1.1,3
2.97,1.02,3
1.86,1.31,3
1.86,1.19,3
-1.89,1.19,3
1.52,1.3,3
0.24,0.91,3
-2.72,1.1,3
1.52,1.12,3
1.52,1.09,3
-1.49,1.24,3
-0.71,0.96,3
2.96,1.15,3
0.62,0.82,3
-2.86,1.01,3
-2.86,1.0,3
1.52,1.01,3
1.52,0.97,3
1.52,1.37,3
1.52,1.34,3
1.52,1.2,3
1.52,1.22,3
1.52,1.21,3
0.02,1.32,3
-0.42,1.06,3
-0.98,0.84,3
1.87,1.21,3
-1.14,1.44,3
-2.01,1.28,3
-2.01,1.25,3
-0.94,1.03,3
-0.94,1.01,3
1.87,1.17,3
1.87,1.13,3
-1.63,1.14,3
-1.63,1.12,3
2.96,1.09,3
-1.1,1.11,3
-1.48,0.9,3
-1.63,1.07,3
-1.63,1.05,3
0.62,0.97,3
0.62,1.21,3
0.62,0.89,3
-2.64,1.27,3
-1.63,1.03,3
-1.63,1.01,3
-1.63,1.15,3
1.87,1.07,3
1.87,1.06,3
-3.0,0.89,3
-3.0,0.83,3
1.52,1.19,3
1.52,1.18,3
1.51,1.47,3
-1.89,1.54,3
-0.29,0.82,3
1.87,1.27,3
1.87,1.25,3
-2.01,1.13,3
-2.01,1.09,3
0.04,1.19,3
0.04,1.13,3
1.87,1.19,3
1.51,1.32,3
1.51,1.31,3
-1.89,1.4,3
-0.71,1.14,3
-0.71,1.12,3
2.96,1.0,3
2.96,0.98,3
2.96,0.97,3
0.62,0.98,3
0.04,0.98,3
-3.0,0.96,3
1.87,1.33,3
-0.05,1.11,3
2.96,0.82,3
2.96,0.79,3
-0.71,1.25,3
-0.71,1.24,3
-1.63,0.99,3
2.96,0.89,3
1.51,1.16,3
1.51,1.12,3
-1.89,1.75,3
-1.89,1.74,3
1.51,1.05,3
1.51,1.34,3
1.51,0.98,3
-1.88,1.16,3
-2.78,0.88,3
-1.58,1.25,3
-0.71,1.04,3
-0.71,1.01,3
0.63,0.95,3
0.63,0.94,3
0.63,0.9,3
-2.41,1.06,3
-2.78,0.82,3
-0.29,0.98,3
1.51,1.3,3
1.51,1.29,3
-0.42,0.99,3
-0.42,0.98,3
-1.88,1.12,3
-1.88,1.11,3
-1.88,1.03,3
2.95,0.94,3
2.95,0.9,3
2.95,0.83,3
-2.5,1.12,3
-2.41,1.42,3
-3.13,1.11,3
-1.19,1.02,3
0.63,0.96,3
-0.29,1.04,3
-0.42,0.79,3
-2.01,1.02,3
-2.01,1.0,3
-2.77,1.03,3
-0.29,0.99,3
-2.86,0.88,3
-1.58,1.18,3
-3.13,1.01,3
-2.86,0.72,3
0.63,0.87,3
-0.29,0.94,3
-0.29,0.9,3
0.31,0.77,3
-0.29,1.09,3
-0.29,1.08,3
-1.88,1.22,3
1.88,0.99,3
-0.42,0.93,3
1.5,1.19,3
1.88,1.27,3
-2.55,0.8,3
-2.02,1.51,3
1.88,1.16,3
1.88,1.13,3
-1.88,1.25,3
-1.88,1.23,3
1.5,0.93,3
2.94,1.14,3
2.94,1.09,3
2.94,1.07,3
-3.13,1.07,3
-3.13,1.05,3
-0.43,1.27,3
-2.55,0.87,3
1.5,1.26,3
1.5,1.23,3
1.89,1.25,3
1.5,1.14,3
1.5,1.09,3
1.5,1.08,3
1.5,1.07,3
-1.88,1.45,3
-1.38,1.17,3
-1.38,1.16,3
-1.52,1.02,3
2.94,0.93,3
2.94,0.92,3
2.94,0.9,3
-3.13,1.0,3
0.04,1.22,3
1.89,1.16,3
1.89,1.15,3
1.89,1.14,3
1.89,1.09,3
1.5,0.9,3
-2.02,1.36,3
-2.02,1.12,3
0.64,0.89,3
0.64,0.85,3
-2.61,1.15,3
-2.61,1.13,3
-0.05,0.98,3
-2.61,0.99,3
0.65,0.86,3
-0.05,0.91,3
-0.05,0.84,3
-2.86,0.92,3
-2.61,0.96,3
-0.82,1.16,3
-0.94,1.07,3
-1.88,1.48,3
-1.38,1.3,3
-1.38,1.24,3
1.49,1.15,3
0.65,0.79,3
0.07,0.93,3
0.07,0.92,3
0.07,0.9,3
2.94,0.81,3
2.94,0.73,3
-2.02,1.05,3
-2.02,1.03,3
-0.99,1.26,3
-2.02,1.41,3
-0.99,1.1,3
-2.02,0.96,3
-2.61,1.09,3
-2.61,1.04,3
0.65,0.84,3
-0.05,0.79,3
-1.44,1.03,3
-0.43,0.97,3
-2.02,1.11,3
-2.02,1.06,3
1.49,1.32,3
-0.28,0.94,3
-0.43,0.81,3
-2.7,1.13,3
-2.7,1.12,3
-0.99,1.17,3
-0.99,1.14,3
-1.38,1.14,3
-1.38,1.13,3
-1.88,1.35,3
1.49,1.39,3
-0.43,0.87,3
-2.95,0.96,3
1.49,1.04,3
-2.4,0.88,3
-1.49,1.22,3
0.65,0.92,3
1.49,1.01,3
1.49,0.99,3
1.49,0.97,3
1.49,1.25,3
1.49,1.17,3
-2.95,0.91,3
-2.95,0.85,3
-2.95,0.83,3
-1.08,0.99,3
-1.08,0.97,3
-2.4,0.93,3
-2.4,0.91,3
0.65,1.14,3
-1.64,1.21,3
1.9,1.21,3
1.9,1.11,3
1.9,1.09,3
1.9,1.01,3
-0.28,1.01,3
-0.28,1.0,3
-0.28,0.97,3
0.23,1.09,3
1.48,1.47,3
1.48,1.31,3
1.48,1.3,3
0.1,0.94,3
2.93,1.01,3
2.93,1.0,3
2.93,0.96,3
0.66,0.9,3
-0.7,0.85,3
-2.4,0.95,3
-1.08,1.02,3
1.91,1.34,3
0.23,1.06,3
-0.77,0.93,3
1.91,1.08,3
-1.38,0.97,3
1.48,1.13,3
1.48,1.11,3
1.48,1.06,3
0.07,0.89,3
0.07,0.79,3
-1.64,1.02,3
-1.64,0.98,3
0.66,1.06,3
2.93,1.44,3
-1.87,1.01,3
1.91,1.16,3
1.91,1.13,3
1.91,1.11,3
-2.03,1.34,3
-2.03,1.32,3
-2.03,1.3,3
1.91,1.03,3
-2.03,0.91,3
1.91,1.25,3
-1.44,1.11,3
-1.44,1.09,3
2.93,0.86,3
0.66,1.16,3
0.66,1.12,3
-1.64,1.17,3
0.66,0.87,3
0.66,0.85,3
-1.64,1.1,3
2.93,1.08,3
0.31,1.07,3
-1.87,1.15,3
-1.87,1.13,3
0.31,0.92,3
1.48,1.17,3
-2.68,1.17,3
1.48,1.0,3
1.48,0.98,3
-1.64,1.07,3
-1.64,1.04,3
-2.4,1.14,3
0.66,1.05,3
0.66,1.04,3
0.66,1.0,3
1.48,0.96,3
-1.16,1.29,3
-2.03,1.2,3
-2.03,1.17,3
-1.87,1.19,3
1.47,1.33,3
-0.79,1.01,3
2.92,1.05,3
2.92,1.04,3
2.92,1.0,3
-1.64,1.15,3
-1.44,1.22,3
-1.34,1.28,3
0.23,0.99,3
0.23,0.97,3
0.23,0.96,3
-1.38,1.02,3
0.23,0.85,3
-1.34,1.18,3
-1.87,1.09,3
-1.87,1.08,3
-1.87,1.07,3
-1.87,1.05,3
0.23,0.9,3
0.23,0.87,3
-1.55,1.33,3
1.47,1.2,3
-1.44,1.2,3
2.92,0.83,3
0.44,0.97,3
-1.58,1.16,3
0.67,0.87,3
-0.7,1.19,3
-1.44,1.18,3
1.47,1.18,3
1.47,1.17,3
1.47,1.16,3
-1.87,1.36,3
-0.28,1.36,3
-1.38,1.07,3
1.47,1.24,3
1.47,1.23,3
2.92,0.78,3
2.91,0.97,3
2.91,0.92,3
-3.13,1.19,3
-0.99,1.04,3
-0.99,1.03,3
-0.99,0.99,3
-0.99,0.88,3
0.23,0.92,3
1.47,1.06,3
1.47,1.02,3
-1.87,1.39,3
-1.08,1.12,3
-1.65,1.1,3
-1.65,1.08,3
0.68,0.79,3
2.91,1.15,3
2.91,1.14,3
-0.7,1.1,3
1.92,1.24,3
1.92,1.16,3
1.92,1.13,3
1.92,1.09,3
1.93,0.9,3
1.92,1.38,3
1.92,1.25,3
-2.95,1.17,3
-2.39,0.86,3
-2.8,0.96,3
-1.65,1.23,3
0.44,1.01,3
-2.04,1.36,3
1.93,0.97,3
-2.95,1.08,3
-1.87,1.28,3
1.93,1.05,3
-2.04,1.15,3
-2.04,1.14,3
-2.04,1.13,3
1.93,1.21,3
-0.44,0.88,3
-0.44,0.87,3
1.93,1.19,3
1.46,1.17,3
1.46,1.08,3
1.94,1.12,3
1.94,1.11,3
-1.65,1.22,3
-1.65,1.2,3
2.9,1.11,3
2.9,1.08,3
0.1,1.19,3
-2.39,0.92,3
-2.39,0.9,3
1.94,1.09,3
1.94,1.05,3
1.94,0.97,3
-0.79,1.11,3
-1.87,1.85,3
-0.06,1.11,3
2.9,1.04,3
-2.5,0.92,3
-2.5,0.89,3
-2.8,0.99,3
-2.8,0.98,3
1.94,1.25,3
-0.44,0.86,3
-0.44,0.85,3
-0.44,0.74,3
1.46,0.9,3
1.94,1.52,3
-1.52,1.18,3
-1.52,1.13,3
-1.52,1.12,3
-2.04,1.26,3
-1.87,1.47,3
-2.04,0.96,3
-3.01,0.89,3
-3.01,0.84,3
-2.8,0.94,3
0.68,0.93,3
-2.39,1.01,3
-2.39,1.0,3
0.1,0.87,3
0.1,0.81,3
0.44,0.85,3
-0.06,1.13,3
-3.01,0.97,3
-1.52,1.07,3
-1.34,1.42,3
-2.95,1.3,3
1.45,1.16,3
1.45,1.15,3
-0.86,0.98,3
2.9,0.92,3
2.9,0.9,3
1.45,1.05,3
1.45,1.64,3
1.45,0.91,3
1.45,0.87,3
1.45,0.79,3
0.32,0.95,3
0.32,0.94,3
0.32,0.92,3
-1.86,1.03,3
-1.86,1.01,3
1.45,1.01,3
0.69,1.0,3
0.69,0.99,3
-2.8,0.86,3
-0.06,1.07,3
-0.86,1.09,3
-1.65,0.98,3
1.45,0.99,3
1.44,1.66,3
-2.04,1.09,3
-1.13,0.94,3
-1.13,0.92,3
1.95,1.1,3
1.95,1.09,3
1.95,1.03,3
1.95,0.95,3
1.95,0.89,3
1.95,0.87,3
-3.01,0.94,3
0.69,1.15,3
0.69,1.08,3
2.89,1.02,3
2.89,1.01,3
2.89,1.0,3
-2.81,0.95,3
1.44,1.43,3
1.44,1.39,3
-0.26,0.84,3
-0.26,0.76,3
0.23,0.7,3
1.95,1.27,3
1.95,1.26,3
1.95,1.24,3
1.95,1.23,3
1.95,1.21,3
1.95,1.16,3
1.95,1.13,3
1.44,1.14,3
-1.86,1.4,3
1.44,0.92,3
2.89,0.89,3
-0.06,0.77,3
0.7,0.93,3
0.69,1.25,3
0.69,0.85,3
0.69,0.84,3
2.89,0.95,3
1.96,1.03,3
0.23,0.81,3
1.44,1.09,3
1.44,1.07,3
1.44,1.05,3
-1.86,1.19,3
-1.86,1.18,3
2.88,0.9,3
2.88,0.85,3
-2.84,0.86,3
-0.93,0.94,3
-0.93,0.85,3
1.44,0.98,3
-1.86,1.11,3
1.96,0.94,3
-2.55,1.07,3
1.96,1.09,3
0.02,0.88,3
1.43,1.62,3
0.7,1.02,3
-1.49,1.07,3
-0.69,1.05,3
2.89,0.82,3
2.88,1.04,3
-0.45,0.93,3
1.96,1.32,3
1.96,1.01,3
1.43,1.33,3
-3.01,0.79,3
1.96,1.44,3
-2.05,1.37,3
-0.45,1.04,3
-1.0,1.33,3
-1.0,1.07,3
-1.86,1.37,3
-1.86,1.32,3
1.43,1.36,3
-2.87,1.14,3
0.7,0.78,3
0.7,1.01,3
0.7,1.0,3
0.7,0.99,3
2.88,0.74,3
-2.87,1.05,3
0.7,1.09,3
1.43,1.11,3
-0.45,0.83,3
-0.45,0.81,3
-2.63,1.04,3
1.43,1.25,3
1.43,1.01,3
1.43,0.97,3
1.43,0.96,3
-2.38,0.91,3
-2.38,0.9,3
-2.38,0.78,3
-0.69,0.88,3
-0.45,0.79,3
-2.05,1.17,3
-0.26,1.08,3
1.97,0.83,3
-2.05,1.25,3
-2.05,1.14,3
-2.05,1.11,3
1.97,1.09,3
1.97,1.07,3
1.97,1.04,3
1.97,1.4,3
1.97,0.91,3
-1.85,1.15,3
-1.85,1.08,3
0.71,0.83,3
0.71,0.81,3
-2.87,1.08,3
2.87,1.02,3
2.87,0.99,3
2.87,0.84,3
0.1,1.09,3
0.1,1.06,3
0.1,1.03,3
-2.05,0.96,3
0.22,1.12,3
-1.33,1.01,3
-1.33,0.98,3
-1.86,1.75,3
1.97,1.38,3
-1.21,1.03,3
1.42,1.29,3
-1.1,0.85,3
-2.38,1.05,3
-2.38,0.99,3
0.71,1.15,3
0.71,1.11,3
0.71,0.93,3
0.71,0.88,3
-2.05,0.85,3
-2.05,1.08,3
-1.85,1.2,3
-1.85,1.16,3
0.32,1.1,3
1.98,1.16,3
2.87,0.95,3
2.87,0.91,3
2.87,0.88,3
-2.38,1.32,3
-1.66,1.19,3
-1.66,1.11,3
2.87,0.79,3
1.98,1.14,3
1.98,1.13,3
1.98,1.07,3
1.98,1.04,3
1.98,1.03,3
0.22,1.05,3
0.32,1.01,3
2.86,1.03,3
-0.69,1.08,3
-0.69,1.07,3
-0.06,0.76,3
1.42,1.05,3
1.42,1.03,3
1.42,1.01,3
1.42,1.38,3
1.98,1.28,3
1.42,0.96,3
-1.39,1.26,3
-1.16,1.03,3
-1.16,1.02,3
-0.46,1.14,3
-0.46,1.02,3
-0.26,1.19,3
-0.26,1.11,3
2.86,1.0,3
2.86,0.99,3
2.86,0.87,3
0.72,0.82,3
1.99,0.86,3
-0.46,1.17,3
-1.85,1.37,3
-1.85,1.33,3
1.99,0.91,3
-1.0,1.01,3
-1.0,0.98,3
1.99,1.3,3
1.99,1.27,3
-1.0,0.94,3
-0.93,1.13,3
-0.93,1.06,3
-2.06,1.28,3
-2.37,0.95,3
-2.37,0.91,3
-2.37,0.86,3
-0.86,0.93,3
-0.86,0.9,3
-0.86,0.88,3
-1.66,1.25,3
1.99,1.22,3
1.99,1.13,3
1.99,1.01,3
1.41,1.23,3
1.41,1.17,3
1.41,1.15,3
-1.26,1.4,3
-1.26,1.25,3
2.85,1.03,3
0.72,1.33,3
0.72,0.71,3
1.41,1.13,3
1.41,1.11,3
-0.46,0.91,3
-0.46,0.9,3
-0.46,0.86,3
-0.46,0.84,3
1.41,1.56,3
1.41,1.43,3
0.33,0.85,3
1.41,1.02,3
1.41,0.99,3
1.41,0.97,3
2.85,0.99,3
2.85,0.98,3
-2.37,1.29,3
-0.07,0.92,3
0.73,0.99,3
0.72,0.9,3
-2.06,1.1,3
-2.06,1.08,3
-2.06,1.04,3
-2.06,0.98,3
1.41,1.09,3
1.41,1.07,3
1.41,1.05,3
1.41,1.04,3
2.0,1.12,3
0.22,0.89,3
-1.52,1.38,3
-0.46,0.83,3
-1.33,1.25,3
-1.39,1.41,3
-2.5,0.78,3
-1.1,0.96,3
0.73,0.83,3
-1.66,1.07,3
-0.07,0.86,3
-0.07,1.09,3
0.22,1.23,3
2.0,1.11,3
2.0,1.04,3
2.0,0.97,3
-2.06,1.49,3
-2.06,1.41,3
2.85,0.95,3
2.85,0.93,3
2.85,0.92,3
-0.68,0.96,3
-0.68,0.92,3
-0.68,0.9,3
-0.68,0.89,3
2.84,0.99,3
-1.1,0.94,3
0.73,0.97,3
0.73,0.96,3
0.73,0.94,3
-1.19,1.2,3
-1.85,1.43,3
2.0,1.3,3
2.0,1.29,3
2.0,1.25,3
1.4,1.19,3
1.4,1.15,3
1.4,1.13,3
-2.94,0.88,3
0.43,1.08,3
-0.07,0.98,3
-0.07,0.97,3
-3.02,0.99,3
-3.02,0.95,3
1.4,1.08,3
1.4,1.07,3
1.4,1.04,3
1.4,0.98,3
1.4,1.35,3
-0.8,0.74,3
-1.33,1.19,3
-0.77,1.11,3
-0.25,0.98,3
-0.25,0.93,3
-0.25,0.91,3
-1.49,1.15,3
-1.07,0.97,3
-2.87,0.95,3
-1.49,1.14,3
-0.25,0.87,3
-2.06,0.97,3
-2.06,0.93,3
-1.55,1.13,3
-1.55,1.1,3
-1.33,1.08,3
2.01,1.13,3
2.01,1.12,3
-1.07,0.91,3
-1.07,0.89,3
-2.74,1.03,3
-0.68,1.19,3
-0.68,1.15,3
-2.87,0.88,3
-2.87,0.87,3
-2.87,0.78,3
-1.19,1.09,3
2.01,0.99,3
2.01,1.35,3
2.01,1.34,3
-1.33,1.16,3
-0.25,1.13,3
2.02,0.9,3
2.02,1.15,3
2.02,1.13,3
2.02,1.1,3
-3.12,0.86,3
2.83,1.0,3
2.83,0.92,3
0.74,0.95,3
2.02,1.03,3
2.02,1.01,3
-1.84,1.01,3
1.39,1.1,3
-1.33,1.28,3
2.02,1.35,3
2.02,1.28,3
2.02,1.24,3
2.02,0.99,3
2.02,0.95,3
-0.25,1.1,3
-0.25,1.08,3
-0.93,1.23,3
2.02,1.16,3
-3.12,0.92,3
0.11,1.04,3
0.11,1.03,3
0.75,0.87,3
-1.67,1.37,3
-1.67,1.36,3
-1.67,1.33,3
0.74,1.12,3
-1.19,1.05,3
-2.07,1.26,3
-2.07,1.22,3
-2.07,1.19,3
-2.07,1.16,3
-1.33,1.33,3
-1.16,1.11,3
1.39,1.23,3
-1.84,1.1,3
-2.94,1.2,3
2.83,0.86,3
-2.74,1.11,3
2.82,1.0,3
0.75,1.15,3
0.74,0.85,3
-3.12,0.96,3
2.03,1.09,3
1.39,1.46,3
-2.07,1.38,3
-2.07,1.36,3
2.82,0.98,3
2.82,0.95,3
2.83,0.83,3
-2.36,1.17,3
2.82,0.85,3
0.74,1.1,3
0.74,1.08,3
1.39,1.0,3
1.39,0.97,3
-1.84,1.5,3
-1.84,1.17,3
-2.94,1.06,3
2.03,1.17,3
0.22,0.94,3
1.38,1.56,3
0.33,0.93,3
0.33,1.2,3
-1.13,1.03,3
-1.44,1.27,3
-2.36,1.07,3
2.82,1.15,3
2.82,1.04,3
-1.26,1.07,3
0.76,0.97,3
0.76,0.96,3
0.76,0.94,3
0.75,1.02,3
0.75,0.98,3
-1.13,1.0,3
-2.68,0.95,3
-0.47,0.98,3
1.38,1.26,3
-3.12,1.14,3
-3.12,1.13,3
2.82,0.94,3
2.82,0.93,3
2.82,0.92,3
2.82,0.88,3
-1.67,1.11,3
-1.67,1.09,3
1.38,1.21,3
1.38,1.07,3
-2.07,1.03,3
-2.07,0.98,3
-2.07,0.95,3
-2.07,1.09,3
-2.07,1.08,3
-1.13,1.04,3
0.33,1.01,3
0.33,0.96,3
-1.39,1.15,3
-1.39,1.13,3
-1.67,1.24,3
-1.67,1.23,3
0.76,1.03,3
0.76,0.99,3
0.76,1.2,3
0.76,1.11,3
0.76,1.08,3
-2.81,1.25,3
-0.47,1.01,3
-2.08,1.42,3
-2.08,1.37,3
-1.46,0.94,3
-1.39,1.11,3
1.38,1.19,3
1.38,1.16,3
-1.26,1.15,3
-1.26,1.14,3
-1.21,1.27,3
-3.12,1.12,3
-2.35,1.02,3
-0.84,1.17,3
-1.67,1.28,3
-1.67,1.27,3
1.38,1.15,3
-2.07,0.82,3
2.04,0.9,3
2.04,0.89,3
1.38,0.97,3
-1.39,1.16,3
-1.67,0.95,3
-1.67,1.07,3
-3.12,0.99,3
2.81,0.92,3
-0.47,0.89,3
-0.47,0.82,3
-0.47,0.75,3
-2.08,1.51,3
2.04,0.99,3
2.04,0.95,3
0.21,1.0,3
0.21,0.98,3
2.04,1.13,3
-2.35,1.05,3
2.8,0.94,3
-2.35,0.99,3
-2.35,0.97,3
-2.35,0.96,3
-2.35,0.91,3
-2.35,0.88,3
-2.8,1.14,3
2.04,1.06,3
2.04,1.03,3
1.37,1.18,3
1.37,1.17,3
1.37,1.1,3
-0.79,0.99,3
-2.58,1.22,3
-0.79,0.93,3
-0.79,0.85,3
1.37,1.0,3
1.37,1.33,3
2.8,0.99,3
2.79,1.08,3
2.8,0.76,3
-1.68,1.4,3
0.77,1.1,3
-2.35,0.79,3
-1.32,1.12,3
-1.32,1.11,3
-1.32,1.06,3
-1.32,1.04,3
1.37,1.08,3
1.37,1.07,3
-1.56,1.61,3
2.79,0.9,3
2.79,0.87,3
0.77,0.96,3
0.77,0.9,3
-0.08,1.02,3
0.77,0.89,3
0.77,0.86,3
-2.08,1.27,3
-2.08,1.23,3
2.05,1.09,3
2.05,0.99,3
2.05,0.97,3
2.05,0.96,3
-2.08,1.17,3
-2.94,1.36,3
-2.94,1.3,3
-0.67,1.04,3
2.79,1.03,3
0.43,1.0,3
0.43,0.96,3
2.79,0.95,3
-2.08,1.33,3
-2.08,1.32,3
-3.03,1.1,3
2.05,1.16,3
-1.32,1.0,3
1.36,1.09,3
-2.08,1.03,3
-2.08,0.89,3
-2.08,1.12,3
-2.08,1.11,3
2.05,1.1,3
-2.34,0.87,3
-2.34,0.83,3
0.78,0.9,3
-0.08,1.13,3
-0.08,0.99,3
-2.62,0.94,3
-0.48,1.07,3
-1.83,1.02,3
0.01,1.21,3
0.01,1.19,3
-0.24,0.92,3
-0.24,0.91,3
2.06,0.86,3
2.06,1.05,3
1.36,1.08,3
-0.24,0.81,3
-0.24,0.8,3
-1.39,1.01,3
-1.39,1.0,3
-0.24,0.89,3
2.78,0.96,3
-2.66,0.87,3
-0.67,0.91,3
-0.67,1.18,3
-0.67,1.14,3
-0.24,0.88,3
-0.24,0.85,3
1.36,0.96,3
1.35,1.26,3
2.06,1.0,3
-1.83,1.15,3
-2.68,0.84,3
-1.13,1.26,3
0.34,0.87,3
-2.34,1.12,3
-2.69,1.05,3
2.78,0.94,3
2.78,0.93,3
2.78,0.99,3
1.35,1.29,3
-2.54,0.79,3
0.21,0.66,3
-1.51,0.91,3
2.06,1.01,3
-0.48,0.85,3
-0.48,0.8,3
-0.48,0.77,3
2.06,1.2,3
-1.55,0.93,3
-0.24,1.08,3
-0.24,1.07,3
0.34,0.9,3
-2.54,0.86,3
2.07,1.19,3
-2.34,1.01,3
-2.34,0.96,3
-1.68,1.22,3
0.77,1.21,3
2.07,1.18,3
2.07,1.16,3
-1.51,0.87,3
2.07,1.07,3
-0.48,0.73,3
2.07,0.93,3
1.35,1.13,3
-1.83,1.27,3
-1.83,1.26,3
-1.83,1.24,3
-1.68,1.1,3
2.77,1.2,3
-0.81,0.81,3
0.12,1.18,3
-1.68,1.05,3
0.79,1.03,3
0.79,1.02,3
-1.68,1.04,3
-1.68,1.03,3
-1.68,0.97,3
-1.83,1.39,3
-2.76,0.88,3
2.07,1.11,3
-1.17,1.32,3
2.77,0.95,3
2.77,0.93,3
2.77,0.9,3
0.43,0.91,3
0.79,0.99,3
0.79,0.98,3
0.79,0.95,3
0.79,0.86,3
-0.08,0.97,3
-0.08,0.84,3
0.2,1.14,3
0.2,1.06,3
-3.03,1.06,3
-3.03,1.03,3
2.08,1.03,3
2.08,1.0,3
-0.08,0.76,3
-2.34,1.23,3
-2.34,1.2,3
0.12,0.82,3
-1.68,0.89,3
2.77,0.96,3
2.08,0.98,3
2.08,1.14,3
0.2,1.2,3
1.34,1.55,3
1.34,1.1,3
2.08,1.16,3
-2.09,1.25,3
-2.09,1.21,3
1.34,1.03,3
1.34,0.85,3
-2.58,0.99,3
2.77,0.7,3
-2.64,0.97,3
-2.64,0.95,3
0.79,0.93,3
0.79,0.92,3
0.79,0.88,3
-0.08,0.77,3
-2.09,1.14,3
-2.09,1.12,3
-2.09,1.11,3
2.09,0.87,3
-1.4,1.52,3
-2.58,0.98,3
0.06,1.08,3
-2.33,0.98,3
-2.33,0.93,3
-0.66,0.99,3
0.8,1.05,3
0.8,1.04,3
-0.66,0.89,3
0.8,0.8,3
-2.58,0.97,3
-1.32,1.25,3
-2.09,1.27,3
2.09,1.21,3
2.09,1.12,3
-1.01,1.09,3
-2.09,0.88,3
2.09,1.07,3
2.09,0.96,3
-1.01,1.04,3
0.2,0.95,3
0.2,0.91,3
-1.32,1.29,3
1.33,1.09,3
0.8,0.95,3
-2.6,0.97,3
2.76,0.89,3
2.76,0.84,3
0.12,1.05,3
0.12,0.99,3
-0.49,1.0,3
2.1,0.84,3
-2.09,0.87,3
-0.49,0.99,3
-2.58,0.89,3
-3.03,0.89,3
-3.03,0.88,3
-3.03,0.85,3
-2.09,1.05,3
2.1,1.08,3
-2.88,1.16,3
-2.88,1.12,3
-2.64,0.89,3
-1.43,0.99,3
-0.87,1.02,3
-0.87,1.01,3
2.1,1.02,3
2.1,1.0,3
-2.09,0.98,3
0.34,1.12,3
-0.23,0.84,3
1.33,1.23,3
1.33,1.16,3
0.8,0.92,3
-2.33,1.04,3
-2.74,0.79,3
-0.66,1.12,3
-0.66,1.02,3
2.75,1.04,3
-2.88,1.21,3
-2.88,1.17,3
0.34,1.0,3
-2.09,0.86,3
-3.03,0.91,3
1.33,1.05,3
-1.82,1.15,3
2.75,1.01,3
2.75,0.99,3
-1.19,1.34,3
-1.19,1.25,3
0.42,0.98,3
0.42,0.97,3
0.42,0.93,3
0.42,0.9,3
0.42,0.89,3
2.1,1.12,3
-0.49,0.93,3
2.1,0.97,3
-0.23,0.91,3
-1.82,1.42,3
2.11,1.0,3
2.11,0.88,3
-1.47,1.14,3
-0.23,1.03,3
-1.82,1.17,3
-1.82,1.31,3
-1.82,1.27,3
-1.82,1.2,3
-1.82,1.19,3
2.75,0.95,3
2.75,0.77,3
-3.11,0.69,3
0.81,0.82,3
0.81,0.69,3
-2.6,0.87,3
-2.6,0.83,3
-0.87,0.96,3
-1.82,1.23,3
2.11,1.16,3
-2.1,1.32,3
1.32,1.26,3
1.32,1.21,3
-2.74,0.95,3
-2.74,0.92,3
-2.74,0.9,3
-2.51,1.01,3
0.12,1.23,3
-1.69,1.35,3
0.81,0.94,3
-2.1,1.18,3
-2.1,1.11,3
2.11,1.26,3
0.34,1.21,3
-1.01,0.93,3
-0.77,1.23,3
1.32,1.37,3
1.32,1.15,3
1.32,1.08,3
1.32,0.99,3
1.32,1.23,3
2.74,0.96,3
2.74,0.92,3
0.81,1.11,3
-1.69,1.55,3
0.81,0.97,3
-1.43,0.96,3
2.12,0.89,3
-2.1,0.9,3
-2.1,1.06,3
-1.56,1.27,3
-2.69,1.08,3
-2.69,1.07,3
-2.51,1.2,3
-2.32,0.84,3
-2.66,0.83,3
-2.63,0.94,3
0.81,0.85,3
2.74,1.06,3
-2.93,0.99,3
-2.93,0.98,3
2.12,1.08,3
2.12,1.04,3
1.32,0.93,3
1.31,1.34,3
2.12,0.97,3
2.12,0.95,3
2.12,0.94,3
2.12,0.92,3
-3.04,1.29,3
2.12,1.27,3
2.13,1.06,3
2.13,1.03,3
-0.82,1.26,3
0.81,1.14,3
2.73,0.96,3
2.73,0.92,3
2.74,0.87,3
2.74,0.82,3
-2.54,0.93,3
-2.93,0.97,3
1.31,1.39,3
-0.92,1.02,3
1.31,1.16,3
-1.21,0.9,3
2.13,1.0,3
0.82,0.89,3
-1.69,1.47,3
-1.69,1.46,3
0.82,1.23,3
0.82,1.2,3
0.82,1.16,3
0.82,1.11,3
-1.69,1.38,3
0.82,1.0,3
-2.62,1.07,3
2.13,0.97,3
2.13,0.94,3
2.13,0.9,3
-1.82,1.45,3
-1.4,1.41,3
1.31,0.99,3
-0.83,1.05,3
-0.83,1.04,3
2.73,0.82,3
2.73,0.78,3
-2.32,1.06,3
-2.32,1.05,3
-2.32,1.03,3
-2.32,1.0,3
-2.32,0.99,3
-2.32,0.9,3
2.72,1.0,3
0.82,0.92,3
0.82,0.9,3
-2.88,0.99,3
-2.72,0.98,3
-2.72,0.96,3
0.83,0.99,3
0.83,0.94,3
0.83,0.91,3
2.73,1.04,3
-0.65,0.88,3
-2.93,0.89,3
-0.92,1.04,3
2.14,0.99,3
2.14,1.12,3
1.31,1.14,3
-0.22,0.89,3
-0.22,0.84,3
-1.81,1.13,3
-0.92,1.06,3
-1.81,0.95,3
-0.65,1.06,3
-0.65,1.02,3
0.83,1.1,3
-2.32,1.25,3
2.72,1.21,3
-1.69,1.19,3
-0.22,1.02,3
1.3,1.54,3
-2.11,1.19,3
2.14,1.08,3
2.14,1.05,3
-2.11,1.12,3
-2.11,1.1,3
2.15,1.03,3
2.15,0.98,3
-3.04,0.97,3
1.3,0.99,3
2.72,0.91,3
2.72,0.89,3
2.72,0.88,3
-0.09,1.02,3
0.83,0.85,3
2.15,1.12,3
2.15,1.08,3
-1.51,1.08,3
-1.51,1.01,3
-1.17,1.12,3
-1.17,1.11,3
0.35,0.8,3
-1.81,1.23,3
0.01,1.15,3
1.3,1.16,3
1.3,1.15,3
-1.17,1.25,3
-2.79,1.25,3
2.71,1.03,3
2.71,0.97,3
-1.69,1.1,3
-3.11,1.09,3
-3.11,1.05,3
-3.11,1.03,3
-3.11,0.98,3
-0.5,1.11,3
-0.5,1.03,3
-0.5,1.0,3
-0.5,0.97,3
-0.5,0.96,3
-0.5,0.91,3
2.16,0.86,3
2.71,0.96,3
2.71,0.92,3
2.71,0.84,3
-2.88,1.1,3
-1.17,1.09,3
-1.81,1.25,3
-2.93,1.16,3
-1.31,1.1,3
-1.31,1.08,3
-2.11,1.03,3
-2.11,0.97,3
-3.04,0.8,3
2.16,0.96,3
2.16,0.94,3
-2.79,1.11,3
-2.93,1.12,3
-2.93,1.1,3
-1.69,1.0,3
-1.69,0.96,3
0.83,1.36,3
-0.09,0.86,3
-0.09,0.85,3
-0.09,0.84,3
-0.09,0.83,3
-1.69,1.08,3
-1.69,1.06,3
-1.46,1.42,3
1.29,1.24,3
2.16,1.1,3
2.16,1.09,3
2.16,1.07,3
-1.31,1.12,3
1.29,1.12,3
-1.02,1.08,3
-0.65,1.08,3
-1.49,1.02,3
-1.49,0.96,3
0.84,0.86,3
-3.11,0.93,3
-1.27,1.14,3
-1.27,1.11,3
-1.69,1.01,3
-0.87,0.91,3
-1.02,1.06,3
-1.02,1.05,3
2.16,1.05,3
2.16,1.03,3
-1.81,1.51,3
-1.49,0.95,3
0.13,0.88,3
-2.31,1.04,3
-1.69,1.13,3
0.84,1.05,3
2.17,0.98,3
2.17,0.93,3
2.17,0.89,3
-2.68,1.01,3
-2.68,1.0,3
1.29,1.21,3
1.29,1.2,3
1.29,1.15,3
2.17,1.0,3
-1.02,1.16,3
1.29,1.09,3
-2.88,0.91,3
-2.88,0.9,3
-2.88,0.89,3
0.84,1.0,3
0.84,0.99,3
0.84,0.84,3
-1.69,0.95,3
1.29,1.06,3
1.29,1.03,3
-2.82,0.95,3
-2.82,0.93,3
-2.82,0.9,3
1.28,1.43,3
2.7,1.13,3
2.7,0.98,3
0.85,1.15,3
0.85,1.12,3
0.84,1.15,3
0.84,1.14,3
-1.4,1.1,3
-1.51,1.12,3
-1.51,1.11,3
2.17,1.12,3
2.17,1.11,3
2.17,1.09,3
-0.21,0.67,3
-0.22,1.1,3
-2.12,1.33,3
-1.51,1.17,3
1.28,1.05,3
1.28,1.03,3
-1.8,1.09,3
2.7,0.86,3
2.7,0.84,3
-0.75,0.84,3
-1.46,1.09,3
0.85,1.03,3
0.84,1.17,3
-2.31,0.88,3
-2.12,1.06,3
-2.12,1.02,3
2.18,0.91,3
2.18,0.86,3
0.01,1.1,3
0.01,1.07,3
-0.64,0.81,3
-1.27,1.2,3
0.41,1.1,3
0.41,1.16,3
-2.88,0.88,3
2.7,0.95,3
2.18,1.15,3
2.18,1.09,3
-2.12,1.14,3
-2.12,1.11,3
1.28,1.15,3
-0.21,1.0,3
-0.21,0.88,3
-0.21,0.87,3
-1.8,1.05,3
1.28,1.18,3
2.69,1.03,3
2.69,1.0,3
-2.63,0.98,3
-2.63,0.96,3
-1.43,1.16,3
0.85,0.95,3
0.85,0.92,3
-1.43,1.08,3
0.19,1.03,3
0.19,0.91,3
2.18,1.05,3
2.18,1.02,3
-1.31,1.3,3
2.19,1.17,3
2.19,0.94,3
2.19,0.88,3
-1.17,1.28,3
1.27,1.36,3
0.86,0.97,3
-2.31,1.25,3
2.69,1.18,3
2.69,1.05,3
2.2,1.12,3
-2.93,1.24,3
-0.21,0.85,3
1.27,1.08,3
1.27,1.07,3
2.2,0.98,3
2.2,0.96,3
2.2,0.91,3
2.2,0.81,3
1.27,0.99,3
1.27,0.98,3
-1.18,0.99,3
-2.31,1.06,3
-2.51,0.83,3
2.69,0.96,3
2.69,0.93,3
2.69,0.9,3
-1.43,1.11,3
0.86,1.03,3
0.86,1.01,3
-1.8,1.2,3
-1.8,1.18,3
1.27,1.2,3
1.27,1.14,3
-1.8,1.12,3
-1.31,1.15,3
-1.7,1.21,3
0.86,0.9,3
-2.31,1.17,3
-2.31,1.14,3
-1.27,0.91,3
-2.31,1.1,3
-1.02,0.92,3
-1.02,0.9,3
2.2,1.19,3
-3.05,1.2,3
2.2,1.08,3
2.2,1.42,3
-2.13,0.99,3
0.05,0.81,3
-1.47,1.22,3
-1.31,1.22,3
-1.31,1.21,3
1.26,1.52,3
2.21,1.01,3
2.68,0.95,3
2.68,0.94,3
0.87,1.0,3
2.69,0.83,3
2.68,1.17,3
-1.02,0.99,3
-2.13,0.9,3
-1.47,1.17,3
1.26,1.02,3
-2.14,1.2,3
-1.56,1.21,3
1.26,1.41,3
1.26,1.26,3
1.26,1.24,3
-1.8,1.46,3
-1.8,1.43,3
0.35,1.04,3
0.35,1.0,3
1.26,1.08,3
-0.64,1.0,3
2.68,1.01,3
-0.64,0.91,3
-1.7,1.14,3
-1.7,1.33,3
-1.43,1.05,3
1.26,1.05,3
-0.52,1.01,3
2.21,1.12,3
2.21,1.11,3
-0.52,1.09,3
0.87,0.82,3
0.87,0.81,3
0.87,0.69,3
-1.7,0.99,3
0.41,1.01,3
0.41,0.98,3
0.41,0.94,3
0.19,0.85,3
0.19,0.82,3
-0.52,0.97,3
-0.52,0.91,3
-1.4,0.99,3
-3.05,1.02,3
-2.14,1.12,3
-2.14,1.03,3
2.22,0.92,3
1.25,1.2,3
1.25,1.17,3
1.25,1.16,3
-2.51,0.9,3
2.68,0.88,3
0.13,0.93,3
0.13,0.91,3
0.87,1.21,3
-2.62,0.83,3
-2.62,0.8,3
1.25,1.11,3
1.25,1.09,3
1.25,1.08,3
1.25,1.23,3
-0.2,0.79,3
-0.2,0.76,3
-1.4,1.0,3
1.25,1.07,3
1.25,1.04,3
-0.91,1.2,3
-2.3,1.01,3
2.67,1.01,3
2.67,0.99,3
0.41,0.87,3
-1.4,1.05,3
0.18,1.24,3
-3.05,1.06,3
-1.56,1.08,3
-1.56,1.06,3
-1.56,0.98,3
-0.91,1.0,3
-0.91,0.97,3
-1.79,1.11,3
1.25,1.14,3
-0.2,0.86,3
-0.2,0.85,3
-0.2,0.8,3
-1.56,1.2,3
-1.56,1.14,3
0.88,1.0,3
0.88,0.99,3
0.88,0.98,3
0.88,0.94,3
-0.88,1.23,3
0.88,0.83,3
0.88,0.79,3
-1.2,1.11,3
-0.1,0.99,3
-1.7,1.07,3
-0.1,0.92,3
2.67,0.97,3
2.67,0.96,3
2.67,0.94,3
-2.3,0.81,3
0.13,1.03,3
0.13,1.02,3
0.13,1.0,3
2.67,0.8,3
-0.1,0.86,3
0.88,1.04,3
-1.79,1.26,3
0.19,0.67,3
2.23,0.99,3
2.23,0.96,3
2.23,0.94,3
-2.14,1.17,3
-0.2,0.95,3
-0.2,0.9,3
-0.2,0.88,3
0.88,0.88,3
2.67,1.12,3
2.67,1.05,3
-2.3,1.3,3
-2.6,1.18,3
-1.2,1.02,3
-1.2,1.0,3
-1.2,0.97,3
-1.57,0.9,3
2.23,1.21,3
2.23,1.12,3
-2.14,1.0,3
-2.14,0.99,3
0.18,1.15,3
-0.2,0.81,3
2.24,0.86,3
2.67,0.85,3
2.66,1.02,3
2.66,0.98,3
0.41,1.02,3
-1.31,1.39,3
-2.14,0.96,3
2.23,1.3,3
-1.79,1.22,3
-1.79,1.21,3
-1.79,1.2,3
0.14,0.78,3
0.06,1.0,3
-0.64,1.16,3
-2.74,0.72,3
2.65,1.05,3
-2.15,1.31,3
2.24,0.94,3
-2.92,0.77,3
1.24,1.29,3
1.24,1.05,3
0.18,0.95,3
-3.05,0.91,3
-3.05,0.81,3
-3.05,0.8,3
1.24,1.26,3
1.24,1.19,3
0.18,0.89,3
-1.79,1.46,3
0.89,1.06,3
0.89,0.97,3
0.89,0.93,3
0.89,0.88,3
2.66,0.95,3
2.66,0.94,3
2.66,0.84,3
2.66,0.76,3
-1.79,1.37,3
1.24,1.1,3
-0.2,1.03,3
0.36,0.85,3
0.36,0.82,3
1.23,1.17,3
1.23,1.12,3
-2.15,1.16,3
-2.15,1.14,3
-2.15,1.09,3
-2.15,1.08,3
-2.15,1.07,3
-2.15,1.04,3
-0.19,0.77,3
-0.53,1.05,3
2.65,1.08,3
-1.06,0.9,3
0.89,1.13,3
0.9,0.87,3
0.9,0.86,3
-1.71,1.5,3
-1.43,1.41,3
-1.06,0.78,3
2.65,1.0,3
2.65,0.95,3
2.65,0.83,3
2.65,0.81,3
-0.63,0.96,3
-0.63,0.95,3
2.25,1.05,3
2.25,1.01,3
-2.15,0.81,3
2.25,0.93,3
1.23,1.29,3
1.23,1.23,3
-0.53,0.8,3
2.26,0.99,3
1.23,1.11,3
-0.19,0.82,3
1.23,1.06,3
-0.19,0.86,3
-0.19,0.85,3
0.9,1.03,3
-0.63,0.85,3
-0.63,0.81,3
-2.29,0.97,3
0.06,0.86,3
0.9,0.92,3
0.89,1.03,3
-1.06,0.84,3
-0.19,0.83,3
0.18,1.04,3
2.26,0.92,3
2.26,0.91,3
2.26,0.88,3
2.26,0.87,3
-2.15,0.98,3
-1.46,1.11,3
-1.71,1.42,3
-3.1,0.73,3
-1.57,1.0,3
-1.2,1.13,3
-1.71,1.35,3
0.05,0.86,3
-2.71,1.2,3
-2.71,1.1,3
1.22,1.31,3
-2.53,0.92,3
-2.53,0.87,3
2.26,1.29,3
1.22,1.69,3
0.9,0.94,3
-3.1,0.83,3
-3.1,0.8,3
0.06,0.99,3
0.06,0.94,3
0.06,0.92,3
0.06,0.88,3
-0.63,1.1,3
-1.71,1.21,3
-2.66,1.13,3
-1.03,1.23,3
-1.03,1.16,3
1.22,1.42,3
-2.16,1.1,3
-2.16,1.04,3
-2.16,1.03,3
2.27,1.44,3
1.22,1.27,3
-1.78,1.08,3
-1.78,1.07,3
1.22,1.14,3
2.64,0.95,3
2.64,0.75,3
-1.2,1.12,3
-1.71,1.19,3
-1.71,1.16,3
0.9,0.98,3
-1.78,1.03,3
-1.78,1.02,3
1.22,1.04,3
1.22,1.03,3
1.22,1.0,3
1.22,0.99,3
-1.78,0.86,3
-1.78,0.96,3
-1.78,1.25,3
-1.78,1.21,3
-1.28,1.23,3
2.63,1.0,3
2.63,0.99,3
-2.89,1.22,3
-0.63,1.07,3
-0.88,1.02,3
-0.88,0.95,3
-1.78,1.12,3
-1.78,1.1,3
0.01,0.81,3
-0.19,0.96,3
-0.19,0.92,3
-0.19,0.91,3
2.28,0.98,3
-1.17,0.97,3
2.63,0.93,3
2.63,0.88,3
2.63,0.87,3
2.63,0.84,3
0.91,1.0,3
0.91,0.92,3
-1.17,0.9,3
0.01,0.94,3
0.01,0.84,3
-2.16,0.87,3
2.28,1.13,3
2.28,1.06,3
-2.16,1.0,3
-2.16,1.11,3
-2.79,0.91,3
-2.79,0.9,3
1.21,1.19,3
0.92,0.88,3
0.92,0.87,3
0.92,0.79,3
-2.84,0.98,3
-1.43,1.24,3
-1.43,1.21,3
2.63,0.96,3
-2.16,1.02,3
2.29,1.21,3
0.01,0.95,3
-2.92,1.0,3
-2.92,0.98,3
-1.06,1.23,3
-2.29,1.23,3
-1.06,1.01,3
-3.1,0.98,3
0.91,0.85,3
-1.06,1.12,3
-1.06,1.1,3
-2.92,0.97,3
-2.92,0.92,3
-2.79,0.94,3
-2.79,0.92,3
1.21,1.3,3
2.29,1.03,3
-3.06,0.94,3
-0.54,1.04,3
1.21,1.17,3
1.21,1.14,3
-0.8,0.87,3
0.92,0.74,3
-1.71,1.05,3
-1.71,1.02,3
-1.71,1.01,3
-2.84,0.94,3
0.91,1.17,3
-2.92,1.24,3
-3.06,1.1,3
-3.06,1.08,3
2.29,1.09,3
1.21,1.34,3
-2.92,1.17,3
-2.92,1.15,3
-2.92,1.13,3
-1.41,1.42,3
2.62,1.0,3
2.62,0.99,3
2.62,0.97,3
-3.1,0.99,3
0.14,0.87,3
-0.11,1.01,3
-3.1,0.96,3
-0.8,0.92,3
-3.06,1.05,3
-2.17,1.2,3
-2.17,1.11,3
-1.78,1.26,3
-1.12,1.04,3
0.14,1.34,3
-1.71,0.89,3
0.93,1.01,3
-1.28,1.28,3
-1.12,0.99,3
-1.12,0.97,3
1.2,1.14,3
0.36,0.93,3
2.3,1.0,3
2.3,0.97,3
2.3,0.89,3
-2.17,1.03,3
1.2,1.47,3
-2.59,1.08,3
0.18,0.77,3
-0.54,0.82,3
-0.62,0.92,3
-0.62,0.84,3
0.93,0.93,3
0.93,0.9,3
-0.11,0.91,3
-0.54,0.79,3
-1.3,0.0,3
1.2,1.23,3
1.2,1.18,3
1.2,1.17,3
0.17,1.17,3
-2.59,1.07,3
-2.59,1.03,3
1.2,1.07,3
1.2,1.04,3
1.2,1.03,3
0.36,1.05,3
0.36,1.41,3
-1.78,1.61,3
-1.78,1.46,3
0.93,1.05,3
2.61,1.09,3
-2.17,0.93,3
2.3,1.18,3
2.3,1.03,3
1.19,1.12,3
2.31,1.11,3
2.31,1.09,3
2.31,1.04,3
-2.17,1.02,3
-1.78,1.54,3
1.19,1.38,3
-2.28,1.16,3
-0.62,0.98,3
-2.89,1.1,3
-2.89,1.04,3
0.94,0.72,3
0.93,0.86,3
-0.62,0.79,3
2.61,1.06,3
0.17,1.09,3
0.17,1.02,3
0.17,1.01,3
0.17,0.97,3
1.19,1.21,3
0.17,0.93,3
2.31,0.99,3
1.19,1.11,3
1.19,1.03,3
1.19,1.42,3
-0.18,0.88,3
-3.06,0.9,3
-3.06,0.88,3
2.61,0.99,3
2.61,0.96,3
-1.28,1.1,3
0.94,0.99,3
-1.28,1.03,3
-2.75,1.25,3
0.4,0.98,3
-2.53,1.08,3
2.31,1.21,3
-2.79,1.02,3
-2.59,1.25,3
1.19,1.18,3
2.6,1.05,3
2.6,0.99,3
2.6,0.84,3
2.6,0.82,3
0.94,0.92,3
-0.55,0.91,3
-0.55,0.9,3
-0.55,0.89,3
-0.55,0.86,3
-0.55,0.84,3
0.37,0.94,3
0.37,0.88,3
2.32,0.9,3
1.18,1.16,3
-2.59,1.12,3
0.94,1.2,3
-2.63,0.88,3
-1.72,1.61,3
0.94,0.96,3
-0.62,1.02,3
2.32,1.02,3
-2.53,1.0,3
-2.53,0.99,3
1.18,1.3,3
1.18,1.25,3
-2.18,1.28,3
-2.18,1.23,3
-2.18,1.02,3
-2.18,1.17,3
1.18,1.09,3
1.18,1.07,3
1.18,1.06,3
-1.77,1.19,3
-1.77,1.18,3
2.59,1.12,3
0.14,1.21,3
2.59,0.87,3
2.59,0.85,3
-0.88,0.85,3
0.94,0.9,3
0.94,0.87,3
0.94,0.84,3
-1.72,1.4,3
-2.18,1.01,3
-2.18,1.0,3
-2.18,0.99,3
-2.18,0.96,3
2.33,1.05,3
2.32,1.2,3
-1.77,1.06,3
-1.28,1.17,3
0.4,1.11,3
0.4,1.1,3
-1.18,1.14,3
0.94,0.94,3
-2.63,0.87,3
-0.55,0.75,3
-1.3,1.05,3
1.17,1.31,3
-1.12,1.22,3
2.33,0.96,3
-1.77,1.14,3
-1.77,1.11,3
2.59,1.02,3
2.59,0.95,3
2.59,0.94,3
2.59,0.9,3
-1.57,1.23,3
-1.57,1.18,3
0.94,1.19,3
2.34,1.04,3
-0.76,1.11,3
-1.5,1.14,3
2.33,1.11,3
2.33,1.1,3
0.0,1.35,3
-1.41,1.36,3
-2.19,1.3,3
-2.19,1.21,3
0.37,1.15,3
1.17,1.15,3
1.17,1.03,3
1.17,0.95,3
1.17,0.93,3
1.17,0.9,3
2.58,1.32,3
-2.27,0.81,3
-1.28,1.13,3
2.59,1.04,3
-1.77,1.23,3
2.34,1.14,3
2.34,1.09,3
2.34,1.08,3
-1.77,1.49,3
-1.77,1.28,3
0.95,1.03,3
0.95,0.93,3
-1.72,1.25,3
-1.57,1.13,3
-1.28,1.2,3
2.35,1.09,3
-1.41,1.29,3
-1.41,1.25,3
1.16,1.34,3
1.16,1.32,3
-1.41,1.19,3
-1.77,1.59,3
-1.77,1.54,3
-1.77,1.53,3
1.16,1.2,3
-1.77,1.79,3
-1.5,1.06,3
2.35,1.08,3
2.58,1.2,3
2.58,1.12,3
2.58,1.07,3
-0.12,0.89,3
-0.12,0.81,3
-0.12,0.8,3
-1.72,1.33,3
-2.27,1.01,3
0.95,1.08,3
-3.07,1.29,3
2.35,1.18,3
0.05,1.08,3
-1.77,1.67,3
1.16,0.95,3
2.58,0.93,3
2.58,0.9,3
2.58,0.88,3
-2.27,1.04,3
-2.27,1.11,3
-1.72,1.36,3
-2.27,0.96,3
-3.07,0.99,3
-2.19,1.11,3
1.16,1.22,3
1.16,1.21,3
-0.9,0.95,3
-0.9,0.92,3
-2.19,1.02,3
-3.07,1.14,3
-3.07,1.12,3
-3.07,1.09,3
-2.19,1.17,3
-3.07,1.04,3
-1.76,1.0,3
-1.3,1.22,3
-1.3,1.2,3
-1.3,1.14,3
0.96,1.18,3
-0.12,0.9,3
0.96,1.05,3
0.96,0.99,3
0.96,0.98,3
0.96,0.95,3
0.96,0.86,3
2.36,0.92,3
2.36,0.86,3
-2.19,0.94,3
-2.19,1.1,3
-0.17,0.91,3
-1.76,1.15,3
-2.27,1.06,3
2.57,1.28,3
-2.27,0.89,3
2.57,1.08,3
0.97,0.88,3
0.97,0.81,3
-2.89,0.95,3
2.36,1.08,3
1.15,1.47,3
1.15,1.46,3
1.15,1.45,3
1.15,1.34,3
1.15,1.26,3
-2.84,1.1,3
2.36,0.96,3
2.57,1.0,3
2.57,0.92,3
-2.27,1.14,3
0.97,1.06,3
-1.42,0.98,3
2.36,1.38,3
-2.19,0.88,3
-2.19,0.86,3
1.15,1.24,3
1.15,1.19,3
1.15,1.13,3
-1.76,1.17,3
1.15,0.98,3
1.15,0.93,3
-1.76,1.18,3
-1.28,0.96,3
-2.27,1.65,3
0.97,0.93,3
0.96,1.11,3
2.57,1.02,3
-0.17,1.04,3
2.36,1.22,3
-0.56,0.98,3
2.36,0.98,3
2.36,0.97,3
-1.76,1.05,3
2.37,0.89,3
-1.3,1.1,3
2.36,1.23,3
1.15,1.09,3
1.15,1.06,3
1.15,1.02,3
-0.56,1.06,3
0.97,1.04,3
-1.72,1.09,3
2.37,1.23,3
-1.5,0.97,3
-0.17,1.01,3
-0.17,0.97,3
1.14,0.99,3
-0.56,0.84,3
-0.56,0.8,3
-0.56,0.7,3
-2.66,0.94,3
-2.2,1.26,3
-2.91,0.69,3
0.05,1.11,3
-3.07,0.84,3
2.38,0.87,3
-3.07,0.93,3
2.56,1.06,3
2.56,1.02,3
0.97,0.89,3
-2.2,1.16,3
-0.56,0.94,3
1.14,1.23,3
1.14,1.14,3
-3.07,0.9,3
-3.07,0.87,3
0.38,0.95,3
0.38,0.94,3
2.56,0.76,3
-2.26,0.69,3
-2.26,0.95,3
2.56,1.14,3
-0.89,1.27,3
0.97,1.16,3
-1.73,1.58,3
-1.76,1.32,3
-1.76,1.26,3
-1.76,1.59,3
-1.76,1.39,3
-1.41,1.09,3
-1.41,1.07,3
2.38,1.03,3
2.38,1.0,3
-1.76,1.35,3
2.56,0.79,3
-1.76,1.33,3
2.38,1.15,3
-2.82,1.08,3
-1.76,1.52,3
-1.76,1.43,3
1.13,1.08,3
-1.5,1.03,3
-1.5,1.02,3
-1.5,1.01,3
2.38,1.07,3
1.13,1.38,3
-2.73,1.22,3
-2.2,0.98,3
-2.2,0.92,3
1.13,0.87,3
-0.61,0.95,3
-0.61,0.91,3
-0.61,0.84,3
-1.11,1.17,3
-1.11,1.09,3
-1.23,1.21,3
-1.3,1.36,3
2.39,0.95,3
-1.22,1.2,3
2.39,1.08,3
2.39,1.05,3
2.39,0.98,3
2.39,0.93,3
-2.73,1.21,3
1.13,1.19,3
1.13,0.97,3
1.13,0.94,3
-2.91,0.92,3
-2.21,1.16,3
0.98,0.9,3
0.98,1.01,3
-1.73,1.64,3
-1.18,1.1,3
-2.21,1.1,3
2.39,1.36,3
-2.91,1.04,3
1.13,1.01,3
1.13,1.0,3
1.12,1.22,3
2.4,0.94,3
-1.76,1.66,3
-1.76,1.62,3
-2.67,1.08,3
-2.67,1.06,3
1.12,1.13,3
1.12,1.12,3
2.55,1.01,3
2.55,0.97,3
2.55,0.94,3
-0.61,1.05,3
-2.91,0.98,3
-2.91,0.93,3
1.12,1.4,3
-0.16,0.95,3
-0.57,1.09,3
-0.57,1.06,3
2.4,1.18,3
2.4,1.13,3
2.4,1.02,3
-2.59,0.84,3
1.11,1.52,3
-2.26,1.13,3
-2.26,1.07,3
-1.42,1.15,3
2.4,1.21,3
-2.21,1.01,3
1.12,1.02,3
1.12,0.99,3
1.12,0.95,3
0.38,1.13,3
-0.16,1.0,3
1.11,1.26,3
-2.21,0.91,3
-2.21,0.89,3
-2.21,0.86,3
-1.04,1.12,3
0.38,0.87,3
0.38,0.8,3
0.38,0.78,3
1.11,1.06,3
2.54,1.22,3
0.99,0.85,3
0.99,0.84,3
-2.9,1.3,3
-0.13,1.06,3
0.98,1.28,3
-0.61,1.0,3
-1.11,1.05,3
1.11,1.01,3
-0.57,0.99,3
-0.57,0.92,3
2.41,0.96,3
2.54,1.01,3
-3.09,1.03,3
2.54,0.85,3
-2.26,1.47,3
0.15,0.93,3
0.15,0.87,3
0.99,1.07,3
1.11,0.9,3
1.11,0.87,3
1.11,0.86,3
1.11,1.1,3
0.38,1.01,3
0.38,1.0,3
-0.57,0.91,3
-0.57,0.85,3
-2.69,1.04,3
2.41,1.08,3
-1.75,0.94,3
-2.91,1.17,3
0.99,0.99,3
-1.5,1.16,3
2.53,1.12,3
-3.09,1.04,3
2.53,1.07,3
-0.13,1.03,3
2.54,1.06,3
-2.22,1.2,3
2.41,0.83,3
-2.91,1.28,3
-2.91,1.19,3
0.38,1.05,3
1.1,1.28,3
1.0,0.81,3
-2.9,1.23,3
2.53,1.06,3
-1.73,1.22,3
-2.66,1.07,3
-2.66,1.02,3
2.41,1.17,3
-2.71,0.95,3
-1.75,1.02,3
1.1,1.06,3
-2.91,1.11,3
1.1,0.92,3
2.42,0.98,3
2.42,0.92,3
2.42,0.87,3
-2.22,0.93,3
2.42,0.78,3
-2.79,0.81,3
1.0,1.12,3
1.0,1.09,3
-3.09,1.01,3
-3.09,0.98,3
-3.09,0.96,3
1.0,0.96,3
2.42,1.22,3
-2.75,0.92,3
-2.75,0.82,3
1.1,1.05,3
1.1,1.01,3
-2.91,1.09,3
-2.22,0.95,3
2.43,1.03,3
-1.42,1.07,3
-1.42,1.04,3
-1.42,1.03,3
-1.73,1.37,3
0.15,0.94,3
-0.13,0.92,3
2.43,1.01,3
2.43,1.0,3
2.43,0.76,3
-1.75,1.2,3
-1.75,1.12,3
-1.75,1.1,3
1.1,1.15,3
-3.08,1.01,3
-0.16,1.24,3
-3.08,1.13,3
2.43,1.11,3
-1.05,0.85,3
-1.11,0.89,3
-2.25,0.88,3
-1.46,1.23,3
-1.46,1.21,3
-1.73,1.15,3
-3.09,0.87,3
2.53,0.85,3
0.16,1.03,3
1.09,0.97,3
1.09,1.04,3
1.09,1.03,3
-2.22,0.91,3
-2.22,0.87,3
-1.29,1.32,3
2.53,1.0,3
1.01,1.0,3
1.01,0.99,3
1.01,0.92,3
0.39,1.06,3
0.39,1.04,3
1.0,1.07,3
-1.05,0.9,3
-2.69,0.99,3
-2.69,0.97,3
1.09,0.95,3
1.09,0.94,3
-1.75,1.25,3
1.09,0.85,3
-0.58,1.08,3
-0.6,0.88,3
-0.6,0.85,3
-2.9,1.15,3
-1.73,1.08,3
-1.73,1.05,3
-0.58,1.01,3
-3.08,1.12,3
-0.58,0.93,3
2.44,1.12,3
2.44,1.05,3
2.44,0.97,3
2.44,0.94,3
2.44,0.92,3
-1.75,1.29,3
-1.75,1.24,3
-1.75,1.22,3
1.01,1.09,3
0.15,1.17,3
-2.25,0.9,3
-2.75,1.0,3
-0.89,1.05,3
-0.89,1.04,3
1.01,1.17,3
1.08,1.08,3
1.08,1.06,3
-0.58,0.84,3
-2.91,1.32,3
1.08,1.01,3
1.08,0.95,3
1.08,1.36,3
-2.52,0.92,3
-2.52,0.9,3
-2.52,0.88,3
-2.52,0.86,3
1.08,1.19,3
-0.58,0.8,3
-0.15,0.87,3
-0.15,0.86,3
-0.15,0.83,3
-0.15,0.81,3
-0.13,0.81,3
-2.75,0.95,3
-2.25,1.03,3
0.15,1.33,3
-0.89,1.15,3
-0.15,0.8,3
-0.15,0.79,3
-1.75,1.62,3
1.08,1.1,3
1.08,1.05,3
1.08,1.04,3
2.45,1.04,3
2.45,1.02,3
-1.75,1.53,3
-1.75,1.46,3
-2.25,1.1,3
1.02,0.91,3
1.02,0.86,3
-0.89,1.01,3
2.45,1.0,3
2.45,0.9,3
-2.23,1.36,3
2.45,1.32,3
1.07,1.02,3
-3.08,0.86,3
1.02,1.1,3
1.02,0.95,3
-2.52,0.79,3
2.45,1.09,3
-3.08,0.93,3
-1.57,1.29,3
-1.57,1.25,3
-3.08,1.0,3
2.46,0.92,3
2.46,0.9,3
2.46,0.89,3
-1.23,1.07,3
-1.23,1.05,3
-3.08,0.9,3
-1.74,1.05,3
-1.74,1.02,3
-1.74,1.01,3
-2.73,1.03,3
2.51,1.06,3
2.51,1.05,3
-1.42,1.29,3
-1.42,1.37,3
-2.73,1.01,3
2.46,1.15,3
2.46,1.1,3
2.46,0.97,3
2.46,0.95,3
-2.23,1.09,3
-2.23,1.05,3
-1.75,1.71,3
-1.75,1.7,3
1.07,1.18,3
1.07,1.15,3
-0.15,0.95,3
-1.74,0.91,3
2.51,1.0,3
2.51,0.96,3
2.51,0.94,3
1.02,1.06,3
-1.57,1.38,3
-1.74,1.08,3
-1.74,1.07,3
-1.74,1.06,3
1.06,1.04,3
-1.74,0.99,3
-1.74,0.97,3
1.07,0.92,3
1.07,0.81,3
-1.29,1.04,3
-1.47,0.92,3
-2.52,1.0,3
-2.52,0.99,3
-1.5,1.3,3
1.03,0.93,3
1.03,0.81,3
-1.42,1.26,3
-1.42,1.23,3
-2.23,0.92,3
-1.05,1.25,3
2.46,1.04,3
2.46,1.0,3
-0.15,0.96,3
-0.15,0.93,3
1.06,1.12,3
0.16,1.07,3
-0.83,0.99,3
2.5,1.13,3
2.5,1.12,3
2.5,1.09,3
0.39,0.97,3
1.03,1.13,3
-1.21,1.1,3
-2.52,0.97,3
-0.59,1.1,3
-2.69,0.9,3
-2.69,0.88,3
-1.05,1.19,3
1.06,0.98,3
1.06,0.95,3
-1.74,1.3,3
-1.74,1.28,3
-1.74,1.27,3
1.03,0.95,3
-0.6,1.02,3
-0.6,1.0,3
-2.75,1.17,3
2.5,0.98,3
2.5,0.93,3
2.5,0.89,3
2.5,0.8,3
1.03,0.78,3
1.03,0.77,3
-2.67,1.0,3
2.47,0.96,3
-0.59,1.06,3
-1.74,1.17,3
-1.74,1.13,3
-1.42,1.4,3
-0.89,0.93,3
-1.05,0.96,3
-1.05,0.94,3
-1.29,1.12,3
-0.6,1.13,3
-2.24,0.88,3
-0.59,0.88,3
-0.59,0.81,3
-2.24,1.15,3
-2.23,0.86,3
1.05,1.24,3
1.05,1.21,3
1.05,1.02,3
2.49,1.1,3
2.49,1.09,3
2.49,1.02,3
-2.52,1.11,3
2.49,0.98,3
2.49,0.9,3
-0.14,1.07,3
-2.9,0.94,3
-0.83,0.94,3
0.0,1.1,3
0.0,1.05,3
-0.59,1.05,3
-2.67,0.97,3
-0.89,0.96,3
2.48,1.05,3
2.48,1.04,3
-0.89,0.89,3
-0.89,0.88,3
1.04,1.25,3
2.48,0.88,3
1.04,1.1,3
1.04,1.09,3
-2.24,1.14,3
1.04,0.96,3
1.04,0.9,3
1.03,1.05,3
-2.9,1.01,3
-1.05,1.16,3
2.48,0.86,3
-2.24,0.98,3
-2.24,0.96,3
2.48,1.21,3
-2.24,1.27,3
0.0,0.92,3
1.04,0.99,3
-2.24,1.01,3
-1.47,1.02,3
-1.29,1.25,3
-1.29,1.22,3
-1.29,1.17,3
2.48,1.17,3
-0.14,1.05,3
1.04,1.12,3
-1.21,1.08,3
2.48,0.99,3
1.05,0.9,3
1.04,0.88,3
1.04,0.84,3
-1.74,1.34,3
-2.48,1.17,3
-2.48,0.85,3
-2.49,1.37,3
-0.35,0.84,3
0.27,0.96,3
-0.35,0.94,3
-0.35,0.93,3
3.14,0.43,3
-2.48,0.99,3
3.14,0.61,2
-2.48,0.97,2
-2.48,0.95,2
3.14,0.46,2
-0.35,0.95,2
0.27,0.92,2
0.27,0.93,2
1.68,1.32,2
-1.94,1.2,2
-1.59,1.22,2
-1.59,1.21,2
3.13,1.15,2
3.13,1.11,2
1.68,1.03,2
-1.94,1.28,2
1.68,1.13,2
1.68,1.12,2
1.68,1.09,2
1.68,1.63,2
1.68,1.08,2
-1.94,1.36,2
-1.94,1.33,2
0.27,1.0,2
0.27,0.98,2
1.67,1.6,2
-1.29,1.15,2
-1.74,1.49,2
-1.74,1.48,2
1.04,1.03,2
1.04,1.01,2
-0.14,0.98,2
-0.14,0.94,2
1.04,1.13,2
-1.21,1.68,2
-1.21,1.61,2
2.48,1.0,2
2.48,0.97,2
-1.74,1.41,2
-1.74,1.39,2
1.05,0.97,2
1.05,0.91,2
-1.74,1.65,2
-2.24,1.08,2
-2.24,1.04,2
2.49,1.21,2
2.49,1.11,2
-1.74,1.51,2
-1.05,1.11,2
-2.24,1.3,2
0.0,0.88,2
-0.14,0.75,2
-1.42,1.49,2
-1.42,1.45,2
2.48,1.13,2
2.48,1.12,2
-0.6,1.22,2
-1.29,1.2,2
-2.73,1.18,2
1.05,0.83,2
-1.74,1.45,2
-2.24,1.23,2
-2.24,1.19,2
2.48,1.07,2
2.48,1.02,2
2.48,1.01,2
2.47,1.23,2
-0.89,0.86,2
1.05,1.09,2
1.05,1.08,2
1.05,0.88,2
2.48,0.96,2
2.48,0.94,2
1.04,1.06,2
1.05,1.05,2
1.05,0.99,2
1.05,0.98,2
2.49,1.06,2
2.49,1.04,2
2.49,1.0,2
2.49,0.87,2
-2.9,0.99,2
-2.9,0.98,2
-0.83,0.92,2
0.0,1.07,2
2.47,1.22,2
2.47,1.18,2
-2.24,1.4,2
-2.24,1.33,2
-0.59,0.99,2
-0.6,1.06,2
-1.74,1.63,2
-1.74,1.62,2
-1.74,1.53,2
-1.74,1.52,2
1.03,1.12,2
1.03,1.1,2
1.03,1.08,2
1.03,0.98,2
1.03,0.97,2
-0.59,0.91,2
-0.59,0.86,2
-0.59,0.84,2
1.05,1.14,2
1.06,0.91,2
1.05,1.07,2
2.5,0.9,2
-1.05,1.05,2
-1.05,0.97,2
-1.74,1.92,2
1.03,1.28,2
-1.57,1.37,2
2.47,1.06,2
2.47,1.04,2
2.47,1.01,2
0.16,1.09,2
0.16,1.08,2
-0.15,0.94,2
-0.89,0.97,2
1.05,1.43,2
-0.59,0.95,2
-0.83,0.9,2
0.16,1.06,2
-1.74,1.81,2
-0.6,1.05,2
-0.6,1.03,2
1.03,1.2,2
1.03,1.16,2
-1.42,1.3,2
-1.21,1.11,2
-1.21,1.09,2
-0.59,1.07,2
1.06,1.0,2
-1.74,0.95,2
-1.42,1.38,2
-0.15,1.25,2
-1.42,1.44,2
-1.42,1.42,2
-2.52,0.94,2
-2.25,1.51,2
-2.52,1.02,2
-2.52,1.01,2
-1.5,1.31,2
-1.5,1.26,2
-1.42,1.27,2
-1.42,1.25,2
-1.42,1.22,2
-2.23,1.04,2
2.46,1.19,2
-1.05,1.37,2
-1.05,1.27,2
-1.05,1.22,2
2.46,0.99,2
1.06,1.1,2
2.51,0.9,2
2.51,0.88,2
-1.5,1.24,2
-1.21,1.14,2
1.03,1.01,2
1.03,0.99,2
-1.42,1.31,2
1.02,1.05,2
-1.57,1.42,2
2.51,1.16,2
1.06,1.06,2
1.07,0.96,2
1.07,0.82,2
-1.74,1.25,2
-1.74,1.23,2
0.05,1.36,2
2.46,1.05,2
-2.23,1.14,2
1.07,1.27,2
1.07,1.24,2
2.46,1.25,2
2.46,1.24,2
2.46,1.21,2
-2.23,1.1,2
-2.23,1.06,2
-2.73,1.08,2
-2.73,1.04,2
-1.75,1.65,2
-1.74,1.11,2
-1.74,1.1,2
-1.74,1.09,2
-1.42,1.21,2
2.51,1.15,2
2.51,1.11,2
2.51,1.08,2
-2.25,1.2,2
-2.25,1.16,2
2.51,1.04,2
2.51,1.03,2
-1.42,1.28,2
-1.73,0.99,2
-0.14,1.27,2
-1.42,1.36,2
-3.09,1.16,2
-2.73,0.99,2
2.46,1.13,2
2.46,1.12,2
2.46,1.08,2
-2.52,0.81,2
2.45,1.22,2
2.45,1.19,2
2.45,1.17,2
2.45,1.11,2
2.45,1.08,2
-3.08,0.97,2
-3.08,0.94,2
1.06,1.31,2
2.46,0.91,2
-3.08,0.91,2
0.0,1.22,2
-1.75,1.94,2
-1.75,1.78,2
-1.75,1.77,2
1.07,1.14,2
-0.76,1.33,2
2.46,0.88,2
-3.09,1.15,2
-3.09,1.14,2
-3.09,1.12,2
-3.09,1.11,2
-3.09,1.1,2
2.51,1.25,2
1.02,1.15,2
1.02,1.12,2
1.02,1.11,2
1.02,1.07,2
1.02,0.96,2
0.39,0.92,2
0.39,0.89,2
0.39,0.79,2
-2.75,1.13,2
-2.75,1.08,2
-2.75,1.03,2
0.39,1.25,2
1.01,1.23,2
1.01,1.2,2
-0.13,0.89,2
-0.13,0.83,2
1.07,1.32,2
-1.57,1.6,2
-0.83,0.81,2
2.45,0.93,2
2.45,0.91,2
-2.23,1.45,2
-0.58,0.81,2
-3.08,0.85,2
-2.25,1.34,2
-0.89,1.21,2
-2.9,1.07,2
-2.9,1.05,2
-0.89,1.13,2
-2.9,1.03,2
-1.42,1.68,2
-1.42,1.65,2
-1.75,1.6,2
-1.75,1.74,2
1.08,1.02,2
-1.75,1.48,2
-0.89,1.08,2
-0.89,1.07,2
-0.89,1.06,2
-2.75,1.15,2
2.44,1.15,2
-2.91,1.42,2
-2.91,1.37,2
1.08,0.99,2
-0.15,0.91,2
-0.15,0.9,2
-2.23,1.3,2
-2.23,1.24,2
2.45,1.05,2
1.08,1.24,2
1.08,1.23,2
-2.9,1.16,2
-0.6,0.99,2
-2.25,0.97,2
0.15,1.36,2
0.15,1.25,2
1.08,1.16,2
1.08,1.15,2
-2.9,0.0,2
1.01,1.07,2
0.15,1.18,2
2.52,1.0,2
2.52,0.98,2
2.52,0.97,2
1.01,0.9,2
1.01,0.83,2
1.01,1.13,2
0.39,1.01,2
2.44,1.3,2
2.44,1.24,2
2.44,1.23,2
2.44,1.22,2
-0.58,0.97,2
2.44,0.84,2
-1.18,1.36,2
1.09,1.15,2
1.09,1.12,2
1.09,1.07,2
-1.18,1.25,2
2.44,1.13,2
2.44,1.09,2
2.44,1.07,2
2.44,1.04,2
2.44,1.03,2
2.44,1.02,2
2.44,1.0,2
2.44,0.99,2
-1.75,1.31,2
0.16,1.5,2
-1.75,1.26,2
1.09,0.92,2
-0.6,0.89,2
2.52,1.19,2
2.52,1.17,2
-2.25,1.04,2
-2.9,1.14,2
-2.9,1.12,2
-2.9,1.11,2
-2.9,1.08,2
-1.73,1.06,2
-2.9,1.04,2
-1.42,1.02,2
-0.58,0.99,2
-0.58,0.98,2
1.09,0.99,2
1.09,0.98,2
1.09,1.06,2
2.52,1.4,2
2.52,1.24,2
2.52,0.93,2
-0.6,0.93,2
1.01,0.98,2
1.01,0.93,2
0.39,1.07,2
-2.69,0.96,2
-2.69,0.93,2
0.16,0.87,2
0.16,1.58,2
1.09,1.47,2
1.09,1.32,2
-3.08,1.17,2
-1.05,0.86,2
2.53,1.04,2
-2.25,0.83,2
-1.46,1.22,2
-1.73,1.13,2
-3.09,0.95,2
-3.09,0.89,2
-2.25,0.0,2
2.43,1.31,2
0.16,1.01,2
0.16,1.0,2
0.16,0.96,2
-2.22,1.11,2
1.09,1.19,2
-1.57,1.51,2
-2.66,0.97,2
-2.75,0.93,2
-3.08,1.11,2
-3.08,1.07,2
-3.08,1.03,2
-3.08,1.02,2
2.43,1.18,2
2.43,1.15,2
2.43,1.12,2
-2.75,0.81,2
-1.57,1.32,2
-1.42,1.53,2
-0.16,1.28,2
1.09,1.22,2
2.43,1.27,2
2.43,1.21,2
-2.22,0.98,2
-2.22,0.97,2
1.0,1.33,2
-1.42,1.09,2
-0.13,0.93,2
0.39,1.18,2
0.39,1.16,2
0.39,1.12,2
0.39,1.1,2
-1.29,1.44,2
-1.73,1.35,2
-0.13,0.91,2
2.43,0.97,2
-2.22,1.13,2
-1.75,1.13,2
1.1,1.16,2
1.0,1.21,2
0.99,1.49,2
-1.29,1.4,2
-1.29,1.35,2
-3.09,1.0,2
-3.09,0.99,2
-2.9,1.56,2
-2.9,1.43,2
1.0,0.93,2
1.0,0.9,2
2.42,1.18,2
-2.75,0.91,2
0.16,1.1,2
1.1,0.99,2
1.1,1.35,2
-2.22,1.07,2
0.38,1.08,2
0.38,1.06,2
1.1,0.97,2
-2.82,1.09,2
2.42,1.03,2
2.42,1.01,2
2.42,1.11,2
1.1,1.24,2
1.1,1.21,2
-0.16,1.13,2
-0.16,1.12,2
1.1,1.13,2
1.1,1.11,2
0.38,1.31,2
2.42,1.32,2
2.42,1.24,2
-2.66,0.98,2
2.41,1.16,2
-1.57,1.52,2
-2.71,0.99,2
-0.16,1.09,2
1.1,1.1,2
1.1,1.08,2
2.42,1.09,2
2.42,1.05,2
0.16,1.22,2
0.16,1.17,2
0.16,1.15,2
-2.22,1.16,2
-2.91,1.12,2
-2.71,1.06,2
-2.71,1.02,2
1.1,1.31,2
-1.3,1.57,2
1.0,0.83,2
-1.73,1.39,2
2.53,1.05,2
-2.26,1.31,2
0.15,1.01,2
0.15,0.98,2
0.15,0.97,2
0.15,0.95,2
-1.73,1.29,2
-1.73,1.28,2
-1.73,1.27,2
-1.73,1.25,2
-2.66,1.1,2
-2.66,1.03,2
-1.5,1.18,2
2.53,1.35,2
2.53,1.24,2
2.53,1.11,2
-3.09,0.86,2
-2.9,1.28,2
-2.9,1.27,2
2.54,1.07,2
-2.22,1.35,2
-2.22,1.32,2
-2.22,1.21,2
2.41,0.86,2
-2.59,1.0,2
-2.91,1.24,2
-2.71,1.09,2
0.38,1.02,2
1.11,1.2,2
1.11,1.39,2
0.38,0.89,2
1.11,1.14,2
2.41,1.37,2
-0.57,0.9,2
-0.57,0.89,2
-0.57,0.81,2
2.41,1.13,2
2.41,1.1,2
2.41,1.06,2
2.41,0.97,2
-1.75,0.95,2
-2.91,1.16,2
-2.22,1.39,2
0.99,1.04,2
1.11,1.0,2
1.11,0.96,2
2.54,0.99,2
-2.26,1.59,2
-2.26,1.41,2
-1.5,1.21,2
0.99,1.2,2
0.99,1.12,2
0.99,1.06,2
0.99,1.05,2
-1.73,1.54,2
-0.16,0.89,2
1.11,1.32,2
1.11,1.3,2
1.11,1.29,2
1.11,1.28,2
-2.26,1.23,2
2.54,1.1,2
2.54,1.09,2
-2.9,1.38,2
-2.9,1.35,2
0.15,0.72,2
2.4,1.24,2
-3.08,1.49,2
-1.04,0.86,2
-0.57,0.97,2
-0.57,0.96,2
-0.57,0.93,2
-2.21,0.96,2
-2.21,0.95,2
2.41,0.87,2
2.4,1.29,2
-0.57,1.14,2
1.12,1.0,2
1.12,0.96,2
-2.59,0.91,2
-2.84,1.36,2
0.38,1.16,2
0.38,1.12,2
-0.16,1.01,2
1.11,1.27,2
-2.69,1.03,2
-2.69,1.02,2
-2.22,1.56,2
2.4,1.39,2
1.11,1.03,2
2.54,1.24,2
-0.61,0.97,2
-3.08,1.34,2
0.14,1.41,2
-2.26,1.16,2
-0.61,1.25,2
-0.61,1.15,2
-0.61,1.11,2
-0.61,1.09,2
2.54,1.29,2
-1.42,1.13,2
0.98,0.99,2
0.15,1.07,2
0.15,1.05,2
0.15,1.04,2
2.55,1.03,2
-3.08,1.31,2
-3.08,1.25,2
1.12,1.48,2
-1.76,1.86,2
-1.76,1.83,2
-1.76,1.81,2
-2.59,0.89,2
-0.16,0.81,2
1.12,1.35,2
1.12,1.3,2
1.12,1.29,2
-0.57,1.07,2
-0.57,1.05,2
2.4,1.12,2
-1.04,1.17,2
-1.04,1.16,2
-0.17,1.36,2
-1.04,1.01,2
2.55,0.99,2
2.55,0.95,2
2.55,0.92,2
-1.73,1.51,2
-1.73,1.5,2
-1.73,1.49,2
-1.73,1.48,2
-2.63,0.9,2
-2.63,0.89,2
0.15,1.13,2
0.98,0.95,2
0.98,0.92,2
1.12,1.07,2
-2.91,1.01,2
1.12,1.04,2
1.12,1.03,2
2.4,1.1,2
2.4,1.08,2
1.13,1.04,2
1.12,1.23,2
2.4,0.99,2
2.4,0.98,2
2.4,0.91,2
-0.57,1.19,2
-0.57,1.16,2
-2.21,1.21,2
-2.21,1.2,2
-1.76,1.6,2
-2.67,1.04,2
1.12,1.15,2
1.12,1.11,2
1.12,1.1,2
1.13,0.93,2
0.98,0.81,2
-1.73,1.83,2
-1.73,1.8,2
-1.73,1.43,2
-1.73,1.68,2
0.98,1.2,2
0.98,1.1,2
0.98,1.05,2
-1.73,1.57,2
-0.61,0.96,2
-1.73,1.66,2
-1.73,1.65,2
-2.21,1.09,2
-2.21,1.05,2
-0.57,1.01,2
-2.66,0.92,2
-1.3,1.5,2
-1.3,1.49,2
-1.3,1.32,2
-1.3,1.3,2
-1.3,1.29,2
2.39,0.96,2
-1.22,1.23,2
2.39,1.21,2
2.39,1.19,2
2.4,0.9,2
-2.21,1.31,2
2.39,1.11,2
2.39,0.86,2
1.13,1.18,2
1.13,1.12,2
1.13,1.1,2
-2.91,1.05,2
-2.21,1.57,2
-2.21,1.5,2
-1.18,1.08,2
-1.18,1.06,2
-1.18,1.03,2
0.39,1.3,2
-0.61,0.92,2
-0.61,0.86,2
-2.6,1.34,2
-2.6,1.3,2
-1.23,1.15,2
-1.23,1.14,2
2.38,1.37,2
-2.2,1.05,2
2.38,1.12,2
2.38,1.11,2
2.38,1.1,2
2.38,1.09,2
2.38,0.99,2
2.38,0.97,2
1.13,1.05,2
1.13,1.52,2
1.13,1.46,2
-2.2,1.0,2
-2.2,0.96,2
-2.2,0.89,2
2.38,1.23,2
2.38,1.2,2
2.38,1.19,2
-2.82,1.01,2
-1.72,0.96,2
-1.72,0.93,2
0.97,1.17,2
-1.57,1.89,2
-1.04,1.3,2
2.38,1.13,2
-2.82,1.07,2
-2.82,1.05,2
-2.82,1.04,2
-2.82,1.03,2
-1.04,1.18,2
-2.82,0.99,2
-1.76,1.46,2
-1.76,1.44,2
-1.76,1.41,2
1.13,1.07,2
-1.41,1.12,2
-1.41,1.1,2
-1.76,1.38,2
-1.76,1.34,2
-2.26,0.87,2
2.56,0.98,2
2.56,0.95,2
-3.09,0.82,2
-3.09,0.79,2
2.55,1.19,2
2.55,1.16,2
2.55,1.15,2
-2.73,1.11,2
2.55,0.91,2
2.55,1.11,2
-1.57,1.11,2
-1.04,1.22,2
-1.04,1.21,2
2.37,1.01,2
0.38,0.93,2
-2.26,0.94,2
2.56,1.25,2
2.56,1.13,2
0.4,0.9,2
-1.42,0.93,2
-0.13,1.19,2
0.97,1.15,2
-1.73,1.59,2
0.98,0.0,2
-1.76,1.31,2
-1.76,1.22,2
-2.67,1.01,2
0.97,0.99,2
2.56,1.08,2
2.56,1.03,2
-2.27,1.56,2
2.56,0.93,2
2.56,0.88,2
-2.6,1.29,2
-1.46,1.16,2
0.97,1.33,2
0.97,1.25,2
0.97,1.2,2
-1.43,1.54,2
-1.12,1.17,2
-2.2,1.19,2
-2.2,1.14,2
-0.56,0.96,2
0.16,1.64,2
-1.76,1.12,2
-1.76,1.11,2
-1.76,1.08,2
-1.76,1.07,2
1.14,1.1,2
-0.9,1.45,2
1.14,1.0,2
-2.67,1.03,2
-2.2,1.23,2
0.05,1.16,2
-0.9,1.2,2
-2.71,0.94,2
-1.41,1.01,2
2.38,0.9,2
0.97,1.0,2
-1.43,1.49,2
2.56,1.4,2
2.56,1.36,2
2.57,0.83,2
-1.23,1.11,2
-1.28,1.02,2
-1.47,1.05,2
-1.47,1.04,2
-2.63,0.84,2
2.56,1.12,2
2.56,1.1,2
0.97,1.05,2
0.97,1.03,2
-1.72,1.04,2
-0.56,1.03,2
2.37,1.27,2
-2.2,1.34,2
-2.2,1.33,2
2.36,1.03,2
-1.76,1.02,2
-0.9,1.29,2
-0.56,1.12,2
-0.56,1.09,2
2.36,1.26,2
2.36,1.25,2
1.14,1.43,2
1.14,1.42,2
1.15,1.04,2
2.37,1.13,2
2.37,1.1,2
2.37,1.08,2
2.37,1.05,2
1.15,1.01,2
1.15,0.99,2
-1.72,1.03,2
-1.5,1.41,2
-1.5,1.39,2
0.15,0.85,2
-0.62,1.2,2
-2.27,1.39,2
0.97,0.98,2
0.97,0.96,2
0.96,1.1,2
0.96,1.09,2
2.57,1.04,2
-0.17,1.05,2
-2.2,1.46,2
-2.2,1.42,2
0.37,1.55,2
2.57,0.99,2
2.57,0.95,2
-2.27,1.18,2
-1.5,1.44,2
-1.43,1.47,2
0.97,1.12,2
0.97,1.09,2
-1.72,1.16,2
-1.72,1.15,2
0.96,0.82,2
0.95,1.32,2
-2.53,1.35,2
-2.53,1.3,2
1.15,1.23,2
1.15,1.21,2
-3.1,1.42,2
2.57,1.14,2
2.57,1.09,2
0.97,0.85,2
-1.43,1.57,2
-2.27,1.08,2
-2.27,1.07,2
-2.89,0.94,2
-2.89,0.9,2
2.36,1.07,2
2.36,1.06,2
2.36,1.04,2
-1.3,1.28,2
1.15,1.42,2
1.15,1.41,2
1.15,1.3,2
-0.12,0.94,2
-0.12,0.92,2
0.96,1.04,2
0.96,0.96,2
0.96,0.93,2
-1.72,1.3,2
2.36,0.9,2
-2.19,1.07,2
-0.17,0.9,2
-0.17,0.87,2
-0.17,0.84,2
-0.17,0.8,2
2.36,1.21,2
2.36,1.16,2
2.36,1.15,2
2.36,1.09,2
-3.07,0.95,2
-0.9,1.06,2
1.16,1.26,2
1.16,1.24,2
-0.17,0.77,2
-0.9,1.04,2
-0.9,0.99,2
-2.19,1.06,2
-2.19,1.03,2
-2.19,1.01,2
-2.19,1.12,2
-3.07,1.07,2
-1.76,0.94,2
-1.72,1.39,2
-1.72,1.37,2
0.96,1.13,2
2.35,1.24,2
-1.77,1.7,2
1.16,1.04,2
1.16,0.91,2
-1.72,1.28,2
-2.27,1.33,2
-2.27,1.27,2
-2.27,1.26,2
-2.27,1.22,2
-2.27,1.19,2
0.95,1.17,2
-2.27,0.94,2
-2.27,0.92,2
-0.17,0.94,2
-3.07,0.98,2
-3.07,0.96,2
0.37,1.04,2
0.37,1.03,2
2.58,1.23,2
2.58,1.1,2
2.58,1.09,2
-0.12,0.86,2
-2.27,1.0,2
0.95,1.11,2
0.95,1.06,2
0.37,1.02,2
-0.9,0.91,2
-0.9,0.87,2
-3.07,1.38,2
-3.07,1.26,2
-3.07,1.24,2
-3.07,1.23,2
-1.77,1.58,2
0.05,1.04,2
-1.5,1.12,2
-2.84,1.22,2
-2.84,1.18,2
1.16,1.15,2
1.16,1.14,2
1.16,1.12,2
-1.5,1.1,2
-1.5,1.09,2
0.17,0.9,2
0.17,0.86,2
2.35,1.03,2
0.37,1.09,2
0.37,1.08,2
0.37,1.06,2
-2.19,1.32,2
2.35,1.11,2
0.05,1.09,2
2.34,1.17,2
-1.41,1.35,2
-1.41,1.28,2
-1.41,1.24,2
2.35,1.02,2
2.35,0.91,2
1.16,1.4,2
1.16,1.37,2
1.16,1.31,2
1.16,1.27,2
0.37,1.0,2
0.37,0.98,2
0.37,0.96,2
0.0,1.44,2
-1.77,1.5,2
-1.77,1.48,2
1.16,1.06,2
0.95,1.04,2
0.95,0.95,2
-1.72,1.31,2
0.95,0.81,2
-1.72,1.26,2
-1.72,1.22,2
-1.72,1.21,2
0.95,1.24,2
-0.12,1.01,2
-0.62,1.11,2
-0.62,1.07,2
-2.19,1.36,2
2.58,1.03,2
2.58,0.98,2
2.58,0.97,2
2.58,0.96,2
-2.52,1.24,2
-2.52,1.23,2
-2.27,1.03,2
-1.18,1.13,2
-1.18,1.12,2
2.59,1.06,2
2.34,1.13,2
2.34,1.1,2
2.34,1.21,2
2.34,1.18,2
2.34,0.96,2
1.17,1.19,2
0.17,0.78,2
0.05,1.24,2
0.05,1.19,2
0.0,1.37,2
2.34,0.95,2
2.34,0.93,2
-2.18,0.91,2
-2.19,1.2,2
0.05,1.17,2
0.37,1.13,2
1.17,1.16,2
1.17,1.06,2
-1.41,1.22,2
-1.77,1.39,2
-1.11,1.0,2
-1.11,0.95,2
0.17,1.11,2
-0.76,1.07,2
-0.76,1.06,2
-0.76,1.05,2
2.59,1.0,2
2.59,0.93,2
2.59,0.91,2
-0.12,1.19,2
-0.12,1.16,2
-0.12,1.14,2
-0.12,1.07,2
0.4,0.84,2
-1.57,1.16,2
-0.76,1.0,2
-1.12,1.21,2
-0.76,1.1,2
-0.55,0.76,2
-0.18,1.18,2
-0.18,1.17,2
1.18,1.11,2
1.17,1.27,2
0.0,1.25,2
0.37,1.16,2
2.33,1.08,2
-1.03,0.83,2
-1.12,1.37,2
2.33,0.9,2
-2.18,1.14,2
-1.77,1.16,2
-1.77,1.13,2
-1.77,1.1,2
-1.77,1.31,2
1.17,1.54,2
-3.1,1.1,2
2.59,1.21,2
2.59,1.18,2
-1.28,1.19,2
-1.28,1.18,2
0.4,1.13,2
-1.18,1.17,2
0.94,0.95,2
-3.1,1.38,2
-3.1,1.22,2
-2.18,1.06,2
2.33,1.3,2
2.33,1.26,2
2.33,1.19,2
2.33,1.17,2
1.18,1.14,2
-3.1,1.2,2
-3.1,1.39,2
0.14,1.27,2
0.14,1.18,2
0.14,1.17,2
2.59,0.89,2
0.94,0.91,2
-1.77,1.17,2
-2.18,0.97,2
-2.18,0.95,2
2.33,1.02,2
2.33,0.97,2
-1.77,1.08,2
-1.77,1.07,2
-1.41,1.14,2
2.32,1.19,2
2.32,1.18,2
2.32,1.17,2
2.32,1.13,2
2.32,1.09,2
2.32,1.03,2
2.32,1.0,2
2.32,1.22,2
2.32,0.95,2
1.18,1.24,2
-1.41,1.13,2
-2.53,0.98,2
-2.53,0.96,2
-2.18,1.21,2
-2.18,1.19,2
-2.18,1.18,2
1.18,1.35,2
1.18,1.34,2
-2.92,1.53,2
1.18,1.03,2
0.94,1.29,2
-2.89,1.12,2
-2.89,1.11,2
0.14,1.13,2
0.94,1.1,2
0.94,1.06,2
-1.72,1.6,2
-0.62,1.04,2
2.6,1.16,2
-2.28,1.15,2
2.6,1.14,2
1.18,1.01,2
-3.06,0.91,2
0.0,1.66,2
-0.55,1.04,2
1.18,1.37,2
-0.18,1.02,2
-0.18,1.01,2
-0.18,0.97,2
-0.18,0.96,2
-0.18,0.94,2
1.18,1.19,2
-0.18,0.85,2
-2.59,1.14,2
-1.77,1.02,2
0.36,1.29,2
0.36,1.25,2
1.18,1.13,2
-0.55,1.0,2
-0.55,0.98,2
-0.55,0.97,2
2.6,1.02,2
2.6,1.01,2
2.6,0.97,2
2.6,0.93,2
2.6,1.22,2
-3.1,1.12,2
-2.28,1.05,2
-2.28,1.04,2
-2.28,1.02,2
2.6,1.29,2
2.6,1.27,2
-0.55,0.96,2
-0.55,0.95,2
2.61,0.95,2
-1.28,1.05,2
0.94,1.01,2
0.94,1.0,2
0.4,1.03,2
2.61,0.85,2
2.6,1.36,2
-2.28,1.21,2
-2.53,1.13,2
-2.53,1.12,2
-2.53,1.11,2
-2.53,1.06,2
-2.79,1.05,2
-2.65,1.41,2
0.36,1.19,2
0.36,1.17,2
1.19,1.17,2
1.19,1.15,2
0.36,1.15,2
-2.53,1.05,2
-2.53,1.02,2
2.31,1.36,2
-1.03,1.04,2
-1.51,1.41,2
2.31,1.24,2
2.31,1.01,2
1.19,1.1,2
1.19,1.09,2
1.19,1.0,2
1.18,1.45,2
-0.18,0.91,2
2.6,1.23,2
1.19,1.34,2
-0.18,0.83,2
-1.03,0.99,2
-1.03,0.91,2
-0.62,0.95,2
-0.62,0.93,2
-2.28,1.09,2
-2.89,1.01,2
0.94,0.65,2
0.93,1.35,2
-0.11,0.93,2
-2.89,0.98,2
0.17,1.06,2
0.17,0.99,2
-0.55,1.15,2
-1.78,1.73,2
2.3,1.13,2
2.3,1.12,2
2.3,1.1,2
2.3,1.05,2
2.3,1.04,2
0.17,1.22,2
-0.55,1.14,2
-0.55,1.1,2
-0.55,1.08,2
-0.55,1.05,2
2.31,1.17,2
-2.17,0.99,2
-1.78,1.52,2
-1.78,1.51,2
-1.78,1.49,2
-1.78,1.48,2
2.61,1.03,2
-2.28,1.01,2
-2.28,0.98,2
2.61,1.15,2
2.61,0.94,2
2.61,0.88,2
0.93,1.31,2
0.93,1.16,2
0.93,1.02,2
-1.72,1.78,2
0.93,0.98,2
0.4,1.05,2
-2.8,1.76,2
2.62,0.96,2
2.3,1.3,2
2.3,1.24,2
-1.03,1.07,2
-2.17,1.27,2
1.2,1.24,2
1.2,1.21,2
1.2,1.15,2
0.17,1.19,2
-2.59,1.06,2
0.36,1.03,2
0.36,0.91,2
1.2,1.02,2
-1.78,1.62,2
-1.78,1.56,2
-1.78,1.45,2
1.19,1.29,2
1.19,1.27,2
-2.17,0.98,2
1.2,1.33,2
-1.78,1.27,2
1.2,1.31,2
0.18,0.78,2
2.62,0.91,2
0.14,0.97,2
0.14,0.92,2
0.14,0.91,2
0.4,0.95,2
-2.84,1.04,2
0.93,0.89,2
-0.11,1.0,2
-0.11,0.98,2
-0.11,0.89,2
-0.11,0.85,2
-1.12,1.05,2
-1.12,1.03,2
-1.12,1.02,2
-1.03,1.09,2
-1.03,1.08,2
-2.17,1.38,2
-2.92,1.22,2
-2.92,1.21,2
-2.92,1.19,2
-2.92,1.18,2
1.2,1.13,2
0.36,0.98,2
0.17,1.44,2
0.17,1.3,2
0.17,1.29,2
0.17,1.23,2
1.2,1.42,2
-2.17,1.19,2
1.2,1.26,2
-3.06,1.13,2
-3.06,1.11,2
-0.11,0.84,2
-0.11,0.78,2
-0.11,0.95,2
0.92,1.12,2
0.14,1.3,2
2.62,0.83,2
2.62,0.76,2
2.61,1.13,2
0.4,1.21,2
-3.1,0.93,2
2.62,1.41,2
2.62,1.33,2
-2.92,1.16,2
2.62,1.11,2
2.62,1.09,2
2.62,1.05,2
0.14,0.85,2
-2.8,1.51,2
-3.1,0.95,2
0.4,1.14,2
-0.8,0.96,2
-2.79,1.01,2
1.21,0.91,2
-1.78,1.42,2
1.2,1.64,2
-2.17,1.31,2
-2.17,1.29,2
-2.17,1.21,2
1.21,1.02,2
-1.71,1.08,2
-2.89,1.35,2
0.92,1.08,2
0.92,1.04,2
0.92,1.19,2
0.92,1.14,2
-1.28,1.43,2
-3.1,1.05,2
-3.1,1.03,2
2.29,1.26,2
2.29,1.24,2
2.29,1.23,2
-2.16,0.0,2
-2.17,1.4,2
-1.41,1.48,2
-2.79,0.97,2
-2.79,0.93,2
1.21,1.31,2
1.21,1.29,2
-1.78,1.39,2
2.29,1.02,2
2.29,0.97,2
-3.06,1.04,2
-3.06,1.01,2
-3.06,0.95,2
-0.54,1.05,2
1.21,1.12,2
-1.78,1.31,2
-1.78,1.3,2
1.21,1.05,2
1.21,1.03,2
1.21,1.08,2
1.21,1.06,2
-3.1,1.02,2
-2.29,1.35,2
-2.29,1.3,2
-2.29,1.27,2
-3.1,1.0,2
-1.06,1.02,2
-1.06,1.0,2
0.91,1.3,2
-1.06,1.07,2
-2.92,0.93,2
-1.41,1.58,2
-1.41,1.55,2
1.21,1.46,2
1.21,1.43,2
2.63,1.11,2
2.63,1.07,2
2.63,1.04,2
-2.89,1.34,2
-2.84,0.96,2
-2.89,1.17,2
-1.43,1.2,2
-0.54,0.89,2
-2.16,1.01,2
2.29,1.16,2
-2.16,0.98,2
-2.16,0.97,2
-2.16,0.96,2
1.21,1.54,2
1.21,1.52,2
1.21,1.1,2
-2.16,1.18,2
-2.16,1.17,2
-2.16,1.15,2
0.01,0.93,2
0.01,0.92,2
2.28,1.26,2
-2.76,1.29,2
2.28,1.22,2
2.28,1.19,2
2.28,1.12,2
2.28,1.04,2
2.28,1.02,2
-0.54,0.97,2
-0.54,0.92,2
-1.06,1.06,2
2.63,1.12,2
2.63,0.94,2
-2.29,1.09,2
-2.29,1.07,2
2.63,1.41,2
0.91,1.12,2
-2.29,1.19,2
-2.29,1.17,2
-1.43,1.19,2
0.91,0.93,2
-0.19,1.29,2
2.28,0.93,2
-0.54,1.09,2
0.18,0.83,2
2.28,0.85,2
2.28,0.75,2
-2.16,1.21,2
-1.28,1.27,2
-0.63,1.21,2
2.63,0.98,2
-0.88,1.12,2
-2.89,1.19,2
-0.88,0.99,2
-0.88,0.97,2
-1.78,1.16,2
-1.78,1.11,2
0.36,1.12,2
0.36,1.1,2
-0.19,0.95,2
0.36,1.09,2
0.36,1.08,2
0.36,1.07,2
2.63,0.95,2
-1.43,1.27,2
0.4,1.35,2
-0.63,1.05,2
-0.63,1.01,2
2.64,0.92,2
2.64,0.86,2
-2.29,1.2,2
-1.71,1.17,2
-1.78,1.01,2
-3.06,1.38,2
2.27,1.28,2
2.27,1.25,2
-2.16,1.13,2
-1.78,1.24,2
2.63,1.18,2
-2.29,1.1,2
2.27,1.11,2
1.22,1.47,2
1.22,1.44,2
1.22,1.43,2
2.27,1.22,2
2.27,1.19,2
-2.16,1.06,2
-2.16,1.05,2
2.27,0.99,2
1.22,1.29,2
1.22,1.21,2
1.22,1.19,2
-0.19,0.89,2
1.22,1.13,2
0.9,1.32,2
-0.88,1.09,2
1.22,1.05,2
2.27,0.93,2
-3.06,1.29,2
2.64,1.13,2
0.06,0.96,2
0.06,0.91,2
0.9,0.91,2
-1.71,1.24,2
-1.71,1.2,2
-1.46,1.12,2
-3.06,1.23,2
-3.06,1.15,2
-2.66,1.14,2
-1.31,1.6,2
2.27,1.17,2
2.27,1.12,2
0.05,0.89,2
-2.71,1.19,2
1.23,1.08,2
-0.91,1.24,2
1.22,1.38,2
-1.12,1.11,2
-1.12,1.1,2
-1.12,1.09,2
-1.12,1.08,2
-2.16,1.29,2
-2.16,1.24,2
-2.16,1.4,2
2.26,1.28,2
-1.79,1.56,2
-1.79,1.55,2
1.22,1.93,2
2.26,1.24,2
0.14,1.08,2
2.64,1.09,2
2.64,1.07,2
-2.29,1.15,2
-2.29,1.12,2
0.41,0.82,2
-1.71,1.34,2
-1.71,1.33,2
0.9,1.2,2
0.9,1.13,2
2.26,1.23,2
2.26,1.16,2
2.26,1.14,2
2.26,1.12,2
2.26,1.09,2
0.9,0.99,2
0.89,1.21,2
0.89,1.2,2
-0.63,0.91,2
0.14,1.12,2
-1.71,1.44,2
0.89,1.05,2
0.89,1.04,2
0.18,1.06,2
-2.15,0.99,2
2.26,1.32,2
-2.65,1.49,2
-1.79,1.73,2
-1.79,1.66,2
1.22,1.56,2
2.26,1.27,2
2.25,0.97,2
2.25,1.4,2
2.25,0.88,2
0.36,0.9,2
1.23,1.31,2
1.23,1.18,2
-2.71,1.22,2
-2.71,1.21,2
-0.53,0.9,2
2.26,1.0,2
0.05,0.98,2
0.05,0.93,2
1.23,1.09,2
-1.56,0.95,2
1.23,1.03,2
-0.19,0.87,2
-1.43,1.4,2
-1.43,1.33,2
-1.43,1.32,2
-1.43,1.31,2
2.65,0.99,2
2.65,0.97,2
2.65,0.94,2
2.65,0.88,2
-1.71,1.31,2
-1.71,1.29,2
0.89,1.24,2
-1.43,1.42,2
2.65,1.15,2
2.25,1.11,2
2.25,1.03,2
2.25,0.98,2
-0.2,1.1,2
-0.2,1.0,2
1.23,1.48,2
1.23,1.41,2
1.23,1.39,2
1.23,1.36,2
1.23,1.14,2
-2.15,1.27,2
2.25,1.26,2
2.25,1.24,2
-0.53,1.03,2
2.65,1.13,2
-1.06,0.91,2
-1.06,0.85,2
0.89,1.15,2
-1.71,1.51,2
-1.79,1.48,2
-1.79,1.45,2
0.89,1.1,2
0.89,1.07,2
-2.6,0.98,2
0.13,1.35,2
0.13,1.33,2
2.64,1.43,2
0.89,0.95,2
2.66,0.85,2
1.24,1.09,2
0.18,1.4,2
-2.15,1.43,2
-0.53,1.07,2
-2.15,1.4,2
-0.2,1.15,2
-2.15,1.35,2
2.24,0.96,2
-1.79,1.05,2
-1.79,1.33,2
-1.79,1.31,2
1.24,1.28,2
1.23,1.34,2
2.25,0.0,2
-2.15,1.51,2
0.18,1.02,2
0.18,1.0,2
0.18,0.94,2
0.18,0.93,2
1.24,1.12,2
1.24,1.11,2
0.18,0.9,2
-1.31,1.32,2
-0.53,1.2,2
-0.53,1.1,2
2.24,1.13,2
2.65,1.26,2
0.13,1.19,2
0.13,1.18,2
0.14,0.84,2
-0.64,1.1,2
2.65,1.04,2
-2.6,1.15,2
-2.3,1.24,2
-2.3,1.15,2
-2.3,1.14,2
2.67,0.93,2
-2.15,1.37,2
-2.3,1.08,2
2.66,1.2,2
-1.71,1.66,2
2.66,1.12,2
2.66,1.07,2
2.66,1.29,2
0.88,1.25,2
0.88,1.22,2
0.88,1.19,2
0.88,1.17,2
2.24,1.07,2
2.24,1.01,2
-1.79,1.19,2
-1.79,1.17,2
-0.2,0.96,2
1.24,1.07,2
2.67,1.16,2
2.67,1.04,2
-2.6,1.27,2
-2.6,1.16,2
-0.1,0.93,2
2.23,1.24,2
2.23,1.16,2
2.23,1.13,2
0.18,1.13,2
0.18,1.12,2
2.24,1.3,2
2.24,1.23,2
-1.31,1.41,2
-0.77,1.33,2
2.67,0.91,2
2.67,0.81,2
-0.1,0.98,2
-0.1,0.96,2
0.13,1.01,2
0.13,0.97,2
-0.1,0.88,2
-0.1,0.83,2
0.88,1.05,2
-1.56,1.13,2
-1.79,1.25,2
2.23,1.02,2
2.23,0.92,2
-2.14,1.16,2
-0.2,0.93,2
-0.2,0.92,2
0.88,1.12,2
0.88,0.92,2
0.18,1.25,2
0.18,1.21,2
0.18,1.16,2
-2.14,1.1,2
-2.14,1.08,2
-1.56,1.04,2
-1.79,1.13,2
-1.79,1.12,2
-0.2,0.98,2
-0.2,0.97,2
-0.91,1.08,2
-1.56,1.18,2
0.88,1.02,2
0.88,0.97,2
-1.2,1.06,2
-1.7,1.08,2
0.13,0.9,2
0.06,0.85,2
-2.3,0.97,2
-2.3,0.89,2
-2.3,0.87,2
2.67,1.24,2
-0.1,0.89,2
0.87,1.14,2
0.87,1.12,2
-0.88,1.24,2
-2.51,0.94,2
-0.91,1.11,2
-1.4,1.02,2
-1.56,1.12,2
2.23,1.09,2
2.23,1.06,2
2.68,0.81,2
-0.88,1.19,2
0.87,1.37,2
0.87,1.28,2
-1.7,1.1,2
-1.7,1.09,2
-2.51,0.96,2
-2.51,0.95,2
0.87,0.97,2
1.25,1.38,2
1.25,1.36,2
1.25,1.26,2
1.25,1.81,2
1.25,1.05,2
-0.91,1.19,2
-1.7,1.05,2
-0.52,0.98,2
-0.52,0.88,2
2.22,1.03,2
-1.4,0.96,2
-3.05,0.98,2
-2.14,1.11,2
-1.31,1.51,2
2.22,1.2,2
2.22,1.15,2
2.22,1.14,2
-3.05,1.1,2
-3.05,1.09,2
2.22,0.99,2
1.25,1.31,2
1.25,1.4,2
1.25,1.39,2
-1.12,0.95,2
-3.05,0.95,2
-3.05,0.92,2
0.87,0.93,2
0.87,0.91,2
0.87,0.86,2
0.87,0.71,2
-0.1,1.06,2
-1.7,1.03,2
0.87,1.2,2
0.41,0.95,2
0.41,0.93,2
2.22,1.29,2
2.22,1.26,2
-1.51,1.2,2
0.19,0.83,2
-1.7,1.16,2
-0.64,1.05,2
-0.64,0.98,2
-0.64,0.94,2
-1.27,1.07,2
2.68,1.0,2
2.68,0.96,2
-0.64,0.89,2
1.26,1.04,2
-1.79,0.0,2
2.21,1.29,2
-0.52,1.03,2
-1.51,1.32,2
-1.51,1.28,2
-1.51,1.27,2
1.25,1.3,2
-1.8,1.39,2
2.21,1.1,2
1.26,1.51,2
1.26,1.34,2
1.26,1.33,2
1.26,1.29,2
1.26,1.23,2
-1.8,1.62,2
-1.8,1.41,2
0.35,1.03,2
2.21,1.32,2
-1.8,1.53,2
1.26,1.17,2
1.26,1.15,2
0.41,0.91,2
-1.7,1.17,2
-2.13,1.22,2
-2.13,1.14,2
2.21,0.87,2
-1.47,1.2,2
1.26,0.97,2
2.21,1.4,2
-2.14,1.32,2
-2.14,1.3,2
2.21,1.36,2
-2.76,1.09,2
-2.76,1.04,2
-2.76,1.03,2
2.21,1.2,2
2.21,1.17,2
2.21,1.16,2
2.21,1.13,2
-2.14,1.43,2
-0.1,1.14,2
0.86,1.19,2
0.86,1.18,2
-0.64,0.87,2
-0.64,0.86,2
2.68,0.9,2
-1.28,1.54,2
0.87,1.01,2
0.86,1.14,2
0.86,1.11,2
-1.7,1.27,2
-2.76,1.15,2
-2.76,1.12,2
-2.13,0.96,2
-2.13,1.23,2
2.2,1.23,2
-3.05,1.15,2
-3.05,1.14,2
2.2,1.03,2
-1.47,1.16,2
0.19,1.05,2
-3.05,1.35,2
-3.05,1.25,2
-1.31,1.23,2
-1.22,1.34,2
-1.22,1.32,2
-1.22,1.29,2
-1.22,1.25,2
-1.8,1.38,2
-1.8,1.33,2
1.26,1.22,2
1.27,1.15,2
-1.31,1.2,2
-1.31,1.16,2
-1.31,1.14,2
-1.7,1.23,2
-1.7,1.22,2
2.68,1.07,2
-2.31,1.23,2
-2.31,1.2,2
-2.31,1.18,2
-2.31,1.08,2
-2.31,1.07,2
0.86,0.85,2
-1.18,1.01,2
-1.02,0.94,2
2.2,1.25,2
2.2,1.01,2
-1.8,1.26,2
-1.8,1.23,2
-1.18,1.0,2
0.86,1.25,2
2.69,0.99,2
2.69,0.97,2
2.69,0.95,2
-1.43,1.15,2
0.86,1.06,2
-1.8,1.22,2
-1.8,1.16,2
-1.22,1.44,2
-1.22,1.39,2
1.27,1.19,2
1.27,1.18,2
-2.13,1.34,2
-2.13,1.26,2
2.2,1.13,2
-2.93,1.36,2
-2.93,1.25,2
-0.21,0.86,2
1.27,1.12,2
1.27,1.1,2
1.27,1.04,2
2.2,0.99,2
2.2,0.89,2
-0.52,1.17,2
-2.13,1.43,2
-2.13,1.41,2
1.27,1.46,2
1.27,1.38,2
1.27,1.32,2
1.27,1.27,2
0.86,0.95,2
-1.43,1.06,2
-3.11,1.13,2
-3.11,1.11,2
-3.11,1.1,2
2.69,1.14,2
2.69,1.12,2
0.41,1.09,2
0.13,1.07,2
0.13,1.06,2
-3.11,1.35,2
-3.11,1.27,2
1.27,1.25,2
1.27,1.22,2
-1.31,1.25,2
-0.51,1.04,2
1.27,1.51,2
2.19,1.16,2
2.19,1.14,2
-2.54,1.08,2
2.19,1.01,2
2.19,0.99,2
2.19,0.98,2
2.19,0.97,2
1.27,1.79,2
-0.21,1.09,2
0.19,1.2,2
-2.54,1.12,2
1.27,1.35,2
1.27,1.33,2
2.18,1.43,2
2.18,1.41,2
-2.12,0.96,2
0.19,1.04,2
-3.11,1.23,2
-3.11,1.2,2
-1.5,1.74,2
-2.63,1.0,2
-2.63,0.99,2
-2.31,1.36,2
0.85,0.97,2
-1.43,1.07,2
0.19,0.92,2
2.18,1.0,2
-0.51,0.76,2
-1.31,1.28,2
0.35,1.13,2
0.35,1.12,2
0.35,1.11,2
1.28,1.1,2
-0.21,0.95,2
-0.21,0.91,2
-1.8,1.08,2
-0.21,0.78,2
-1.4,1.23,2
-1.4,1.21,2
-0.91,0.92,2
1.28,1.22,2
1.28,1.19,2
0.01,1.14,2
0.01,1.12,2
-2.54,1.09,2
-0.51,1.14,2
0.01,1.11,2
-0.51,0.98,2
-0.51,0.95,2
-1.27,1.24,2
-2.63,0.95,2
0.13,1.13,2
0.85,1.36,2
0.85,1.21,2
0.85,1.18,2
-1.18,0.92,2
0.41,1.11,2
0.41,1.14,2
-2.88,0.87,2
-0.51,0.87,2
2.18,1.23,2
-1.4,1.17,2
2.7,0.85,2
-1.27,1.16,2
-2.73,1.17,2
-1.46,1.1,2
0.85,1.0,2
0.85,0.98,2
-2.32,1.39,2
0.12,1.37,2
2.7,1.09,2
-1.4,1.16,2
-1.4,1.14,2
-2.12,1.07,2
-2.12,1.0,2
-3.04,0.72,2
2.17,1.35,2
-2.12,1.18,2
2.17,1.07,2
2.17,1.04,2
-0.51,1.11,2
2.17,1.32,2
-0.22,1.16,2
-0.22,1.04,2
0.01,1.04,2
0.01,1.02,2
0.01,1.01,2
-2.12,1.39,2
-2.12,1.29,2
-2.12,1.15,2
-1.51,1.15,2
1.28,1.54,2
1.28,0.96,2
1.28,1.36,2
-1.81,1.49,2
-1.81,1.48,2
-1.4,1.11,2
2.7,1.16,2
2.7,1.12,2
2.7,1.11,2
-2.69,1.28,2
2.7,0.99,2
0.85,1.06,2
0.41,1.18,2
-2.69,1.21,2
0.84,1.1,2
0.84,1.07,2
-1.51,1.13,2
-2.12,1.19,2
1.29,1.07,2
-1.7,1.35,2
0.84,1.39,2
0.84,0.97,2
-1.7,1.61,2
-1.7,1.59,2
0.84,1.19,2
0.84,1.35,2
0.84,1.3,2
0.84,1.27,2
1.28,1.55,2
-1.02,1.15,2
-2.12,1.23,2
-2.12,1.22,2
0.19,1.16,2
-2.82,0.91,2
1.29,1.29,2
-0.09,0.93,2
-0.09,0.9,2
-2.82,1.42,2
2.7,1.21,2
-2.31,1.05,2
-2.31,1.02,2
-2.31,1.01,2
-2.31,0.98,2
-1.69,1.14,2
-1.46,1.38,2
-0.65,1.11,2
-1.81,1.47,2
-1.02,1.42,2
-2.12,1.41,2
2.17,1.03,2
2.71,1.05,2
-2.82,1.47,2
0.84,0.96,2
0.84,0.93,2
0.84,0.89,2
0.84,0.87,2
2.16,1.0,2
2.16,1.33,2
2.16,1.3,2
-3.04,0.96,2
-3.04,0.95,2
-3.04,0.94,2
1.29,1.51,2
-1.81,1.55,2
1.29,1.34,2
1.29,1.33,2
-0.87,0.86,2
-0.09,1.17,2
-0.09,0.88,2
-0.09,0.79,2
-1.69,1.04,2
-1.46,1.48,2
1.29,1.25,2
-3.04,0.91,2
-3.04,0.83,2
-0.5,0.86,2
2.16,1.13,2
2.16,1.11,2
1.29,1.76,2
2.16,1.28,2
2.16,1.25,2
-0.65,1.09,2
-2.93,1.06,2
-2.93,1.03,2
-2.93,1.19,2
-1.81,1.39,2
-1.81,1.38,2
-1.81,1.37,2
-2.93,1.15,2
-2.79,1.28,2
1.29,1.64,2
-2.11,1.05,2
-2.11,1.04,2
-2.11,0.92,2
2.16,0.98,2
2.16,0.97,2
1.29,1.44,2
-2.93,1.14,2
-1.17,1.1,2
0.83,1.05,2
2.71,0.94,2
2.71,0.91,2
2.71,0.88,2
2.71,0.87,2
-3.11,0.97,2
-3.11,0.96,2
-3.11,0.95,2
-0.09,0.97,2
-0.09,0.96,2
-2.88,1.07,2
-2.88,1.06,2
-0.92,1.3,2
-1.81,1.28,2
-2.93,1.07,2
2.71,1.16,2
2.71,1.08,2
-2.32,1.18,2
-2.32,1.17,2
-2.32,1.14,2
-2.32,1.12,2
2.71,1.01,2
2.72,1.13,2
-2.79,1.24,2
-2.79,1.19,2
2.15,1.32,2
-0.5,0.98,2
-0.5,0.92,2
2.15,1.41,2
-2.79,1.18,2
-2.79,1.14,2
-1.51,1.07,2
-1.51,1.03,2
-1.51,1.0,2
1.3,1.25,2
-1.56,1.5,2
-1.81,1.24,2
-0.5,0.9,2
-1.02,1.68,2
-1.13,1.47,2
-1.13,1.45,2
1.3,1.21,2
1.3,1.18,2
-1.81,1.35,2
-1.17,1.24,2
-1.17,1.21,2
2.71,1.22,2
2.15,1.13,2
2.72,0.93,2
2.72,0.86,2
2.71,1.23,2
-0.09,1.12,2
-0.09,1.11,2
-0.09,1.07,2
-0.09,1.04,2
-2.88,1.11,2
-1.69,1.25,2
2.72,0.99,2
2.72,1.35,2
2.15,1.09,2
-1.13,1.43,2
-1.13,1.29,2
-1.51,1.09,2
-2.11,1.15,2
2.14,1.06,2
-2.11,1.08,2
1.3,1.5,2
-1.81,1.16,2
-1.56,1.4,2
-2.11,1.06,2
-3.04,1.12,2
-3.04,1.11,2
2.15,0.97,2
2.15,0.93,2
2.14,1.33,2
-1.81,1.05,2
1.3,1.14,2
-1.17,1.16,2
-1.17,1.15,2
1.31,0.89,2
-1.81,1.19,2
-0.65,1.03,2
-0.65,0.98,2
-0.65,0.97,2
-0.8,1.34,2
2.72,1.22,2
2.72,1.17,2
-1.69,1.21,2
-1.69,1.2,2
-1.69,1.18,2
-1.69,1.16,2
1.3,1.57,2
2.14,1.25,2
-2.11,1.2,2
-2.11,1.16,2
1.31,1.1,2
1.31,1.06,2
-0.22,0.93,2
-0.22,0.83,2
-0.92,1.2,2
-0.92,1.15,2
-0.92,1.12,2
-0.83,1.1,2
-0.83,1.07,2
-0.83,1.02,2
-0.83,1.01,2
0.01,0.99,2
0.01,0.98,2
-0.92,1.07,2
-1.81,1.02,2
1.3,1.65,2
2.14,0.83,2
-0.82,1.24,2
-2.93,0.92,2
-2.93,0.87,2
-2.93,0.86,2
1.31,1.42,2
-0.92,1.05,2
-0.92,1.03,2
2.14,1.0,2
2.14,0.97,2
-3.04,1.1,2
-3.04,1.07,2
-2.11,1.39,2
-2.11,1.35,2
2.14,1.14,2
1.31,1.11,2
-1.69,1.22,2
0.42,1.11,2
0.42,1.1,2
0.82,0.93,2
-1.69,1.3,2
-0.09,1.19,2
0.82,0.78,2
-2.88,0.95,2
0.83,0.98,2
0.41,1.48,2
0.06,1.29,2
0.06,1.15,2
2.13,1.2,2
2.13,1.19,2
2.13,1.17,2
2.14,0.91,2
-2.93,0.96,2
0.82,0.81,2
-1.69,1.48,2
0.82,1.35,2
0.82,1.17,2
0.82,1.08,2
0.82,1.01,2
2.13,0.93,2
-2.54,1.03,2
-2.11,1.32,2
-2.11,1.29,2
1.31,1.3,2
1.31,1.27,2
1.31,1.25,2
2.13,1.3,2
-2.32,0.94,2
2.73,0.9,2
-1.11,1.26,2
0.41,1.36,2
0.42,1.13,2
0.42,1.12,2
2.74,0.89,2
-2.69,1.15,2
-2.69,1.1,2
-3.04,1.62,2
-2.54,0.99,2
-2.54,0.98,2
-2.54,0.97,2
-2.54,0.94,2
-2.54,0.89,2
2.12,1.18,2
2.12,1.17,2
2.12,1.07,2
0.34,1.2,2
-0.83,1.29,2
1.32,0.95,2
-1.82,1.7,2
-1.82,1.64,2
1.31,1.31,2
-3.04,1.41,2
2.12,1.31,2
2.12,1.21,2
-2.1,0.89,2
-1.4,1.4,2
-0.82,1.28,2
-2.62,1.05,2
2.73,1.02,2
2.73,1.01,2
-1.01,1.02,2
-1.82,1.49,2
1.32,1.19,2
1.32,1.17,2
2.73,1.14,2
-2.66,0.84,2
-2.63,0.93,2
-1.69,1.45,2
-1.69,1.39,2
0.81,0.93,2
-1.48,1.45,2
2.74,1.02,2
-2.93,1.01,2
2.12,1.15,2
2.12,1.14,2
2.12,1.1,2
-2.82,1.22,2
0.12,1.31,2
0.81,1.1,2
0.81,1.06,2
2.73,1.24,2
-2.6,0.76,2
0.81,1.0,2
-1.43,0.84,2
-1.82,1.59,2
-1.23,1.69,2
2.12,0.88,2
-2.54,1.06,2
-2.54,1.04,2
-2.1,1.08,2
-1.4,1.29,2
-1.4,1.28,2
-1.82,1.32,2
-1.4,1.27,2
-1.82,1.25,2
-1.82,1.24,2
-2.1,1.02,2
-2.1,0.96,2
-0.77,1.27,2
-0.77,1.26,2
-2.1,1.29,2
-2.1,1.27,2
-2.1,1.25,2
1.32,1.33,2
1.32,1.27,2
1.32,1.09,2
2.74,0.95,2
-2.51,1.25,2
0.12,1.3,2
0.12,1.2,2
-0.09,1.23,2
0.81,1.28,2
0.42,0.86,2
-2.51,1.05,2
2.75,1.12,2
2.75,1.08,2
2.75,1.07,2
-2.1,1.22,2
-1.23,1.48,2
-2.1,1.12,2
-2.1,1.1,2
2.11,1.33,2
-1.82,1.37,2
-1.82,1.35,2
2.75,0.92,2
0.8,1.32,2
-2.88,1.3,2
-2.88,1.28,2
-2.88,1.24,2
2.11,1.19,2
2.11,1.18,2
2.11,1.13,2
2.11,1.08,2
2.11,1.05,2
-0.23,1.15,2
-0.23,1.1,2
-0.23,1.09,2
1.32,1.25,2
1.32,1.2,2
-2.1,1.23,2
2.1,0.93,2
-0.23,0.89,2
0.34,1.08,2
0.34,1.06,2
1.32,1.46,2
2.11,1.02,2
2.11,0.99,2
-0.49,0.98,2
-0.49,0.97,2
2.11,1.36,2
0.34,0.99,2
-0.23,1.01,2
-1.82,1.22,2
-2.33,1.35,2
-3.11,0.86,2
2.75,0.94,2
0.2,1.05,2
0.2,1.01,2
-0.49,0.84,2
-0.5,1.41,2
0.8,1.23,2
0.8,1.18,2
-0.66,0.96,2
-2.33,1.2,2
-2.51,1.1,2
0.8,1.39,2
0.81,0.96,2
-2.09,0.0,2
2.1,1.16,2
-0.49,0.92,2
-0.49,0.9,2
2.1,0.96,2
1.33,1.13,2
0.8,0.87,2
-2.33,0.82,2
-0.66,1.08,2
-2.62,1.21,2
-0.87,1.0,2
0.12,1.01,2
0.12,1.0,2
-2.33,1.1,2
1.33,1.12,2
1.33,1.11,2
0.34,1.02,2
-2.1,1.44,2
2.1,1.25,2
2.1,1.24,2
-2.58,1.07,2
0.8,1.3,2
0.8,1.29,2
0.8,0.81,2
0.8,1.02,2
0.8,1.01,2
0.8,0.99,2
0.8,0.98,2
0.8,0.96,2
2.1,1.06,2
-2.09,0.99,2
0.34,1.13,2
-2.58,1.03,2
1.33,1.33,2
1.33,1.31,2
1.33,1.29,2
-0.92,0.95,2
2.76,0.95,2
2.76,0.94,2
2.76,0.85,2
0.12,1.04,2
0.79,1.29,2
2.76,1.03,2
2.76,1.0,2
2.76,0.97,2
-0.49,1.02,2
-2.09,0.96,2
-2.58,0.96,2
-2.58,0.93,2
-2.58,0.88,2
1.33,1.71,2
-2.88,1.14,2
-2.88,1.13,2
1.34,1.07,2
1.34,1.05,2
-1.01,1.14,2
0.2,1.35,2
2.09,1.3,2
2.09,1.09,2
2.09,1.05,2
2.09,0.99,2
0.2,0.96,2
0.2,0.9,2
1.33,1.08,2
1.33,1.06,2
-0.49,1.13,2
-0.49,1.08,2
0.8,0.7,2
-2.6,0.93,2
1.34,1.18,2
-1.4,1.59,2
1.34,1.15,2
1.33,1.24,2
-2.82,1.31,2
-2.33,1.0,2
-2.33,0.96,2
0.8,1.14,2
0.8,1.07,2
-0.66,0.9,2
0.79,1.15,2
0.79,1.11,2
-1.32,1.21,2
-1.32,1.2,2
2.09,1.26,2
1.34,1.08,2
1.34,1.34,2
0.42,1.18,2
0.42,1.17,2
-1.27,1.51,2
2.77,0.82,2
2.76,1.11,2
-2.6,0.88,2
0.79,1.38,2
0.79,1.32,2
0.79,0.94,2
-2.09,1.15,2
2.09,0.0,2
2.09,0.93,2
1.34,1.26,2
1.34,1.25,2
1.34,1.21,2
-2.09,1.38,2
-2.09,1.33,2
2.07,1.53,2
0.2,1.17,2
1.34,1.56,2
1.34,1.11,2
1.34,1.09,2
2.08,1.27,2
2.08,1.23,2
-2.09,1.26,2
-2.09,1.22,2
-2.09,1.2,2
2.08,1.1,2
2.08,1.06,2
1.34,1.32,2
1.34,0.94,2
2.08,1.01,2
2.08,0.99,2
-2.34,1.19,2
2.77,1.07,2
2.77,1.06,2
2.77,1.05,2
2.77,1.04,2
-0.81,0.88,2
-0.66,0.92,2
0.12,1.14,2
2.77,1.0,2
2.77,0.98,2
2.07,1.36,2
2.08,0.95,2
-2.09,1.46,2
-2.09,1.4,2
-1.83,1.43,2
1.34,1.49,2
-2.34,0.99,2
-2.34,1.59,2
0.42,1.14,2
-2.81,1.15,2
-1.68,1.06,2
-0.08,0.91,2
1.34,1.46,2
0.2,1.12,2
0.21,0.85,2
0.21,0.83,2
-3.03,1.05,2
-3.03,1.04,2
-1.83,1.31,2
1.34,1.29,2
2.77,1.09,2
2.77,1.08,2
0.79,1.01,2
0.42,1.41,2
0.78,1.53,2
-1.68,1.02,2
1.35,0.94,2
-1.83,1.41,2
-1.83,1.35,2
-0.49,1.31,2
-2.76,0.94,2
-2.76,0.92,2
2.07,1.13,2
-1.17,1.44,2
-1.83,1.48,2
-1.83,1.47,2
-0.48,0.94,2
-0.48,0.9,2
2.07,1.1,2
2.07,1.09,2
2.07,1.08,2
2.07,1.05,2
2.07,1.03,2
2.07,0.98,2
2.07,1.22,2
-0.48,0.74,2
-0.24,1.06,2
-0.24,1.05,2
-0.24,1.0,2
1.35,1.17,2
-1.83,1.29,2
-1.83,1.25,2
-1.07,1.1,2
-2.34,1.04,2
-2.34,1.17,2
-1.68,1.23,2
-1.68,1.18,2
-1.68,1.16,2
0.78,0.93,2
-0.67,1.28,2
-3.12,1.17,2
-3.12,1.16,2
0.2,1.41,2
0.21,0.91,2
0.21,0.88,2
0.21,0.87,2
-1.47,1.13,2
-0.48,0.95,2
2.06,1.16,2
2.06,1.39,2
-1.51,0.93,2
-0.48,0.88,2
2.07,0.97,2
2.06,1.19,2
2.06,1.17,2
1.35,0.97,2
1.35,1.44,2
1.35,1.43,2
1.35,1.42,2
1.35,1.11,2
-2.09,1.55,2
2.07,1.2,2
0.78,1.14,2
-1.07,1.17,2
1.35,1.34,2
1.35,1.3,2
2.78,1.1,2
2.78,1.05,2
-2.34,1.08,2
-2.34,1.07,2
2.78,0.92,2
-2.88,1.39,2
-2.88,1.38,2
-0.08,1.08,2
-0.08,1.04,2
0.78,1.3,2
2.78,1.01,2
1.35,1.08,2
1.35,1.05,2
1.35,1.04,2
-1.83,1.17,2
1.36,1.26,2
2.06,0.99,2
-1.83,1.12,2
1.35,1.54,2
1.35,1.5,2
-0.24,0.94,2
0.33,1.24,2
0.34,0.93,2
2.06,0.95,2
-2.68,0.87,2
2.06,1.3,2
2.06,1.26,2
2.06,1.24,2
1.35,1.41,2
1.35,1.4,2
2.78,0.97,2
2.78,1.11,2
-2.66,0.85,2
0.78,1.09,2
0.78,1.03,2
0.78,1.02,2
0.78,0.99,2
0.78,0.97,2
-1.68,1.15,2
-0.67,0.92,2
-0.67,1.23,2
-1.16,0.91,2
-1.16,0.9,2
-0.93,1.25,2
1.36,1.05,2
1.36,1.01,2
-0.48,1.06,2
-2.81,1.08,2
-1.83,1.01,2
-1.83,0.97,2
0.01,1.47,2
1.36,1.22,2
1.36,1.2,2
1.36,1.15,2
-0.24,0.93,2
-2.7,1.39,2
2.06,1.06,2
-0.24,0.76,2
2.06,1.23,2
2.06,1.22,2
-1.13,1.2,2
-2.7,1.48,2
-1.16,0.95,2
-0.24,0.99,2
-0.48,1.19,2
-0.48,1.14,2
-0.67,1.11,2
-3.12,1.31,2
-3.12,1.2,2
-3.12,1.18,2
-0.67,1.01,2
-2.34,0.86,2
2.78,1.03,2
-2.62,0.98,2
-2.62,0.96,2
-2.62,0.93,2
-0.48,1.13,2
-0.48,1.08,2
-3.03,1.16,2
-3.03,1.12,2
2.05,1.2,2
-1.32,1.02,2
-2.58,1.27,2
1.36,1.12,2
1.36,1.11,2
0.21,1.08,2
-3.03,1.19,2
-0.48,1.03,2
-0.48,0.99,2
-1.47,1.09,2
-1.47,1.07,2
0.04,1.42,2
-1.56,1.52,2
-1.16,0.98,2
-2.08,1.18,2
-2.94,1.22,2
-2.94,1.21,2
2.05,1.39,2
-2.62,0.92,2
-1.68,1.54,2
2.79,1.02,2
2.79,1.0,2
0.43,0.97,2
-1.46,1.3,2
-0.67,0.94,2
0.77,1.02,2
-1.67,0.88,2
0.12,0.9,2
2.79,0.97,2
2.04,1.39,2
2.04,1.25,2
2.04,1.22,2
-2.94,1.51,2
-2.94,1.42,2
-0.67,0.99,2
-0.67,0.98,2
-0.67,1.09,2
-0.67,1.08,2
0.77,0.92,2
-0.08,1.01,2
0.77,0.81,2
-2.35,1.26,2
-2.35,1.14,2
-2.08,1.28,2
-2.08,1.26,2
-2.08,1.25,2
1.37,1.25,2
-2.35,1.12,2
2.8,1.03,2
2.8,1.02,2
2.79,1.18,2
2.79,1.06,2
0.77,1.11,2
-1.68,1.31,2
-2.87,0.74,2
-2.36,1.38,2
-2.35,1.06,2
1.37,0.99,2
2.04,1.33,2
2.04,1.32,2
2.04,1.29,2
2.04,1.27,2
0.21,0.96,2
0.21,0.92,2
-1.84,1.95,2
-1.84,1.93,2
-1.84,1.9,2
2.04,1.2,2
1.37,1.16,2
1.37,1.14,2
1.37,1.13,2
-1.84,1.78,2
-1.84,1.7,2
1.37,1.41,2
1.37,1.36,2
1.37,1.35,2
1.37,1.23,2
1.37,1.22,2
1.37,1.21,2
2.04,1.15,2
2.04,1.1,2
2.04,1.09,2
2.8,0.88,2
-2.35,0.9,2
-2.35,1.47,2
-0.87,1.14,2
2.81,0.79,2
-2.8,1.13,2
-2.8,1.12,2
-2.8,1.11,2
2.04,1.08,2
2.04,1.07,2
2.04,1.02,2
-2.08,1.21,2
-0.47,0.92,2
-2.8,1.09,2
-0.87,1.12,2
-0.75,1.11,2
-1.48,1.43,2
2.8,1.05,2
-2.35,0.81,2
-1.67,1.08,2
-1.67,1.06,2
-1.68,1.32,2
-1.67,1.0,2
-3.12,1.05,2
-3.12,1.02,2
-0.47,0.96,2
0.21,1.02,2
0.21,0.97,2
-1.21,1.21,2
-0.75,1.08,2
-0.75,1.03,2
-0.75,1.0,2
-0.75,0.97,2
2.82,0.86,2
-3.12,1.07,2
1.38,1.11,2
-2.07,1.13,2
2.04,0.91,2
-2.08,1.74,2
1.38,1.44,2
0.33,1.07,2
0.33,1.06,2
1.37,1.51,2
-2.63,1.28,2
0.76,1.26,2
0.76,1.16,2
-1.46,1.29,2
-2.81,1.34,2
-2.81,1.24,2
0.75,0.95,2
-1.39,1.12,2
-0.47,1.06,2
-0.47,1.03,2
-0.47,0.99,2
-2.07,1.06,2
-2.07,1.05,2
-2.07,1.04,2
-1.39,1.08,2
-1.39,1.06,2
2.81,1.1,2
1.38,1.24,2
1.38,1.22,2
0.75,0.94,2
2.81,1.02,2
2.81,0.97,2
2.82,0.91,2
2.82,0.9,2
-1.67,1.16,2
-1.67,1.13,2
-1.67,1.12,2
1.38,1.1,2
1.38,1.08,2
-1.13,1.05,2
0.33,1.0,2
-1.67,1.25,2
0.75,1.2,2
0.75,1.26,2
0.75,1.23,2
-0.08,1.41,2
0.75,1.06,2
0.75,1.03,2
-1.67,1.47,2
-2.68,0.98,2
-2.68,0.94,2
2.03,1.37,2
2.03,1.35,2
-1.84,1.37,2
-1.84,1.36,2
-1.84,1.34,2
-1.84,1.12,2
1.38,1.32,2
1.38,1.27,2
-1.84,1.23,2
-1.84,1.2,2
-2.94,1.04,2
2.03,1.3,2
2.03,1.27,2
2.03,1.25,2
2.03,1.16,2
2.03,1.15,2
0.21,1.2,2
0.22,0.99,2
0.22,0.97,2
0.22,0.96,2
2.03,1.03,2
2.03,1.01,2
2.03,0.99,2
1.38,1.55,2
-2.94,1.17,2
-2.94,1.16,2
-1.67,1.45,2
2.82,0.97,2
-2.36,1.37,2
-2.36,1.22,2
-2.36,1.2,2
-2.36,1.18,2
0.75,0.86,2
-1.44,1.52,2
-1.44,1.38,2
-2.94,1.14,2
-1.84,1.69,2
1.39,1.02,2
1.39,0.96,2
-1.84,1.25,2
0.75,1.14,2
0.75,1.09,2
0.75,1.08,2
0.74,1.18,2
0.74,1.15,2
-3.12,0.95,2
2.03,1.07,2
2.03,1.04,2
-2.63,1.23,2
-2.63,1.22,2
2.02,1.23,2
2.02,1.22,2
1.39,1.07,2
1.39,1.05,2
1.39,1.04,2
-2.94,1.19,2
0.11,0.96,2
0.11,0.95,2
0.11,0.94,2
-2.36,1.12,2
-1.67,1.44,2
-2.07,1.14,2
-1.16,1.09,2
1.39,1.64,2
1.39,1.63,2
1.39,1.11,2
1.39,1.24,2
1.39,1.17,2
-2.74,1.1,2
2.82,1.03,2
2.82,1.02,2
0.75,1.17,2
2.01,1.26,2
-1.16,1.17,2
-1.16,1.16,2
-1.39,1.02,2
-1.33,1.29,2
-1.33,1.27,2
2.02,1.31,2
2.02,1.3,2
2.02,0.96,2
-0.93,1.18,2
1.39,1.36,2
2.02,1.2,2
-2.07,1.29,2
-2.07,1.27,2
-3.12,0.94,2
0.11,1.0,2
2.83,1.14,2
2.83,1.13,2
2.83,1.03,2
-3.12,0.88,2
-2.36,0.95,2
-2.36,0.93,2
-2.74,1.07,2
0.74,1.04,2
-2.87,0.94,2
0.74,1.01,2
0.74,0.92,2
0.74,0.91,2
-1.33,1.45,2
-1.33,1.43,2
2.01,1.43,2
-0.47,1.36,2
2.01,1.02,2
2.01,1.0,2
-2.36,0.97,2
-2.36,1.0,2
-2.74,1.04,2
-2.74,1.02,2
2.83,1.23,2
-1.19,1.14,2
-1.67,1.38,2
2.01,0.95,2
2.01,0.93,2
2.01,1.38,2
2.01,1.29,2
-1.33,1.13,2
-0.25,1.12,2
-2.07,1.57,2
-0.77,1.05,2
-3.02,1.05,2
-1.55,1.14,2
-1.55,1.07,2
-0.93,1.16,2
-1.16,1.19,2
-1.16,1.18,2
-1.33,1.11,2
-1.33,1.52,2
-1.33,1.5,2
2.01,1.07,2
2.01,1.06,2
-1.13,1.12,2
2.01,1.19,2
2.01,1.15,2
-2.07,1.44,2
0.11,0.78,2
-1.49,1.2,2
-1.49,1.18,2
-1.49,1.17,2
-2.87,0.98,2
-2.87,0.96,2
0.11,1.15,2
0.73,1.12,2
0.73,1.05,2
0.73,1.03,2
-0.25,0.85,2
-0.25,1.19,2
-0.25,1.14,2
-1.13,1.1,2
-1.13,1.08,2
-2.06,0.95,2
-3.02,1.02,2
-3.02,0.94,2
2.0,1.55,2
2.0,1.45,2
1.4,1.06,2
1.4,1.02,2
1.4,0.99,2
-3.02,1.04,2
-1.23,1.39,2
-0.77,1.2,2
-0.77,1.12,2
1.4,1.22,2
-0.25,1.0,2
-0.25,0.99,2
-1.19,1.08,2
2.84,0.85,2
0.43,1.05,2
0.11,1.09,2
0.11,1.06,2
-2.36,0.89,2
-2.36,1.06,2
-2.36,1.01,2
2.84,1.05,2
2.84,1.04,2
-0.07,0.71,2
2.84,1.14,2
2.84,1.08,2
1.4,1.71,2
1.4,1.12,2
1.4,1.11,2
1.4,1.09,2
-3.02,1.03,2
1.4,1.59,2
1.4,1.46,2
-1.85,1.56,2
-0.68,0.85,2
2.84,1.03,2
0.73,0.91,2
-1.85,1.53,2
-1.85,1.5,2
-1.85,1.48,2
2.0,1.34,2
2.0,1.32,2
2.0,1.23,2
2.0,1.2,2
-2.94,0.92,2
0.73,1.01,2
-1.67,1.79,2
2.85,1.2,2
2.85,1.13,2
0.43,1.03,2
0.43,1.24,2
-0.07,0.78,2
-0.07,1.08,2
-0.07,1.03,2
0.72,1.16,2
0.72,1.12,2
-1.39,1.4,2
0.22,1.22,2
2.0,1.1,2
-1.39,1.32,2
-1.39,1.28,2
2.0,1.44,2
2.0,1.42,2
-2.06,1.13,2
-2.06,1.11,2
-2.06,1.51,2
1.99,1.47,2
1.41,1.08,2
-1.46,0.98,2
-1.55,0.99,2
0.32,1.4,2
-1.85,1.41,2
2.0,1.13,2
0.22,0.88,2
-1.52,1.34,2
-2.94,1.0,2
-1.85,1.64,2
-0.25,0.8,2
-1.1,0.98,2
-0.46,0.87,2
1.41,1.5,2
0.33,0.91,2
2.85,1.0,2
-2.37,1.32,2
2.85,0.84,2
2.85,0.81,2
-0.07,0.94,2
-0.07,0.93,2
-0.86,0.84,2
-1.19,1.21,2
0.72,0.95,2
2.85,1.42,2
1.41,0.95,2
1.41,0.78,2
-1.39,1.35,2
-3.02,1.38,2
1.41,1.68,2
1.41,1.21,2
1.41,1.19,2
-1.26,1.29,2
-1.26,1.26,2
2.85,1.07,2
2.85,1.06,2
-1.66,0.99,2
-2.64,0.82,2
-0.07,1.12,2
-1.66,1.35,2
0.72,1.24,2
-1.66,1.29,2
-1.66,1.28,2
-0.46,0.94,2
-2.06,1.23,2
-0.69,1.41,2
0.1,1.3,2
0.72,1.07,2
0.72,1.02,2
-0.86,0.94,2
0.71,1.03,2
0.1,1.22,2
0.11,0.86,2
0.11,0.84,2
1.99,1.18,2
1.99,1.15,2
1.99,1.1,2
1.99,1.37,2
1.99,1.36,2
-3.02,1.39,2
1.99,1.07,2
-1.85,1.36,2
-1.85,1.32,2
-1.85,1.3,2
-1.16,1.08,2
-1.16,1.04,2
1.41,1.64,2
-1.0,1.0,2
1.99,1.26,2
-1.0,0.95,2
-1.0,0.93,2
-0.93,1.01,2
-0.93,1.0,2
1.41,1.42,2
1.41,1.33,2
1.41,1.32,2
-1.85,1.22,2
-1.0,0.9,2
2.86,0.96,2
2.86,0.84,2
2.86,0.83,2
2.86,0.8,2
-1.26,1.23,2
-1.26,1.22,2
0.72,0.89,2
-1.66,1.1,2
0.71,1.47,2
0.71,1.33,2
2.86,1.2,2
2.86,1.13,2
-1.0,0.89,2
-2.55,1.23,2
1.98,1.32,2
1.98,1.31,2
1.98,1.3,2
1.98,1.29,2
1.98,1.23,2
-1.16,1.06,2
-1.16,1.01,2
-0.46,1.13,2
-0.46,1.11,2
-0.46,1.1,2
-0.46,1.08,2
-0.46,1.07,2
-1.0,0.97,2
-1.0,0.96,2
-1.85,1.27,2
-0.26,1.17,2
1.42,1.36,2
-1.39,1.25,2
1.42,1.28,2
1.42,1.27,2
1.42,1.26,2
1.42,1.89,2
1.42,1.22,2
1.42,1.18,2
1.42,1.16,2
1.42,0.86,2
-1.85,1.4,2
1.98,1.52,2
1.98,1.46,2
1.98,1.38,2
1.98,1.36,2
1.98,1.34,2
1.98,1.21,2
1.98,1.2,2
1.42,1.11,2
2.86,1.1,2
2.86,1.07,2
2.86,1.05,2
-0.06,0.71,2
-0.07,1.29,2
-0.07,1.24,2
0.72,1.0,2
0.71,1.05,2
0.71,1.04,2
-2.61,1.31,2
0.71,1.32,2
-0.69,1.14,2
1.42,1.39,2
1.42,1.14,2
-2.38,1.26,2
-2.38,1.22,2
-1.66,1.24,2
-1.66,1.23,2
-1.66,1.22,2
-1.1,0.92,2
0.71,1.25,2
0.71,1.24,2
0.43,1.17,2
1.98,1.1,2
1.98,1.09,2
0.22,1.01,2
0.32,0.99,2
-0.46,0.95,2
1.97,1.48,2
-2.38,0.96,2
2.87,1.1,2
-0.69,1.25,2
0.71,1.09,2
0.71,1.01,2
0.71,0.98,2
0.71,0.96,2
0.22,1.0,2
-2.63,1.12,2
-2.63,1.1,2
1.97,1.51,2
-2.05,1.07,2
-2.05,1.06,2
1.42,1.93,2
0.32,1.07,2
0.32,1.06,2
2.87,1.0,2
2.87,1.16,2
2.87,1.14,2
2.87,1.12,2
0.1,1.1,2
-2.38,1.17,2
-2.05,1.03,2
1.98,0.96,2
0.22,1.13,2
-1.33,0.96,2
-1.85,0.85,2
1.42,1.67,2
1.42,1.58,2
1.42,1.32,2
-0.84,1.29,2
-1.66,1.38,2
1.97,1.25,2
-1.52,1.27,2
-1.52,1.26,2
1.97,1.36,2
1.97,1.33,2
1.97,1.22,2
1.97,1.2,2
1.97,1.18,2
1.97,1.17,2
1.97,1.02,2
-1.33,1.03,2
1.97,0.97,2
-1.85,1.11,2
0.32,1.03,2
0.32,1.02,2
-2.87,1.1,2
-1.52,1.25,2
0.22,1.54,2
-2.81,1.06,2
-2.81,1.05,2
-0.45,0.77,2
-1.33,1.05,2
1.43,1.12,2
-0.26,1.07,2
-0.26,1.04,2
-2.05,1.35,2
-2.05,1.34,2
-2.05,1.31,2
-2.05,1.23,2
-2.05,1.21,2
-2.05,1.2,2
1.97,1.26,2
1.43,0.9,2
-2.38,1.14,2
-2.38,1.1,2
-2.38,1.07,2
-2.38,0.94,2
-2.38,0.87,2
2.87,1.37,2
2.87,1.08,2
2.87,1.05,2
-0.69,0.84,2
0.7,0.97,2
0.7,0.96,2
0.7,1.24,2
-1.86,1.92,2
-1.39,1.48,2
-1.86,1.62,2
1.43,1.42,2
0.7,1.22,2
0.7,1.19,2
0.7,1.16,2
-2.61,1.27,2
-1.66,1.46,2
-0.06,1.01,2
-2.87,1.03,2
0.7,1.07,2
-2.05,1.18,2
-2.63,1.05,2
-2.05,1.74,2
1.43,1.29,2
1.43,1.27,2
1.43,1.21,2
1.43,1.03,2
-1.86,1.15,2
1.43,2.11,2
1.43,1.95,2
-1.39,1.46,2
-0.26,1.01,2
-2.05,1.62,2
-1.0,1.19,2
-1.0,1.12,2
-2.05,1.15,2
1.96,1.41,2
1.43,1.56,2
-1.86,1.38,2
-1.86,1.3,2
-0.26,0.99,2
-0.26,0.9,2
1.43,1.43,2
-0.45,0.97,2
1.96,1.31,2
1.96,1.3,2
1.96,1.28,2
1.96,1.26,2
1.96,1.02,2
-1.86,1.28,2
1.43,1.31,2
1.96,1.34,2
1.96,1.51,2
1.96,1.43,2
1.96,1.21,2
1.96,1.12,2
-2.05,1.58,2
-2.05,1.55,2
-0.45,1.05,2
-1.46,1.08,2
-1.46,1.06,2
1.43,1.64,2
-0.06,0.94,2
-0.06,0.9,2
-1.49,1.1,2
-0.69,1.04,2
-0.69,1.02,2
-0.69,1.0,2
-0.69,0.99,2
-0.69,0.92,2
2.89,0.8,2
2.88,1.06,2
2.88,1.05,2
-0.45,1.0,2
-0.45,0.99,2
-0.27,1.16,2
1.44,1.22,2
1.44,1.21,2
1.44,1.16,2
1.96,0.98,2
0.32,1.18,2
0.32,1.13,2
-1.86,1.12,2
-1.86,1.44,2
1.43,2.57,2
-2.55,1.0,2
-2.55,0.99,2
1.96,1.07,2
1.96,1.06,2
-0.45,1.09,2
-2.55,0.94,2
2.88,0.98,2
2.88,0.96,2
2.88,0.94,2
2.88,0.93,2
2.88,0.92,2
2.88,0.86,2
0.1,0.98,2
-2.61,1.34,2
-0.06,0.96,2
0.43,1.29,2
0.43,1.27,2
-2.5,1.08,2
1.44,1.01,2
1.44,1.0,2
-0.26,0.88,2
-1.46,1.03,2
2.88,1.26,2
-0.06,0.87,2
0.7,0.91,2
2.88,1.17,2
0.69,1.32,2
2.89,0.99,2
1.95,1.38,2
-0.45,0.92,2
-0.45,0.91,2
-0.45,0.9,2
0.23,0.79,2
1.44,1.06,2
-1.86,1.25,2
-1.86,1.23,2
-1.86,1.2,2
2.88,0.99,2
1.95,1.34,2
-2.81,1.02,2
-2.81,1.01,2
-2.81,1.0,2
-2.81,0.99,2
-2.81,0.96,2
1.44,1.53,2
1.44,1.04,2
-0.26,0.87,2
-1.52,1.19,2
-2.55,1.16,2
-1.86,1.39,2
1.95,1.48,2
-2.5,1.01,2
-2.5,1.0,2
2.89,0.91,2
1.44,1.25,2
1.44,2.01,2
-2.39,1.27,2
-2.39,1.2,2
-1.26,1.42,2
-2.74,1.35,2
2.89,0.86,2
2.89,1.08,2
0.69,1.24,2
0.69,1.13,2
0.69,1.07,2
-2.5,0.97,2
-1.65,1.06,2
1.44,1.12,2
1.44,1.11,2
1.95,1.36,2
-2.04,1.06,2
-1.13,0.98,2
-1.13,0.93,2
-1.13,0.87,2
-1.86,1.05,2
-0.27,1.14,2
-0.27,1.12,2
-0.27,1.08,2
1.44,1.35,2
1.44,1.33,2
1.95,1.12,2
-3.01,0.96,2
-2.04,1.11,2
-2.55,1.14,2
-2.55,1.13,2
1.44,1.27,2
-0.27,1.0,2
-0.27,0.98,2
1.44,2.29,2
-0.27,0.88,2
-2.8,0.9,2
0.44,0.92,2
0.44,0.87,2
0.69,0.95,2
-0.86,1.14,2
-0.86,1.12,2
-0.06,1.02,2
-1.65,1.02,2
-1.65,1.0,2
-1.65,0.93,2
-0.27,0.77,2
-2.04,1.1,2
1.45,1.47,2
1.45,1.45,2
1.45,1.36,2
1.45,1.32,2
-1.55,1.17,2
-2.04,1.02,2
1.45,1.3,2
1.45,1.28,2
1.45,1.24,2
1.45,1.21,2
-1.55,1.3,2
-1.55,1.29,2
-1.55,1.28,2
-1.55,1.27,2
-1.55,1.23,2
-1.55,1.22,2
1.45,1.09,2
1.45,1.07,2
-0.86,1.03,2
-0.86,0.96,2
0.44,1.15,2
2.89,1.16,2
2.89,1.13,2
2.9,0.94,2
2.9,0.89,2
2.9,0.85,2
0.44,1.14,2
0.44,1.13,2
0.44,1.12,2
0.68,1.13,2
-2.87,1.32,2
1.45,0.96,2
0.68,0.86,2
-2.39,0.99,2
-2.39,0.97,2
0.1,0.92,2
0.1,0.83,2
0.1,1.17,2
0.68,1.26,2
-0.06,1.12,2
-3.01,1.01,2
-3.01,0.99,2
-0.45,1.36,2
1.94,1.51,2
1.94,1.22,2
1.94,1.2,2
-2.95,1.39,2
1.45,1.12,2
1.94,1.3,2
1.94,1.28,2
1.94,1.26,2
-1.87,1.74,2
-2.95,1.29,2
1.45,1.95,2
1.45,1.69,2
1.94,1.63,2
-1.34,1.47,2
-1.52,1.1,2
-2.04,1.27,2
-2.04,1.25,2
-1.87,1.46,2
-2.95,1.53,2
-3.01,0.92,2
-3.01,0.91,2
-0.79,1.05,2
-1.87,1.89,2
-2.95,1.47,2
1.94,1.39,2
0.1,1.13,2
2.9,1.02,2
2.9,1.01,2
2.9,1.0,2
2.9,0.98,2
2.9,1.23,2
-2.39,1.03,2
0.68,1.12,2
0.68,1.11,2
0.68,1.1,2
1.94,1.35,2
1.94,1.31,2
0.68,1.0,2
-1.65,1.17,2
2.9,1.15,2
-2.39,1.12,2
-2.39,1.09,2
0.07,0.96,2
-1.08,1.1,2
-1.08,1.09,2
-2.39,0.87,2
1.94,1.04,2
1.94,1.01,2
1.93,1.51,2
1.93,1.49,2
-0.79,1.2,2
-0.79,1.13,2
-0.79,1.09,2
1.46,1.32,2
1.46,1.31,2
1.46,1.02,2
1.46,1.0,2
1.93,1.41,2
1.93,1.39,2
-2.04,1.2,2
-0.44,0.95,2
-0.44,0.94,2
-0.44,0.92,2
1.46,1.16,2
1.46,1.11,2
1.46,1.05,2
-0.79,1.23,2
-1.87,1.5,2
1.94,1.14,2
-2.04,1.34,2
-0.44,1.29,2
-0.44,1.17,2
-2.95,1.02,2
-1.87,1.29,2
-1.87,1.25,2
1.46,1.41,2
1.93,1.14,2
1.93,1.11,2
1.93,1.06,2
1.93,1.55,2
-0.44,1.02,2
-0.44,1.01,2
-0.44,0.99,2
-2.04,1.49,2
1.46,1.37,2
1.46,1.26,2
-2.04,1.42,2
-2.04,1.4,2
-2.04,1.38,2
-2.39,0.8,2
2.91,0.9,2
-0.75,1.38,2
-0.75,1.26,2
-0.75,1.17,2
-2.74,1.29,2
2.9,1.19,2
2.9,1.17,2
-0.06,1.09,2
-0.06,1.08,2
0.44,1.02,2
2.91,1.11,2
-3.01,1.06,2
-3.01,1.03,2
1.92,1.61,2
-2.04,1.71,2
-2.04,1.69,2
-3.01,1.11,2
-3.01,1.07,2
-2.04,1.32,2
-2.04,1.3,2
1.92,1.57,2
1.92,1.49,2
-2.04,1.67,2
-2.04,1.66,2
1.92,1.26,2
1.46,1.78,2
-2.95,1.28,2
1.92,1.29,2
-2.95,1.22,2
-1.87,1.4,2
2.91,1.09,2
2.91,1.06,2
2.91,1.05,2
-1.08,1.11,2
-1.65,1.09,2
-1.44,1.05,2
0.67,1.42,2
0.67,0.77,2
-1.65,1.33,2
-2.95,1.1,2
1.92,1.15,2
1.92,1.11,2
1.92,1.1,2
2.91,0.94,2
-3.13,1.2,2
2.91,1.39,2
2.91,0.8,2
0.67,1.4,2
0.67,1.3,2
0.67,1.11,2
0.67,1.08,2
0.44,1.1,2
0.44,1.08,2
0.44,1.06,2
-0.99,1.05,2
-0.99,0.98,2
-0.99,0.97,2
-0.99,0.95,2
1.92,1.31,2
-0.7,1.38,2
0.44,0.99,2
0.67,0.96,2
0.67,0.94,2
-1.44,1.14,2
-1.44,1.13,2
-1.65,1.49,2
1.47,1.11,2
1.47,1.09,2
1.47,1.08,2
-1.87,1.38,2
-0.28,1.26,2
-2.03,1.09,2
1.92,1.05,2
-1.87,1.22,2
2.91,1.01,2
0.23,0.94,2
-2.03,1.27,2
-0.94,1.36,2
-0.94,1.33,2
1.47,1.32,2
-2.68,1.08,2
0.23,1.29,2
0.23,1.28,2
-1.34,1.26,2
-1.34,1.21,2
-1.34,1.17,2
-1.34,1.16,2
-1.87,1.12,2
0.31,1.15,2
-3.13,1.27,2
-2.74,1.22,2
1.47,1.5,2
-1.87,1.2,2
-1.65,1.46,2
-1.65,1.42,2
0.66,1.17,2
2.92,1.06,2
2.92,0.97,2
-3.13,1.37,2
-1.65,1.28,2
0.67,1.15,2
-1.64,1.13,2
-1.64,1.12,2
-0.06,1.35,2
1.91,1.42,2
1.91,1.41,2
-1.34,1.29,2
-2.4,1.29,2
-2.4,1.27,2
-2.4,1.26,2
2.92,1.23,2
2.92,1.21,2
2.92,1.17,2
-0.7,1.25,2
0.66,1.02,2
0.66,1.01,2
-1.16,1.27,2
-2.03,1.26,2
-2.03,1.22,2
-2.03,1.21,2
-2.03,1.18,2
-2.03,1.01,2
-2.03,0.94,2
1.48,1.22,2
-1.44,1.12,2
0.66,0.96,2
2.93,0.87,2
2.92,1.31,2
2.92,0.93,2
-1.19,0.85,2
1.48,1.21,2
0.31,1.08,2
0.31,1.06,2
0.31,1.05,2
-1.87,1.16,2
-2.83,0.84,2
-2.68,1.2,2
1.48,1.05,2
-1.64,1.08,2
1.48,1.07,2
2.93,1.07,2
0.07,0.86,2
0.07,0.81,2
0.07,0.8,2
-1.49,1.37,2
2.92,1.15,2
2.93,1.3,2
2.93,1.19,2
0.1,0.97,2
0.1,0.96,2
1.91,1.21,2
-2.03,1.33,2
1.91,1.04,2
1.47,1.65,2
1.48,1.27,2
-1.34,1.41,2
0.1,0.95,2
0.1,0.93,2
2.93,1.05,2
2.93,0.98,2
2.93,0.95,2
0.66,0.92,2
-0.7,1.0,2
-0.7,0.97,2
-0.77,1.04,2
1.91,1.33,2
-0.82,1.23,2
-2.03,1.38,2
-2.03,1.37,2
1.91,1.05,2
1.48,1.08,2
1.9,1.34,2
1.9,1.33,2
1.9,1.26,2
-0.28,1.17,2
-0.28,1.14,2
-0.28,1.08,2
-0.28,1.05,2
-0.77,1.02,2
-0.77,1.01,2
-0.77,0.99,2
-0.77,0.98,2
0.23,1.23,2
1.9,1.23,2
-2.95,0.94,2
-2.95,0.93,2
0.31,0.98,2
-1.88,1.55,2
1.9,1.22,2
-1.08,0.95,2
-2.4,0.9,2
0.65,1.38,2
0.65,1.34,2
-1.64,1.37,2
-1.64,1.32,2
-1.64,1.24,2
-1.64,1.22,2
-1.64,1.19,2
-1.64,1.18,2
-2.03,1.35,2
1.9,1.05,2
-2.7,1.18,2
1.9,1.39,2
-2.4,1.07,2
0.09,1.36,2
0.09,1.35,2
0.65,0.88,2
-0.7,1.01,2
-1.08,1.04,2
-1.08,0.94,2
-1.08,0.93,2
-2.4,1.13,2
0.64,1.16,2
-1.88,1.75,2
-2.57,0.9,2
1.49,1.3,2
1.49,1.27,2
1.49,1.23,2
1.49,1.18,2
-2.02,1.18,2
-0.43,0.96,2
-2.02,1.1,2
-1.88,1.42,2
-1.88,1.38,2
-0.28,0.95,2
1.9,1.18,2
1.9,1.16,2
1.9,1.13,2
-0.99,1.21,2
-1.88,1.36,2
-0.28,0.84,2
-2.95,0.99,2
0.65,1.19,2
0.64,1.38,2
-2.4,1.1,2
-0.99,1.07,2
-2.02,0.97,2
-2.02,1.22,2
0.65,1.13,2
0.65,1.12,2
0.65,1.08,2
0.65,1.07,2
0.65,1.02,2
0.65,0.99,2
0.65,0.95,2
-2.61,1.1,2
-1.64,1.27,2
-0.05,0.82,2
-0.05,0.8,2
-2.02,1.2,2
-2.02,1.19,2
0.64,1.03,2
0.64,1.02,2
0.07,0.94,2
0.07,0.91,2
-1.25,1.03,2
-1.08,1.07,2
0.09,1.27,2
0.64,1.0,2
0.64,0.98,2
1.49,1.1,2
1.89,1.76,2
-0.94,1.12,2
-0.94,1.09,2
0.02,1.15,2
0.02,1.04,2
1.49,1.37,2
0.64,1.1,2
-0.05,1.0,2
-2.61,1.0,2
-2.61,0.98,2
-0.05,0.93,2
1.89,1.37,2
1.89,1.32,2
1.89,1.31,2
1.89,1.26,2
-1.88,1.53,2
-1.88,1.52,2
-1.88,1.49,2
-1.88,1.47,2
-1.38,1.28,2
-1.38,1.27,2
-1.44,1.0,2
2.94,0.97,2
2.94,0.96,2
2.94,0.89,2
2.94,0.87,2
-0.05,1.03,2
-3.13,0.99,2
2.94,1.3,2
2.94,1.18,2
1.89,1.12,2
-0.43,1.05,2
-0.94,1.25,2
-0.94,1.19,2
-0.94,1.15,2
-2.02,1.33,2
-2.02,1.32,2
1.89,1.41,2
1.5,1.47,2
1.5,1.22,2
1.5,1.21,2
0.02,0.98,2
0.02,0.96,2
-0.43,1.04,2
-0.43,1.03,2
1.89,1.19,2
-0.82,1.22,2
-0.82,1.19,2
1.5,1.13,2
-0.82,1.08,2
-1.64,1.46,2
-1.64,1.4,2
0.64,1.05,2
2.94,0.98,2
2.94,1.04,2
-3.13,1.04,2
2.94,1.0,2
2.94,0.99,2
0.63,1.17,2
0.63,1.13,2
0.63,1.12,2
0.63,1.1,2
-2.86,0.91,2
-0.43,1.2,2
-2.02,1.48,2
1.89,0.0,2
1.88,1.43,2
-1.14,1.33,2
-2.55,0.88,2
-2.55,0.83,2
-2.02,2.0,2
-2.02,1.75,2
1.5,1.46,2
1.5,1.43,2
1.5,1.18,2
1.5,1.16,2
1.88,1.25,2
1.88,1.24,2
1.88,1.23,2
1.88,1.22,2
1.5,1.34,2
-1.88,1.32,2
-1.88,1.26,2
-1.88,1.24,2
2.94,1.17,2
2.94,1.05,2
-0.29,0.96,2
-2.72,1.05,2
-2.72,1.04,2
1.5,1.41,2
1.5,1.38,2
-0.83,1.34,2
0.02,1.16,2
-1.88,1.31,2
-1.38,1.12,2
-0.29,1.17,2
-0.29,1.1,2
-1.88,1.2,2
1.88,1.11,2
1.88,1.09,2
1.88,1.01,2
1.88,1.33,2
-0.42,0.91,2
-0.42,0.85,2
-0.42,0.83,2
-0.29,1.0,2
-3.13,1.08,2
2.95,1.14,2
2.95,1.12,2
2.95,1.1,2
-3.13,1.02,2
-1.64,1.48,2
-0.05,1.04,2
0.63,0.79,2
-0.05,1.36,2
-0.05,1.1,2
2.95,1.62,2
-2.78,0.94,2
1.5,1.92,2
-0.29,1.05,2
2.95,0.99,2
2.95,0.95,2
2.95,0.89,2
0.63,1.25,2
0.63,1.19,2
0.63,1.05,2
-1.58,1.31,2
-1.58,1.29,2
-0.29,1.03,2
-0.42,0.81,2
-2.77,1.1,2
-2.77,1.08,2
-2.77,1.05,2
1.51,1.03,2
1.51,1.01,2
-1.88,1.13,2
-1.58,1.2,2
2.95,1.22,2
-0.71,1.03,2
0.45,0.86,2
-2.81,1.12,2
-2.41,1.05,2
-0.05,1.27,2
-0.05,1.21,2
-0.05,1.18,2
-2.77,0.99,2
-2.77,0.98,2
-0.42,1.0,2
-2.01,1.17,2
-2.01,1.15,2
1.51,1.2,2
1.51,1.17,2
-0.05,1.17,2
-0.05,1.16,2
-2.41,1.0,2
-2.41,0.99,2
2.96,0.87,2
2.96,0.8,2
-1.63,0.94,2
0.62,1.12,2
0.62,1.1,2
1.51,1.11,2
-1.89,2.01,2
1.51,1.07,2
-1.89,1.62,2
1.51,1.33,2
2.96,1.03,2
0.62,1.03,2
0.62,1.02,2
0.62,1.01,2
0.62,0.99,2
1.51,1.26,2
1.51,1.25,2
0.04,1.01,2
0.04,1.0,2
0.04,0.99,2
0.04,0.97,2
1.51,1.52,2
1.51,1.5,2
-0.42,0.92,2
0.04,1.12,2
1.51,1.24,2
1.87,1.39,2
1.87,1.36,2
-1.47,1.44,2
-0.94,0.94,2
-1.38,1.54,2
1.87,1.24,2
-1.89,1.52,2
-1.89,1.48,2
-1.89,1.45,2
-1.89,1.41,2
1.51,1.27,2
2.96,1.32,2
2.96,1.18,2
2.96,1.17,2
-0.71,1.15,2
-0.71,1.08,2
0.62,1.06,2
0.62,1.04,2
-1.63,1.09,2
-1.46,1.62,2
-1.45,1.82,2
0.62,0.9,2
0.62,0.88,2
-2.64,1.25,2
-2.64,1.24,2
0.62,1.2,2
-1.63,1.18,2
0.62,1.17,2
0.62,1.14,2
0.62,1.13,2
1.87,1.0,2
-3.0,0.9,2
1.52,1.27,2
1.52,1.25,2
-0.42,1.08,2
-0.42,1.01,2
-2.77,1.23,2
-2.77,1.11,2
-2.01,1.3,2
-2.01,1.29,2
-2.01,1.27,2
1.86,1.54,2
1.86,1.43,2
-1.89,1.59,2
-1.49,1.54,2
2.96,0.96,2
2.96,0.92,2
0.62,1.08,2
-1.89,1.16,2
0.24,0.92,2
-2.72,1.07,2
1.52,1.14,2
-1.49,1.28,2
-1.49,1.25,2
-0.71,0.9,2
-1.25,1.3,2
0.62,0.86,2
0.62,0.85,2
-1.63,1.2,2
-2.86,1.11,2
-2.86,1.07,2
0.61,0.93,2
1.52,1.33,2
-0.94,1.0,2
-2.96,1.28,2
0.02,1.31,2
-2.72,1.11,2
0.61,0.91,2
-2.41,0.89,2
2.97,1.05,2
0.09,1.13,2
0.09,1.12,2
2.97,1.04,2
-2.86,1.14,2
2.97,0.99,2
2.97,0.98,2
1.86,1.35,2
1.86,1.32,2
1.86,1.18,2
0.04,0.89,2
1.86,1.03,2
1.86,1.01,2
2.97,0.95,2
2.97,0.9,2
2.97,1.09,2
-2.41,0.91,2
0.45,1.11,2
0.45,1.06,2
-2.86,1.13,2
-2.01,1.6,2
-2.01,1.58,2
1.86,1.12,2
0.04,0.95,2
-2.96,1.59,2
-2.96,1.48,2
-2.96,1.33,2
-1.89,1.31,2
-1.89,1.29,2
1.53,1.31,2
-1.38,1.49,2
-2.96,1.27,2
1.85,1.47,2
1.85,1.46,2
-2.01,1.76,2
-2.01,1.74,2
-2.01,1.69,2
-1.22,0.97,2
-1.38,1.33,2
-1.38,1.31,2
1.53,1.05,2
1.86,1.1,2
1.86,1.04,2
1.53,1.03,2
-1.89,1.37,2
-2.42,1.14,2
-2.42,1.1,2
-3.13,0.93,2
-3.13,0.86,2
-3.13,0.85,2
-3.13,0.84,2
-3.13,0.82,2
2.97,1.17,2
-0.04,1.06,2
-0.04,1.02,2
-1.34,1.04,2
-3.0,1.11,2
-2.01,1.43,2
-3.0,1.07,2
0.24,1.18,2
0.24,1.17,2
1.53,1.43,2
1.53,1.41,2
1.53,1.37,2
1.53,1.25,2
1.53,1.21,2
-1.38,1.38,2
-1.38,1.37,2
-1.38,1.35,2
-3.0,1.04,2
-3.0,1.03,2
-3.0,0.98,2
1.85,1.34,2
1.85,1.33,2
1.53,1.44,2
2.98,0.87,2
2.98,0.84,2
0.6,1.05,2
0.6,1.04,2
-0.04,0.96,2
-0.04,0.95,2
-1.63,1.33,2
-2.86,0.94,2
0.61,1.14,2
0.61,1.13,2
0.61,1.08,2
0.61,1.06,2
-1.63,1.32,2
-1.63,1.31,2
1.85,1.04,2
-2.0,1.08,2
-0.3,1.02,2
-0.3,0.97,2
-0.3,0.96,2
1.53,1.34,2
1.53,1.14,2
1.53,1.11,2
0.24,1.15,2
-1.34,1.12,2
-2.0,1.03,2
-2.0,0.95,2
-0.41,1.02,2
-1.89,1.15,2
-1.89,1.33,2
1.85,1.24,2
1.85,1.17,2
0.6,1.3,2
-0.41,1.0,2
-1.34,1.15,2
0.6,1.03,2
2.98,1.21,2
2.98,1.2,2
2.98,1.11,2
0.09,0.98,2
0.09,0.95,2
0.6,0.85,2
-1.63,1.27,2
-1.63,1.26,2
0.24,0.8,2
-0.98,1.05,2
-0.98,1.04,2
-0.98,1.03,2
-0.3,1.09,2
-2.42,0.87,2
2.98,1.06,2
2.98,1.02,2
0.6,1.22,2
-2.42,1.01,2
2.99,1.24,2
-1.25,1.25,2
-0.98,0.92,2
-2.0,1.26,2
-2.0,1.23,2
-2.0,1.21,2
-2.0,1.2,2
-2.0,1.18,2
-2.0,1.16,2
-2.0,1.15,2
-1.89,1.09,2
1.54,1.49,2
1.84,1.09,2
-0.41,0.92,2
-0.98,1.09,2
1.84,1.32,2
-1.16,1.6,2
-1.16,1.37,2
1.54,1.06,2
1.54,1.05,2
-0.3,1.14,2
-0.3,0.91,2
-0.3,0.89,2
1.54,1.29,2
-0.3,0.86,2
1.53,1.32,2
-2.42,0.88,2
1.54,1.19,2
-2.65,1.23,2
-1.25,1.19,2
-1.25,1.18,2
-1.25,1.17,2
-1.25,1.12,2
2.99,0.98,2
2.99,0.96,2
0.6,0.99,2
0.6,0.98,2
2.99,1.1,2
2.99,1.04,2
1.84,1.26,2
1.84,1.23,2
1.84,1.16,2
1.84,1.15,2
2.99,0.93,2
2.99,0.91,2
2.99,0.9,2
0.6,1.09,2
0.6,1.07,2
2.99,0.75,2
0.59,0.92,2
-2.42,0.79,2
3.0,1.05,2
-2.0,1.5,2
1.84,1.4,2
1.84,1.38,2
0.24,0.96,2
-0.95,1.4,2
1.54,1.16,2
0.25,0.9,2
-2.68,1.27,2
0.02,1.3,2
0.25,0.85,2
-2.0,1.36,2
-2.0,1.35,2
-1.35,1.4,2
-2.0,1.44,2
-2.0,1.43,2
0.24,1.07,2
0.24,1.06,2
0.24,1.05,2
0.24,1.04,2
1.84,1.08,2
1.84,1.01,2
2.99,0.99,2
-2.43,1.3,2
0.02,1.23,2
3.0,1.03,2
3.0,0.85,2
0.59,1.22,2
0.59,1.15,2
0.45,1.03,2
0.45,1.02,2
0.45,0.99,2
0.45,0.97,2
0.45,0.95,2
-2.57,0.94,2
1.54,1.73,2
1.54,1.38,2
-2.57,1.04,2
-2.57,1.0,2
-2.57,0.95,2
1.55,1.02,2
1.55,1.01,2
-1.35,1.45,2
-3.0,1.26,2
-3.0,1.2,2
-2.0,1.7,2
1.83,1.33,2
1.83,1.3,2
1.83,1.27,2
1.83,1.24,2
-2.0,1.51,2
1.55,0.9,2
1.55,1.15,2
1.83,1.47,2
1.83,1.43,2
0.02,1.27,2
-1.99,0.94,2
0.45,0.9,2
3.0,1.24,2
3.0,1.11,2
-2.43,1.04,2
0.45,1.35,2
0.59,1.0,2
-0.04,1.43,2
-2.86,1.24,2
-2.43,1.03,2
-1.99,1.27,2
1.83,1.18,2
1.83,1.16,2
1.83,1.02,2
-1.99,1.2,2
1.55,1.03,2
-0.98,1.12,2
-1.99,1.15,2
-1.99,1.13,2
1.55,1.36,2
1.55,1.34,2
1.55,1.33,2
1.55,1.31,2
1.55,1.26,2
-2.65,1.16,2
-2.65,1.12,2
-0.4,0.9,2
-0.4,0.89,2
-1.99,1.18,2
1.55,1.18,2
1.55,1.1,2
-2.57,1.08,2
0.3,1.13,2
-1.9,1.62,2
-1.9,1.59,2
1.55,1.64,2
0.07,1.15,2
0.07,1.1,2
0.07,1.04,2
0.07,1.03,2
3.0,0.81,2
0.59,1.06,2
0.59,1.05,2
-2.61,0.86,2
-0.72,1.08,2
-1.1,1.1,2
-1.14,1.02,2
-0.98,1.14,2
-2.86,1.19,2
-1.62,1.01,2
-1.1,1.03,2
0.09,1.07,2
0.09,1.05,2
-2.43,1.0,2
-2.43,0.91,2
-2.43,0.88,2
-2.69,1.36,2
0.58,1.02,2
0.58,0.95,2
0.58,1.25,2
1.82,1.22,2
1.82,1.15,2
-1.99,1.39,2
1.82,1.36,2
1.81,1.4,2
1.56,1.18,2
1.56,1.17,2
1.56,1.11,2
0.24,1.45,2
-0.4,0.96,2
1.82,1.09,2
1.82,0.96,2
1.56,1.0,2
1.56,0.94,2
1.82,1.27,2
1.82,1.23,2
-1.25,1.5,2
-1.25,1.37,2
3.01,1.04,2
-0.72,1.11,2
-0.8,1.2,2
-0.8,1.17,2
3.01,0.96,2
3.01,0.92,2
3.01,0.91,2
-2.44,1.19,2
-2.44,1.17,2
3.01,1.34,2
0.58,1.04,2
-0.85,1.09,2
-0.85,1.03,2
-0.85,0.98,2
-0.4,1.05,2
-0.4,1.02,2
-0.4,0.99,2
-0.4,0.98,2
1.81,1.31,2
1.56,1.58,2
1.56,1.54,2
1.56,1.04,2
1.81,1.37,2
-1.99,1.31,2
-1.99,1.3,2
-2.99,0.91,2
-2.56,1.22,2
-2.56,1.2,2
1.56,1.42,2
1.56,1.4,2
-2.96,1.13,2
-1.54,1.17,2
0.3,1.15,2
-1.99,1.57,2
-0.98,1.3,2
-0.31,1.04,2
-0.31,1.03,2
-0.31,1.02,2
3.01,1.13,2
3.01,1.1,2
3.02,0.89,2
3.02,0.86,2
3.01,1.0,2
3.01,0.99,2
0.57,1.21,2
0.57,1.19,2
-2.44,1.09,2
1.81,1.12,2
1.81,1.08,2
1.81,1.0,2
-1.9,1.43,2
-1.35,1.37,2
1.56,1.66,2
-0.81,1.11,2
-0.81,1.04,2
-2.44,1.25,2
3.02,1.14,2
-0.8,1.16,2
-0.8,1.05,2
-0.8,1.01,2
-0.85,1.15,2
0.45,1.13,2
0.45,1.12,2
0.07,1.18,2
1.56,1.49,2
1.81,1.23,2
-2.96,1.06,2
-2.44,0.99,2
-2.44,0.97,2
-2.44,0.96,2
-2.44,0.95,2
-2.44,0.92,2
-0.85,0.97,2
0.57,1.55,2
3.03,1.05,2
0.09,0.84,2
-0.01,1.2,2
-1.14,1.17,2
-1.98,1.07,2
-1.98,0.97,2
-2.96,1.21,2
-2.96,1.2,2
-1.62,1.25,2
-1.62,1.21,2
-1.62,1.15,2
0.57,0.91,2
-0.03,0.77,2
-2.64,1.2,2
-2.64,1.15,2
-1.62,1.37,2
-1.62,1.35,2
0.45,1.24,2
0.45,1.2,2
-0.39,0.9,2
-0.39,0.86,2
1.8,1.28,2
-0.31,0.94,2
-2.96,1.11,2
0.45,1.18,2
-1.62,1.58,2
-0.72,1.05,2
-2.44,1.15,2
-2.44,1.12,2
-2.44,1.1,2
0.57,0.95,2
3.03,0.96,2
1.8,1.23,2
0.25,1.09,2
1.8,1.17,2
-1.9,1.37,2
-1.9,1.35,2
-1.9,1.32,2
-0.31,1.05,2
-1.35,0.99,2
-1.98,1.16,2
-1.98,1.15,2
-1.98,1.13,2
-0.31,0.85,2
-1.9,1.53,2
1.8,1.08,2
1.8,0.95,2
1.8,1.46,2
1.8,1.4,2
1.8,1.38,2
-1.98,1.24,2
-1.98,1.23,2
-1.54,1.08,2
-1.54,1.05,2
0.29,1.58,2
1.8,1.26,2
-0.95,1.18,2
-0.95,1.11,2
-1.9,1.27,2
-1.9,1.24,2
3.03,0.89,2
3.03,0.82,2
-3.14,1.03,2
3.02,1.35,2
-0.72,1.06,2
3.03,1.12,2
3.03,1.11,2
-3.14,1.21,2
-0.72,1.0,2
-1.9,1.18,2
-0.95,1.1,2
-1.98,1.21,2
1.79,1.7,2
-0.72,0.99,2
-0.72,0.98,2
3.03,1.01,2
0.57,1.11,2
0.57,1.08,2
0.57,1.02,2
0.57,1.0,2
0.56,0.89,2
-1.62,1.52,2
-1.62,1.5,2
-1.62,1.45,2
-2.65,1.3,2
-1.9,1.08,2
-1.9,1.05,2
-0.95,1.19,2
1.79,1.13,2
1.57,1.06,2
-1.98,1.54,2
-1.62,1.44,2
0.56,1.13,2
0.56,1.1,2
0.57,0.85,2
0.56,1.24,2
-1.62,1.67,2
-3.14,1.25,2
-1.98,1.45,2
-1.98,1.41,2
-1.98,1.38,2
-1.53,1.2,2
-1.53,1.19,2
-2.65,1.31,2
0.29,1.22,2
1.57,1.05,2
1.79,1.45,2
-2.44,0.82,2
-0.72,0.93,2
-3.14,1.18,2
-1.09,1.24,2
-1.09,1.18,2
-1.09,1.17,2
-0.84,1.05,2
-0.84,1.03,2
3.04,0.98,2
1.79,1.42,2
1.79,1.36,2
1.79,1.35,2
1.79,1.14,2
1.79,1.24,2
1.79,1.21,2
1.79,0.97,2
1.57,1.21,2
1.57,1.2,2
1.57,1.18,2
1.57,1.17,2
-2.78,1.14,2
-1.53,1.28,2
-1.53,1.25,2
-1.53,1.24,2
-1.53,1.22,2
-0.39,1.0,2
1.57,1.6,2
1.57,1.57,2
1.57,1.42,2
0.29,1.14,2
-1.35,1.15,2
-1.35,1.13,2
3.04,0.94,2
3.04,0.93,2
-1.48,1.05,2
3.03,1.42,2
-0.03,0.92,2
-1.61,0.87,2
0.55,1.21,2
0.55,1.11,2
0.55,0.89,2
-1.35,1.1,2
-1.35,1.09,2
1.79,1.32,2
1.79,1.25,2
1.57,1.65,2
3.04,0.92,2
3.04,0.86,2
3.04,0.77,2
-1.61,1.16,2
-0.03,1.02,2
-0.01,1.16,2
-0.03,1.13,2
3.04,1.09,2
1.57,1.63,2
1.79,1.08,2
-0.39,1.03,2
-0.39,1.01,2
-1.14,0.92,2
1.57,1.39,2
1.57,1.38,2
3.04,1.03,2
-1.48,0.95,2
-0.84,1.0,2
-0.84,0.97,2
-1.61,1.02,2
-1.61,1.01,2
0.55,1.07,2
0.55,0.98,2
0.55,0.97,2
1.58,1.01,2
-2.78,1.09,2
-1.98,1.66,2
1.79,1.05,2
-0.78,1.26,2
1.57,1.81,2
1.57,1.77,2
1.58,1.3,2
1.58,1.28,2
-1.91,1.52,2
0.29,0.96,2
0.29,0.9,2
-2.78,0.99,2
-0.32,1.23,2
1.58,1.22,2
1.58,1.2,2
1.58,1.19,2
0.29,0.88,2
-2.83,1.01,2
1.58,1.18,2
1.58,1.17,2
1.58,0.95,2
3.04,1.08,2
1.78,1.62,2
1.78,1.14,2
1.58,1.73,2
-1.91,1.32,2
1.58,1.48,2
-2.99,0.94,2
1.58,1.16,2
1.58,1.13,2
1.58,1.56,2
-0.78,1.24,2
-0.78,1.23,2
-0.78,1.12,2
-1.14,0.97,2
0.25,1.34,2
0.25,1.33,2
1.58,1.37,2
1.77,1.54,2
-2.99,1.08,2
-2.99,1.03,2
-2.99,0.98,2
0.55,0.96,2
0.55,0.91,2
-1.61,1.25,2
-1.61,1.04,2
-0.01,1.19,2
-0.01,1.17,2
-0.03,1.14,2
0.54,1.29,2
-2.45,1.13,2
-2.49,0.91,2
-2.99,0.96,2
-0.39,1.12,2
-1.91,1.5,2
-1.91,1.45,2
1.77,1.46,2
1.78,1.11,2
1.78,1.06,2
1.78,1.55,2
1.78,1.48,2
1.78,1.47,2
-1.97,1.22,2
-1.97,1.2,2
1.78,1.31,2
1.78,1.29,2
1.78,1.27,2
1.78,1.26,2
1.78,1.23,2
1.78,1.17,2
-1.61,1.2,2
-0.03,1.22,2
0.54,1.0,2
-1.24,1.14,2
3.05,1.05,2
3.05,1.02,2
3.04,1.3,2
3.04,1.29,2
3.04,1.16,2
3.04,1.13,2
-0.03,1.08,2
-1.61,1.35,2
0.54,1.14,2
3.05,0.95,2
3.05,0.94,2
3.05,1.17,2
1.59,1.11,2
-0.39,1.13,2
-1.91,1.41,2
-1.91,1.39,2
-1.91,1.34,2
-1.91,1.28,2
-1.91,1.26,2
-1.91,1.25,2
1.59,1.33,2
1.59,1.3,2
-1.91,1.7,2
-1.91,1.58,2
0.08,1.25,2
0.08,1.21,2
0.08,1.13,2
-2.45,1.25,2
1.59,1.2,2
-2.99,1.33,2
-1.24,1.25,2
-1.24,1.19,2
-1.24,1.16,2
3.05,1.0,2
3.05,0.98,2
-0.03,1.06,2
-1.61,1.36,2
-1.61,1.46,2
-1.45,0.95,2
-2.45,1.08,2
-2.45,1.07,2
1.77,1.58,2
1.59,1.15,2
1.59,1.13,2
1.59,1.5,2
-2.99,1.17,2
0.54,1.09,2
0.54,1.07,2
0.54,1.06,2
0.54,1.5,2
0.54,1.48,2
0.54,1.4,2
-1.24,1.11,2
-1.24,1.1,2
-0.03,1.55,2
-2.99,1.15,2
1.77,1.37,2
1.77,1.41,2
-1.35,0.94,2
1.77,1.28,2
1.6,1.14,2
1.6,1.09,2
0.02,1.4,2
-1.91,1.18,2
1.59,1.36,2
1.59,1.34,2
-0.32,0.87,2
-0.33,1.31,2
-1.91,1.21,2
-1.91,1.19,2
1.59,1.18,2
1.77,1.22,2
1.77,1.18,2
1.77,1.13,2
1.77,1.1,2
1.59,1.62,2
0.26,0.88,2
-2.57,1.25,2
-2.57,1.22,2
-0.73,1.49,2
-0.73,1.17,2
3.06,0.99,2
-2.49,0.84,2
-2.49,0.8,2
-2.45,1.09,2
0.54,0.85,2
-1.61,1.54,2
-1.45,1.14,2
-0.84,0.93,2
-2.57,1.19,2
-1.91,0.94,2
1.59,1.43,2
1.6,1.43,2
1.6,1.42,2
-2.72,1.12,2
-1.97,1.62,2
-1.53,1.04,2
-1.53,1.03,2
-0.38,0.95,2
-0.38,0.92,2
-1.97,1.37,2
-1.97,1.35,2
-1.97,1.33,2
-0.97,1.05,2
1.77,1.03,2
1.77,1.02,2
0.26,0.97,2
-0.97,1.03,2
1.76,1.31,2
1.76,1.29,2
0.29,1.04,2
-1.58,1.08,2
0.53,1.13,2
3.06,0.9,2
3.06,0.88,2
-1.2,1.52,2
-1.2,1.45,2
0.53,0.94,2
0.53,0.91,2
1.6,1.21,2
-0.97,0.92,2
-0.97,0.89,2
-1.97,1.43,2
1.6,1.44,2
-0.97,1.04,2
1.76,1.48,2
3.06,1.1,2
-1.09,1.06,2
-1.09,1.04,2
3.06,0.96,2
3.06,0.94,2
-1.09,0.97,2
-1.09,0.92,2
0.53,1.15,2
1.76,1.43,2
-1.97,1.74,2
-2.83,1.39,2
-2.83,1.24,2
1.76,1.34,2
1.76,1.32,2
3.06,1.22,2
-1.61,1.37,2
-1.2,1.6,2
0.53,1.08,2
0.53,1.05,2
0.53,1.01,2
0.53,1.0,2
1.6,1.27,2
1.6,1.23,2
1.6,1.77,2
1.6,1.2,2
1.6,1.6,2
1.6,1.53,2
-1.92,1.67,2
1.76,1.36,2
-1.97,1.53,2
-1.92,1.73,2
-0.33,1.04,2
-2.83,1.16,2
-2.83,1.14,2
-2.83,1.12,2
-2.83,1.11,2
-2.83,1.07,2
1.76,1.19,2
-2.57,1.18,2
-2.57,1.16,2
1.76,1.13,2
1.76,1.12,2
-2.56,1.08,2
-2.45,0.83,2
-2.45,0.79,2
-0.73,1.02,2
1.76,1.05,2
1.76,1.01,2
0.52,1.25,2
-1.09,1.08,2
3.07,0.87,2
0.08,0.93,2
0.52,1.07,2
0.52,1.05,2
0.08,1.4,2
-0.38,1.06,2
1.75,1.59,2
-2.56,1.02,2
-2.56,1.01,2
-2.56,0.95,2
1.75,1.35,2
-1.92,1.88,2
0.08,1.27,2
-2.45,0.95,2
-2.45,0.9,2
-0.73,1.07,2
-1.45,1.35,2
-1.45,1.3,2
3.07,0.94,2
-2.56,1.13,2
-2.56,1.12,2
-2.56,1.09,2
1.75,1.64,2
1.75,1.16,2
-1.54,1.32,2
-1.54,1.31,2
-0.33,0.95,2
-0.33,0.93,2
1.75,1.31,2
1.75,1.29,2
1.75,1.18,2
1.75,1.17,2
-0.33,0.9,2
-2.57,1.12,2
1.75,1.55,2
1.75,1.54,2
1.75,1.53,2
1.75,1.52,2
1.75,1.5,2
-0.33,1.0,2
-0.33,0.98,2
-0.33,0.97,2
-0.33,0.96,2
-1.54,1.5,2
1.61,1.08,2
3.07,0.92,2
3.07,0.9,2
-2.46,1.21,2
0.52,1.13,2
0.52,1.12,2
0.52,1.1,2
-1.6,1.13,2
-1.6,1.05,2
-0.02,1.07,2
1.61,1.01,2
1.61,1.46,2
1.61,1.41,2
-1.54,1.37,2
1.75,1.34,2
1.75,1.32,2
3.08,0.86,2
3.07,1.09,2
3.07,1.07,2
0.52,0.83,2
0.51,1.24,2
0.51,1.23,2
3.08,0.94,2
1.61,1.19,2
1.61,1.81,2
1.61,1.17,2
-1.36,1.47,2
-2.7,0.97,2
-2.7,0.95,2
-2.7,0.92,2
1.75,1.12,2
1.61,1.09,2
1.62,1.26,2
1.62,1.21,2
1.75,1.07,2
-0.97,1.16,2
-0.97,1.13,2
1.61,1.52,2
-0.33,0.82,2
-1.37,1.23,2
1.61,1.35,2
-1.92,1.46,2
-1.92,1.44,2
1.62,1.02,2
-1.36,1.49,2
1.61,1.31,2
1.61,1.23,2
3.08,1.04,2
1.62,0.98,2
-0.97,1.09,2
-0.97,1.08,2
3.08,0.92,2
3.08,0.91,2
3.08,1.32,2
-1.59,1.38,2
0.46,0.76,2
-0.01,1.12,2
-1.45,1.1,2
-1.6,1.16,2
-2.85,1.08,2
-1.96,1.21,2
-1.96,1.15,2
-1.96,1.13,2
1.62,1.29,2
-2.46,1.06,2
-0.02,1.01,2
-0.02,0.96,2
-0.02,0.95,2
-2.67,1.28,2
3.08,1.21,2
0.51,1.21,2
0.51,1.18,2
0.51,1.17,2
1.74,1.8,2
1.74,1.75,2
1.74,1.69,2
1.74,1.59,2
1.74,1.54,2
1.74,1.53,2
1.62,1.07,2
1.74,1.05,2
1.74,1.0,2
1.62,1.46,2
-1.92,1.59,2
1.74,1.34,2
1.74,1.3,2
1.74,1.29,2
1.74,1.25,2
1.74,1.22,2
1.74,1.19,2
1.62,1.35,2
-2.97,1.25,2
-1.37,1.21,2
-1.96,1.1,2
-2.46,1.11,2
-2.46,1.1,2
-2.97,1.22,2
-2.97,1.17,2
-2.97,1.15,2
0.51,1.14,2
0.51,1.13,2
0.51,1.12,2
0.51,1.11,2
-1.45,1.07,2
-2.46,1.0,2
-2.46,0.99,2
0.46,1.07,2
0.46,1.06,2
1.62,1.13,2
1.74,1.15,2
1.74,1.14,2
1.74,1.12,2
-1.6,1.35,2
-2.46,0.83,2
-2.73,0.95,2
-2.73,0.94,2
-2.67,1.31,2
-2.72,1.4,2
-2.72,1.32,2
-2.72,1.29,2
0.51,1.02,2
-1.92,1.35,2
-1.92,1.31,2
-1.92,1.26,2
1.62,1.42,2
1.62,1.37,2
-2.97,1.35,2
-1.37,1.11,2
-1.92,1.21,2
-2.63,1.34,2
-1.92,1.18,2
-1.92,1.17,2
-1.92,1.09,2
1.62,2.04,2
-1.36,1.11,2
-0.37,0.82,2
1.74,0.86,2
-1.96,1.41,2
-1.96,1.38,2
-1.96,1.37,2
-1.36,1.14,2
-1.36,1.12,2
0.46,1.05,2
0.51,0.94,2
-1.36,1.26,2
-1.53,1.08,2
-0.34,0.88,2
1.63,1.01,2
-1.45,1.08,2
-0.02,1.32,2
3.09,0.85,2
3.09,0.84,2
3.09,0.78,2
-2.46,0.85,2
-0.02,1.28,2
-0.02,1.23,2
0.28,1.15,2
0.28,1.11,2
0.28,1.09,2
-1.92,1.25,2
-1.2,0.91,2
-1.36,1.23,2
-1.96,1.5,2
-1.96,1.47,2
-1.96,1.44,2
1.63,1.19,2
1.63,1.05,2
-2.64,1.36,2
-1.96,1.27,2
-1.96,1.24,2
-1.96,1.65,2
-1.96,1.57,2
-1.96,1.31,2
-1.53,1.15,2
-1.53,1.14,2
-1.53,1.11,2
-0.34,0.93,2
-0.34,0.92,2
-1.6,1.28,2
-1.6,1.27,2
-1.6,1.18,2
3.09,1.13,2
3.09,1.11,2
3.09,1.1,2
-1.48,1.2,2
-1.48,1.16,2
-1.48,1.14,2
0.5,1.1,2
3.09,1.42,2
3.09,1.41,2
3.09,1.18,2
0.28,1.02,2
1.63,1.43,2
1.63,1.4,2
1.63,1.17,2
1.63,1.54,2
1.63,1.49,2
-0.34,1.12,2
1.73,1.72,2
1.73,1.65,2
-2.98,0.94,2
1.73,1.41,2
1.63,1.35,2
1.63,1.34,2
1.63,1.32,2
1.63,1.88,2
-0.34,0.99,2
-0.34,0.94,2
1.73,1.31,2
1.73,1.3,2
1.73,1.29,2
1.73,1.28,2
1.73,1.27,2
1.63,1.75,2
1.63,1.24,2
1.63,1.21,2
1.73,1.37,2
1.73,1.36,2
-1.36,1.16,2
-1.36,1.15,2
-2.98,0.85,2
-2.98,0.84,2
-1.15,1.17,2
-1.15,1.12,2
1.73,1.51,2
1.73,1.48,2
-1.48,1.11,2
-1.48,1.1,2
0.08,1.04,2
3.09,1.01,2
3.09,0.98,2
3.09,0.97,2
3.09,0.96,2
-2.46,0.9,2
-2.46,0.89,2
-1.6,1.19,2
0.5,0.86,2
1.73,1.03,2
1.73,1.01,2
1.73,1.0,2
-0.34,0.87,2
-1.24,1.29,2
-2.73,0.91,2
3.1,1.01,2
0.5,1.32,2
0.5,1.28,2
0.5,1.18,2
3.1,1.04,2
3.1,1.02,2
3.1,0.98,2
-0.34,0.86,2
1.63,1.69,2
-0.97,1.32,2
1.73,1.1,2
1.73,1.09,2
1.73,1.63,2
-0.37,1.02,2
-2.7,1.01,2
-2.7,0.99,2
1.64,1.27,2
1.64,1.09,2
1.64,1.08,2
0.03,1.05,2
0.03,1.04,2
0.03,1.01,2
-1.15,1.1,2
1.72,1.78,2
-1.95,1.11,2
-1.95,1.09,2
-1.95,1.07,2
-1.95,0.97,2
-1.15,1.05,2
-1.47,1.26,2
-1.54,1.26,2
1.64,1.04,2
-1.37,1.29,2
3.1,0.92,2
-1.09,0.83,2
3.1,1.2,2
0.5,1.07,2
0.5,1.06,2
0.5,0.97,2
0.5,0.96,2
0.49,1.17,2
0.49,1.02,2
-0.37,1.09,2
-0.37,1.04,2
-0.37,1.03,2
-2.97,0.94,2
-2.97,0.93,2
1.72,1.02,2
1.64,1.26,2
1.64,1.25,2
1.64,1.21,2
1.64,1.19,2
1.64,1.18,2
1.64,1.17,2
0.03,0.96,2
1.72,1.61,2
1.72,1.54,2
1.72,1.52,2
1.72,1.49,2
-1.95,1.04,2
-1.47,1.28,2
-2.97,1.09,2
-2.97,1.02,2
1.71,1.7,2
1.71,1.67,2
1.64,1.41,2
1.64,1.39,2
1.64,1.38,2
-2.97,1.06,2
1.64,1.31,2
-1.53,0.97,2
1.72,1.37,2
1.72,1.32,2
1.72,1.22,2
1.72,1.08,2
-2.97,0.96,2
-2.97,0.95,2
1.72,1.38,2
-1.47,1.33,2
-2.47,1.11,2
3.1,1.28,2
3.1,1.18,2
3.1,1.15,2
0.5,0.82,2
-1.6,1.65,2
3.1,1.06,2
0.46,0.93,2
0.46,0.91,2
-0.74,1.23,2
-0.74,1.21,2
-1.95,1.19,2
-1.95,1.15,2
-2.97,1.13,2
0.03,1.21,2
1.71,0.99,2
1.71,0.93,2
-2.65,1.08,2
-2.65,1.06,2
1.72,0.86,2
1.71,1.56,2
1.71,1.5,2
1.71,1.36,2
1.71,1.35,2
1.71,1.28,2
1.71,1.21,2
1.71,1.13,2
1.71,1.57,2
-0.82,0.87,2
1.72,1.39,2
1.65,1.05,2
1.65,1.04,2
1.65,1.02,2
-0.74,1.07,2
3.11,0.99,2
3.11,0.98,2
-2.47,1.2,2
0.46,1.25,2
0.46,1.24,2
0.49,1.26,2
0.49,1.2,2
0.49,1.13,2
0.46,1.14,2
0.46,1.13,2
0.03,1.29,2
0.03,1.22,2
-2.98,1.12,2
-1.93,1.19,2
-1.95,1.5,2
-1.95,1.47,2
3.11,0.86,2
3.11,0.68,2
-2.47,0.92,2
3.11,1.13,2
-0.74,1.24,2
-1.6,1.45,2
0.46,1.02,2
3.11,1.03,2
-1.54,1.55,2
1.65,1.23,2
1.65,1.21,2
1.65,1.06,2
-2.98,1.07,2
-2.98,1.06,2
-2.65,1.03,2
-2.65,1.01,2
-2.65,1.0,2
-0.37,1.37,2
-1.95,1.51,2
-2.98,1.04,2
-0.96,1.07,2
-1.95,1.43,2
1.71,1.1,2
1.71,1.07,2
1.71,1.06,2
1.71,1.05,2
0.26,1.3,2
-0.82,0.98,2
1.65,1.42,2
1.65,1.36,2
-0.96,1.12,2
-2.63,1.48,2
3.11,1.02,2
3.11,1.28,2
3.11,0.92,2
-0.01,0.88,2
-0.01,0.87,2
-0.01,0.86,2
-0.01,0.85,2
-2.85,1.17,2
-2.85,1.15,2
-2.47,0.96,2
-2.49,1.07,2
-2.98,1.1,2
1.66,1.07,2
-0.96,1.15,2
1.66,1.27,2
-0.96,1.1,2
-0.96,1.09,2
1.66,1.22,2
1.66,1.21,2
-0.96,1.04,2
-1.93,1.35,2
-1.93,1.27,2
-1.93,1.25,2
-0.36,0.97,2
-0.36,0.96,2
-0.36,0.94,2
-0.36,0.91,2
1.65,1.62,2
-1.95,1.36,2
-1.95,1.35,2
-1.95,1.3,2
-2.98,1.15,2
-2.49,1.06,2
-2.49,1.05,2
0.07,1.34,2
0.47,0.88,2
0.47,0.86,2
-1.59,1.13,2
-1.59,1.11,2
-0.74,0.95,2
-0.74,0.82,2
3.11,1.18,2
-2.47,1.08,2
-1.95,1.61,2
-1.2,1.25,2
0.48,1.15,2
-2.85,1.53,2
0.46,1.19,2
0.46,1.15,2
-2.85,1.18,2
3.12,0.83,2
1.66,1.08,2
-2.98,0.98,2
1.7,1.61,2
1.7,1.58,2
1.7,1.52,2
1.7,1.47,2
1.7,1.44,2
-1.53,0.99,2
0.27,1.07,2
1.7,1.09,2
1.7,1.07,2
1.7,1.06,2
1.66,1.36,2
-1.93,1.01,2
0.27,1.05,2
0.27,1.03,2
1.7,1.19,2
1.7,0.93,2
-1.93,1.06,2
1.66,1.52,2
1.66,1.17,2
1.66,1.16,2
1.66,1.13,2
0.48,1.36,2
-1.2,1.3,2
-1.94,1.53,2
-1.93,1.16,2
-0.36,1.16,2
-0.36,1.1,2
-0.36,1.09,2
-0.36,1.08,2
-0.35,1.0,2
-0.35,0.99,2
1.7,1.36,2
1.7,1.35,2
0.03,1.2,2
0.03,1.18,2
0.03,1.16,2
0.03,1.09,2
-0.36,1.03,2
1.7,1.14,2
1.7,1.02,2
-2.78,1.29,2
-2.78,1.27,2
-2.49,1.15,2
-2.49,1.11,2
-2.49,1.1,2
0.07,1.24,2
-1.48,1.29,2
-1.48,1.22,2
-0.74,1.04,2
-0.74,0.99,2
0.48,1.22,2
0.48,1.2,2
0.46,1.38,2
3.12,1.12,2
-1.94,1.6,2
1.69,1.18,2
1.69,1.15,2
1.69,1.14,2
1.69,1.11,2
0.27,1.16,2
-2.56,0.93,2
-2.98,1.3,2
-2.98,1.29,2
1.69,1.23,2
1.69,1.66,2
1.69,1.58,2
1.69,1.05,2
0.28,0.91,2
0.28,0.9,2
-0.96,0.98,2
-1.94,1.74,2
1.67,1.08,2
-1.93,1.14,2
1.69,1.4,2
3.12,1.07,2
3.12,1.02,2
3.12,1.01,2
3.12,1.0,2
3.12,0.96,2
-2.85,1.32,2
-2.85,1.2,2
0.48,1.03,2
3.12,1.44,2
-2.48,1.16,2
3.12,1.32,2
1.69,1.34,2
-1.37,1.52,2
-1.15,1.23,2
1.67,1.2,2
3.12,1.29,2
3.12,1.23,2
3.12,1.22,2
3.12,1.16,2
0.48,0.9,2
0.47,1.36,2
0.47,1.35,2
0.48,1.27,2
3.13,0.84,2
0.28,0.92,2
-1.94,1.11,2
-2.65,0.94,2
1.67,1.11,2
1.67,1.09,2
1.68,1.35,2
1.68,1.29,2
1.68,1.28,2
-1.94,1.48,2
1.67,1.34,2
1.67,0.99,2
1.67,1.36,2
-2.78,1.21,2
-2.78,1.19,2
-1.15,1.45,2
-1.15,1.37,2
-1.15,1.3,2
1.67,1.31,2
1.67,1.26,2
1.67,1.67,2
1.67,1.65,2
1.67,1.17,2
1.68,1.49,2
1.68,1.46,2
-0.01,1.05,2
0.46,1.44,2
0.47,1.0,2
0.47,0.94,2
-0.01,1.03,2
-0.01,0.93,2
-1.59,1.2,2
-0.01,1.1,2
3.13,1.05,2
3.13,1.04,2
-1.59,1.36,2
-1.59,1.33,2
1.68,1.4,2
-1.94,1.24,2
3.14,0.71,2
3.14,0.54,2
3.14,0.52,2
3.14,0.57,2
-2.48,0.93,2
-1.1,1.28,2
-2.81,0.89,2
-2.81,0.85,2
3.13,1.21,2
3.14,0.65,2
-2.49,0.93,2
1.68,1.19,2
1.68,1.16,2
-1.59,1.29,2
-1.59,1.25,2
0.15,1.54,2
0.16,0.79,2
0.47,1.11,2
0.47,1.06,2
0.47,1.04,2
-2.49,1.21,2
-2.48,1.19,2
3.14,0.47,2
-2.48,0.86,2
-2.49,1.39,2
3.14,0.76,2
3.14,0.78,2
3.14,0.51,2
3.14,0.5,2
-1.94,1.26,2
-1.94,1.25,2
3.14,0.68,1
3.14,0.66,1
3.13,1.2,1
3.13,1.22,1
3.13,1.35,1
3.13,1.43,1
3.13,1.53,1
3.13,1.58,1
3.13,1.62,1
0.07,1.72,1
3.14,1.11,1
3.14,0.84,1
0.47,1.1,1
-2.49,1.32,1
-2.49,1.25,1
-2.48,1.24,1
-2.48,1.21,1
-2.48,0.9,1
3.14,0.64,1
-2.49,1.4,1
-2.49,1.36,1
3.13,1.06,1
0.47,1.2,1
0.47,1.19,1
-1.59,1.37,1
-1.59,1.35,1
-1.59,1.32,1
-1.59,1.28,1
1.67,1.87,1
1.68,1.05,1
-1.94,1.34,1
-1.94,1.32,1
-1.94,1.3,1
-1.94,1.17,1
-0.35,0.96,1
0.27,1.01,1
0.27,0.97,1
1.67,1.59,1
1.67,1.58,1
-1.94,1.23,1
-1.94,1.22,1
-1.94,1.21,1
-1.94,1.19,1
0.27,0.91,1
1.67,1.54,1
1.67,1.52,1
1.67,1.51,1
1.67,1.49,1
1.67,1.47,1
1.67,1.82,1
-1.94,1.5,1
-1.94,1.49,1
-1.94,1.46,1
-1.94,1.45,1
1.67,1.35,1
1.67,1.33,1
1.68,1.26,1
1.68,1.21,1
1.68,1.11,1
1.68,1.68,1
1.68,1.53,1
1.67,1.29,1
1.67,1.27,1
1.67,1.25,1
1.67,1.21,1
-1.94,1.29,1
1.67,1.74,1
1.67,1.68,1
1.67,1.16,1
1.68,1.52,1
1.68,1.39,1
1.68,1.38,1
1.68,1.34,1
-1.94,1.05,1
-1.94,1.03,1
1.68,1.31,1
1.67,1.03,1
1.67,1.38,1
1.67,1.37,1
-1.93,0.0,1
1.68,1.81,1
1.68,1.75,1
1.68,1.72,1
1.68,1.71,1
1.68,1.7,1
-0.36,1.82,1
-1.15,1.4,1
-1.15,1.34,1
-1.15,1.31,1
-1.15,1.28,1
1.68,1.57,1
1.68,1.56,1
-0.35,1.12,1
-0.35,1.1,1
-0.35,1.04,1
-0.35,1.03,1
-0.35,1.02,1
0.27,1.08,1
-1.15,1.21,1
-1.94,1.12,1
-1.15,1.55,1
-1.15,1.49,1
-2.65,0.98,1
-1.37,1.73,1
1.68,2.12,1
1.68,1.87,1
1.68,1.83,1
1.67,1.1,1
1.69,1.26,1
-1.37,1.62,1
-1.37,1.6,1
-1.37,1.59,1
-1.37,1.55,1
-1.37,1.54,1
1.69,1.2,1
1.69,1.19,1
1.69,1.16,1
-1.15,1.26,1
-1.15,1.25,1
-0.35,1.22,1
-0.35,1.19,1
-0.35,1.15,1
-0.35,1.14,1
-0.35,1.13,1
1.69,1.08,1
1.69,1.06,1
0.28,0.88,1
-0.96,0.97,1
-0.96,0.82,1
-1.94,1.7,1
-1.94,1.63,1
-1.94,1.62,1
-1.93,1.12,1
1.69,1.02,1
1.69,1.38,1
1.69,1.36,1
1.69,1.35,1
1.69,1.33,1
1.69,1.32,1
1.69,1.3,1
-2.98,1.25,1
-2.98,1.24,1
-2.98,1.21,1
-2.98,1.2,1
1.7,0.0,1
1.69,1.24,1
1.69,1.22,1
1.69,1.82,1
1.69,1.8,1
1.69,1.7,1
1.69,1.65,1
1.69,1.63,1
1.69,1.61,1
1.69,1.54,1
1.69,1.52,1
1.69,1.46,1
-1.95,1.73,1
-1.95,1.72,1
-1.95,1.71,1
-1.95,1.68,1
-1.95,1.67,1
-2.56,0.88,1
-2.98,1.62,1
1.69,1.45,1
1.69,1.44,1
1.69,1.42,1
1.69,1.41,1
-2.98,1.43,1
-2.98,1.41,1
-2.98,1.39,1
-2.98,1.28,1
-2.98,1.27,1
-1.94,1.84,1
0.27,1.28,1
0.27,1.25,1
0.27,1.18,1
0.27,1.17,1
0.27,1.14,1
0.27,1.12,1
0.27,1.1,1
-2.78,1.58,1
-2.78,1.48,1
-2.78,1.4,1
1.69,1.83,1
-0.36,1.01,1
-1.95,1.79,1
-1.95,1.77,1
-1.95,1.75,1
1.66,1.85,1
1.66,1.84,1
1.66,1.8,1
-1.95,1.94,1
-0.36,1.74,1
-0.36,1.68,1
-0.36,1.32,1
-0.36,1.29,1
-0.36,1.18,1
-0.36,1.11,1
-0.36,1.07,1
-0.36,1.06,1
1.69,2.19,1
1.69,2.04,1
1.69,1.98,1
-1.94,2.06,1
0.03,1.1,1
-0.36,1.05,1
-0.36,1.02,1
1.7,1.13,1
1.7,1.1,1
1.7,1.04,1
-2.98,1.5,1
-2.98,1.49,1
-2.98,1.46,1
-2.78,1.38,1
-1.94,1.59,1
-1.94,1.58,1
-1.94,1.57,1
-1.94,1.55,1
-1.94,1.54,1
-1.93,1.15,1
1.66,1.73,1
1.66,1.71,1
1.66,1.69,1
-1.93,1.08,1
-1.93,1.07,1
-1.37,1.27,1
-0.35,1.28,1
-0.35,1.26,1
-2.78,1.66,1
-2.78,1.6,1
1.66,1.58,1
1.66,1.55,1
1.7,1.34,1
0.03,1.17,1
0.03,1.15,1
0.03,1.11,1
-2.78,1.26,1
-2.78,1.24,1
-2.78,1.23,1
1.66,1.89,1
1.66,1.26,1
1.66,1.24,1
0.27,1.04,1
1.7,1.33,1
1.7,1.31,1
1.7,1.29,1
1.7,1.28,1
1.7,1.24,1
1.7,1.21,1
-1.95,2.01,1
1.7,1.38,1
1.66,1.74,1
1.7,1.77,1
1.7,1.73,1
1.7,1.7,1
1.7,1.64,1
1.7,1.63,1
1.7,1.62,1
1.7,1.56,1
1.7,1.53,1
1.7,1.49,1
1.7,1.46,1
1.7,1.42,1
0.27,1.06,1
1.66,1.51,1
1.66,1.42,1
1.66,1.38,1
1.66,1.35,1
1.66,1.66,1
1.66,1.63,1
1.66,1.62,1
1.66,1.6,1
1.66,1.59,1
1.66,1.09,1
-1.95,1.59,1
-1.95,1.57,1
-1.95,1.55,1
-1.95,1.54,1
1.7,2.04,1
1.7,2.01,1
1.7,2.0,1
1.7,1.95,1
1.7,1.87,1
1.7,1.82,1
-1.93,1.32,1
-1.93,1.31,1
1.66,1.12,1
-1.93,1.29,1
-1.95,1.4,1
-1.95,1.63,1
1.66,1.05,1
1.66,0.96,1
1.66,0.95,1
-0.96,1.19,1
-0.96,1.14,1
-0.96,1.13,1
1.66,1.28,1
-0.96,1.11,1
1.66,1.23,1
1.66,1.19,1
1.65,1.53,1
1.65,1.48,1
1.65,1.47,1
1.65,1.41,1
1.65,1.32,1
-2.63,1.58,1
-2.63,1.54,1
-2.98,1.05,1
-2.65,1.04,1
-0.37,1.46,1
-0.37,1.31,1
-1.95,1.53,1
-0.36,1.0,1
-0.96,1.08,1
-1.93,1.36,1
-1.93,1.34,1
-1.22,1.12,1
-1.22,1.11,1
-2.63,1.45,1
-2.63,1.42,1
1.65,1.17,1
1.65,1.15,1
1.65,1.13,1
-1.93,1.55,1
-1.95,1.46,1
-1.95,1.41,1
0.26,1.33,1
-2.98,1.14,1
-2.98,1.11,1
-1.93,1.2,1
1.65,1.61,1
1.65,1.56,1
-1.93,1.45,1
-1.93,1.43,1
1.65,1.07,1
-1.93,1.57,1
-1.93,1.39,1
-1.93,1.38,1
1.65,0.0,1
-1.47,1.24,1
-1.95,1.48,1
-1.93,1.51,1
-1.93,1.49,1
1.65,1.3,1
-1.54,2.19,1
-1.54,1.63,1
-1.54,1.52,1
-1.22,1.13,1
1.71,2.28,1
1.71,2.15,1
1.71,1.3,1
1.71,1.29,1
1.71,1.24,1
1.71,1.2,1
1.71,1.16,1
1.71,1.11,1
1.71,1.59,1
1.71,1.58,1
-2.72,1.24,1
0.26,1.22,1
-1.22,1.09,1
-1.37,1.28,1
-1.93,1.48,1
-1.93,1.47,1
1.71,1.81,1
1.71,1.74,1
1.71,1.72,1
1.71,1.68,1
1.71,1.65,1
-1.95,1.27,1
-1.95,1.26,1
1.71,1.53,1
1.71,1.49,1
1.71,1.46,1
1.71,1.45,1
1.71,1.44,1
1.71,1.43,1
1.71,1.4,1
1.71,1.38,1
1.71,2.38,1
1.71,2.0,1
1.71,1.99,1
1.64,1.91,1
1.64,1.9,1
1.64,1.79,1
1.64,1.75,1
-2.97,1.14,1
-2.97,1.11,1
-2.97,1.1,1
-2.97,1.08,1
-0.78,0.91,1
-1.22,1.15,1
-1.22,1.14,1
-2.97,0.98,1
1.71,1.95,1
1.71,1.87,1
-1.47,1.36,1
-1.47,1.35,1
-1.47,1.34,1
-1.47,1.32,1
-1.47,1.31,1
-1.95,1.25,1
-1.95,1.24,1
-1.95,1.2,1
-1.95,1.18,1
-1.95,1.17,1
1.72,1.19,1
1.72,1.16,1
1.72,1.14,1
1.72,1.13,1
1.72,1.12,1
1.71,2.05,1
1.72,1.03,1
1.64,1.71,1
1.64,1.67,1
1.64,1.66,1
1.64,1.63,1
1.64,1.59,1
1.64,1.58,1
-1.93,1.42,1
-1.93,1.41,1
-1.93,1.4,1
1.64,1.53,1
1.64,1.51,1
1.64,1.5,1
1.72,1.42,1
1.72,1.41,1
-1.47,1.38,1
1.64,1.44,1
1.64,1.37,1
1.64,1.34,1
1.64,1.32,1
-2.97,1.05,1
-1.93,1.58,1
-1.93,1.95,1
0.26,1.49,1
0.26,1.35,1
0.26,1.34,1
1.72,1.34,1
1.72,1.33,1
1.72,1.31,1
1.72,1.3,1
1.72,1.27,1
1.72,1.04,1
1.64,1.16,1
1.64,1.13,1
1.64,1.54,1
1.72,1.67,1
1.72,1.64,1
1.72,1.6,1
1.72,1.59,1
1.72,1.55,1
1.72,1.5,1
1.72,1.46,1
1.72,1.45,1
-1.47,1.3,1
1.64,1.48,1
1.64,1.47,1
1.64,1.46,1
1.64,1.45,1
-1.93,1.8,1
-1.93,1.78,1
-1.93,1.65,1
-1.93,1.61,1
-1.93,1.59,1
-1.37,1.33,1
-1.37,1.31,1
-0.37,1.2,1
-0.37,1.16,1
-2.7,1.04,1
1.72,1.72,1
1.72,1.7,1
1.72,1.69,1
1.64,1.29,1
1.64,1.24,1
1.64,1.23,1
1.64,1.06,1
0.03,1.0,1
0.03,0.99,1
-1.15,1.09,1
1.72,1.82,1
1.72,1.81,1
1.72,1.76,1
1.72,1.73,1
1.72,2.26,1
1.72,2.07,1
1.72,2.0,1
1.72,1.95,1
-1.95,1.03,1
-1.54,1.27,1
-1.54,1.25,1
-1.54,1.23,1
-1.37,1.4,1
1.63,1.74,1
1.63,1.72,1
-0.97,1.42,1
-0.97,1.4,1
-0.97,1.33,1
-0.97,1.26,1
-0.97,1.25,1
-2.7,1.07,1
-2.7,1.06,1
-2.7,1.05,1
1.72,1.88,1
1.72,1.84,1
-1.93,1.82,1
-1.93,1.81,1
1.64,1.11,1
1.73,1.62,1
1.73,1.58,1
1.73,1.45,1
1.73,1.43,1
-1.96,1.91,1
-1.96,1.89,1
-1.96,1.76,1
-1.96,1.66,1
1.73,1.26,1
1.72,1.9,1
-0.97,1.67,1
-0.97,1.43,1
-1.37,1.47,1
-1.37,1.45,1
-1.37,1.42,1
-1.37,1.41,1
1.73,1.22,1
1.63,1.68,1
1.63,1.67,1
1.63,1.66,1
1.63,1.65,1
-0.96,1.25,1
-0.96,1.21,1
-0.96,1.2,1
-1.15,1.2,1
-1.15,1.15,1
-1.15,1.14,1
-1.15,1.13,1
1.63,1.46,1
1.73,1.21,1
1.73,1.2,1
1.73,1.14,1
1.73,1.39,1
1.73,1.38,1
1.63,1.36,1
1.63,1.31,1
1.64,0.0,1
1.63,1.91,1
1.63,1.83,1
1.63,1.78,1
1.63,1.25,1
1.73,1.35,1
1.73,1.34,1
1.73,1.32,1
1.73,1.82,1
1.73,1.81,1
1.73,1.8,1
1.73,1.24,1
1.63,1.11,1
1.63,1.58,1
1.63,1.56,1
1.63,1.51,1
1.63,1.5,1
1.63,1.48,1
-0.34,1.14,1
-0.34,1.11,1
1.73,1.74,1
1.73,1.66,1
1.73,1.64,1
-2.98,0.93,1
-0.37,1.0,1
-0.37,0.98,1
-0.37,0.97,1
-0.37,0.96,1
1.63,1.3,1
1.63,1.29,1
1.63,1.27,1
1.63,1.26,1
0.28,1.03,1
-1.36,1.19,1
-1.96,1.54,1
-1.96,1.53,1
-1.96,1.52,1
-1.96,1.48,1
-1.96,1.46,1
1.74,0.0,1
1.73,1.78,1
1.73,1.77,1
1.73,1.76,1
1.63,1.14,1
1.73,2.04,1
1.73,1.95,1
1.73,1.93,1
1.73,1.89,1
1.73,1.86,1
-1.96,1.34,1
-1.96,1.32,1
-2.83,1.23,1
-2.83,1.22,1
-1.53,1.18,1
-1.53,1.13,1
-1.36,1.27,1
-0.34,1.07,1
-0.34,1.02,1
-0.34,0.98,1
-0.34,0.95,1
0.28,1.04,1
-1.92,1.22,1
0.28,1.8,1
0.28,1.79,1
0.28,1.38,1
-2.97,1.37,1
1.63,1.1,1
-0.34,1.25,1
-0.34,1.21,1
-0.34,1.19,1
-1.96,1.29,1
-1.96,1.28,1
-1.96,1.64,1
-1.96,1.63,1
-1.96,1.62,1
-1.96,1.61,1
-2.97,1.33,1
-1.37,1.05,1
-0.34,1.48,1
-0.34,1.38,1
-0.34,1.33,1
-0.34,1.27,1
1.62,2.12,1
1.62,1.93,1
-1.96,1.4,1
0.03,1.31,1
-2.64,1.46,1
-0.34,0.9,1
0.28,1.2,1
0.28,1.14,1
0.28,1.1,1
0.28,1.06,1
-2.97,1.26,1
-2.97,1.24,1
-2.97,1.23,1
-2.97,1.21,1
-2.97,1.2,1
1.74,1.08,1
1.74,1.02,1
1.74,0.97,1
1.62,1.83,1
1.62,1.82,1
-0.34,1.16,1
-2.97,1.31,1
-1.92,1.36,1
-1.92,1.3,1
1.62,1.4,1
-2.97,1.3,1
1.62,1.67,1
1.62,1.65,1
1.62,1.58,1
1.62,1.57,1
1.62,1.54,1
1.62,1.51,1
1.62,1.45,1
-1.92,1.6,1
-1.92,1.54,1
1.74,1.35,1
1.74,1.31,1
1.74,1.26,1
1.74,1.24,1
1.74,1.21,1
1.62,1.34,1
-2.97,1.29,1
1.74,1.65,1
1.74,1.64,1
1.74,1.62,1
1.74,1.61,1
1.74,1.6,1
1.74,1.51,1
1.74,1.48,1
1.74,1.46,1
1.74,1.45,1
1.74,1.44,1
1.74,1.43,1
-1.96,1.17,1
1.74,1.42,1
1.74,1.41,1
1.74,1.37,1
1.62,1.77,1
-1.92,1.53,1
-1.92,1.52,1
-1.92,1.51,1
-1.92,1.48,1
1.62,1.3,1
1.62,1.28,1
1.62,1.22,1
1.62,1.16,1
-1.37,1.22,1
1.75,0.0,1
1.74,1.89,1
1.74,1.79,1
1.74,1.77,1
1.74,1.67,1
1.74,1.66,1
-0.97,1.17,1
1.61,1.36,1
1.61,1.33,1
-1.37,1.17,1
-1.37,1.14,1
-1.92,1.47,1
-1.92,1.43,1
-1.92,1.42,1
-1.92,1.39,1
1.61,1.71,1
1.61,1.65,1
-1.96,1.2,1
-1.96,1.18,1
-1.36,1.62,1
-1.36,1.59,1
-1.36,1.58,1
-1.36,1.57,1
1.61,2.09,1
1.61,1.16,1
1.61,1.14,1
-1.36,1.42,1
-1.36,1.4,1
1.75,1.05,1
1.75,0.97,1
-0.97,1.15,1
1.61,1.62,1
1.61,1.6,1
1.61,1.57,1
1.61,1.54,1
1.61,1.53,1
1.61,1.51,1
1.61,1.5,1
1.61,1.48,1
1.61,1.43,1
-1.54,1.46,1
-1.54,1.41,1
1.75,1.33,1
1.75,1.25,1
1.75,1.23,1
1.75,1.22,1
1.75,1.2,1
1.75,1.19,1
-1.36,1.56,1
-1.36,1.54,1
1.61,1.32,1
1.61,1.29,1
1.61,1.28,1
1.61,1.27,1
1.61,1.2,1
-1.54,1.34,1
-1.54,1.33,1
-1.54,1.28,1
-0.33,0.92,1
-2.57,1.14,1
-2.57,1.11,1
1.75,1.56,1
1.75,1.51,1
1.75,1.47,1
1.75,1.45,1
1.75,1.44,1
1.75,1.38,1
1.75,1.37,1
-1.36,1.71,1
-0.33,1.06,1
-0.33,1.05,1
-1.92,1.89,1
-1.92,1.81,1
-2.63,1.33,1
-2.63,1.3,1
1.6,1.92,1
1.6,1.85,1
1.6,1.81,1
1.75,1.71,1
-2.98,0.0,1
-2.99,1.59,1
-2.99,1.56,1
-2.99,1.55,1
-2.56,1.17,1
1.75,1.63,1
1.75,1.62,1
1.75,1.57,1
-0.38,1.07,1
1.75,1.58,1
-0.38,1.02,1
-2.56,1.06,1
-2.56,1.03,1
-2.56,0.98,1
-1.97,1.87,1
-1.97,1.85,1
-1.97,1.84,1
-1.97,1.79,1
-1.97,1.75,1
1.75,1.87,1
1.75,1.83,1
1.75,1.36,1
1.75,1.72,1
-1.92,1.9,1
1.76,1.18,1
1.76,1.15,1
1.76,1.14,1
1.75,1.77,1
1.75,1.75,1
-2.56,1.07,1
-1.36,1.39,1
-1.36,1.36,1
-1.36,1.31,1
-1.36,1.3,1
-0.38,1.33,1
-0.38,1.2,1
-0.38,1.15,1
-0.38,1.14,1
-0.38,1.12,1
-0.38,1.08,1
-2.83,1.1,1
0.26,1.12,1
-2.96,0.0,1
-2.97,1.74,1
-2.97,1.58,1
-2.97,1.52,1
-2.97,1.48,1
-2.97,1.47,1
-0.96,1.54,1
-0.96,1.53,1
-0.96,1.44,1
-0.96,1.3,1
-0.96,1.27,1
1.6,1.7,1
1.6,1.67,1
1.6,1.64,1
1.6,1.72,1
-0.33,1.28,1
1.6,1.63,1
1.6,1.58,1
1.6,1.55,1
1.6,1.49,1
-1.92,1.71,1
-1.92,1.69,1
-1.92,1.65,1
-1.92,1.63,1
-1.92,1.62,1
1.61,0.0,1
1.6,1.34,1
1.76,1.38,1
-2.83,1.17,1
-2.83,1.15,1
1.76,1.45,1
1.76,1.44,1
0.26,1.11,1
0.26,1.17,1
-2.83,1.29,1
-2.83,1.28,1
1.76,1.25,1
1.76,1.24,1
1.76,1.22,1
1.6,1.32,1
1.6,1.31,1
-2.97,1.46,1
-2.97,1.42,1
-2.97,1.39,1
1.6,1.8,1
1.6,1.79,1
-1.97,1.55,1
-1.97,1.52,1
-1.97,1.51,1
-1.97,1.48,1
-1.97,1.47,1
-1.97,1.45,1
1.76,1.81,1
1.76,1.78,1
1.76,1.7,1
1.76,1.66,1
1.76,1.61,1
1.76,1.57,1
1.76,1.56,1
1.76,1.55,1
1.76,1.54,1
1.76,1.47,1
-1.97,1.68,1
-1.97,1.63,1
-0.33,1.18,1
-0.33,1.16,1
-0.33,1.15,1
-0.33,1.11,1
-0.33,1.1,1
1.6,1.15,1
1.6,1.47,1
1.6,1.45,1
1.6,1.38,1
-2.72,1.13,1
0.29,1.1,1
-1.97,1.59,1
-1.97,1.58,1
-1.97,1.56,1
-2.57,1.5,1
-2.57,1.46,1
-2.57,1.41,1
1.59,1.77,1
1.59,1.72,1
-1.91,1.24,1
-0.97,0.93,1
-1.97,1.29,1
-1.97,1.26,1
1.76,1.88,1
1.76,1.82,1
-1.97,1.42,1
-1.97,1.4,1
-1.97,1.39,1
-1.97,1.38,1
-1.97,1.71,1
-0.38,0.89,1
-0.38,0.87,1
1.77,1.31,1
-1.97,1.36,1
-1.97,1.32,1
-1.97,1.31,1
-0.97,1.06,1
0.26,0.98,1
0.26,0.95,1
0.26,0.94,1
0.26,0.91,1
-0.97,1.0,1
0.29,1.09,1
0.29,1.08,1
0.29,1.07,1
1.6,1.0,1
1.59,1.42,1
1.6,1.13,1
0.02,1.47,1
0.02,1.45,1
0.02,1.36,1
0.02,1.34,1
-2.72,1.22,1
-2.72,1.2,1
-2.72,1.17,1
-2.72,1.14,1
-1.91,1.17,1
-1.91,1.16,1
-2.83,1.19,1
-0.38,0.97,1
-0.38,0.96,1
-0.38,0.93,1
-0.33,1.62,1
-0.33,1.47,1
1.59,1.19,1
1.77,1.2,1
1.77,1.17,1
-2.99,1.3,1
-2.99,1.29,1
-2.99,1.28,1
-2.99,1.27,1
-2.99,1.25,1
-2.57,1.32,1
-2.57,1.26,1
-2.57,1.24,1
1.59,1.93,1
1.59,1.88,1
1.59,1.82,1
-2.99,1.18,1
-1.91,1.12,1
1.59,1.69,1
1.59,1.64,1
1.59,1.6,1
1.59,1.56,1
-0.32,1.09,1
-0.32,1.06,1
1.77,1.36,1
-0.39,1.54,1
-0.39,1.17,1
1.77,1.3,1
1.59,1.39,1
1.59,1.35,1
-1.91,1.23,1
-1.91,1.22,1
-0.32,1.17,1
-0.32,1.13,1
-0.32,1.03,1
-0.32,1.02,1
-0.32,0.99,1
1.59,1.23,1
1.59,1.22,1
1.59,0.94,1
-1.91,1.43,1
-2.99,1.45,1
-2.99,1.37,1
-2.99,1.36,1
-2.99,1.31,1
1.77,1.61,1
1.77,1.6,1
-2.99,1.22,1
-1.91,1.59,1
-1.91,1.55,1
-1.91,1.53,1
1.59,0.96,1
1.77,1.47,1
1.78,1.08,1
1.77,1.97,1
1.77,1.8,1
1.77,1.79,1
-0.39,1.14,1
-0.78,1.27,1
-1.91,1.38,1
-1.91,1.37,1
-1.91,1.36,1
-1.91,1.33,1
1.59,1.05,1
1.78,1.44,1
1.78,1.42,1
1.78,1.41,1
1.78,1.39,1
1.78,1.37,1
-1.97,1.21,1
1.78,1.28,1
1.78,1.25,1
1.78,1.21,1
1.78,1.19,1
1.77,1.53,1
1.77,1.52,1
-1.91,1.72,1
-1.91,1.71,1
-1.91,1.65,1
-1.91,1.62,1
1.58,2.05,1
1.58,1.95,1
1.58,1.9,1
1.58,1.89,1
1.58,1.85,1
1.58,1.8,1
1.58,1.71,1
1.58,1.64,1
1.58,1.61,1
1.58,1.58,1
-1.91,1.3,1
1.58,1.55,1
1.58,1.46,1
-2.99,0.95,1
1.78,1.51,1
1.78,1.46,1
-2.99,1.05,1
-2.99,1.01,1
-2.99,0.99,1
1.78,1.35,1
1.78,1.34,1
1.78,1.57,1
-2.99,1.13,1
0.03,1.66,1
0.03,1.53,1
0.03,1.46,1
0.03,1.45,1
0.03,1.39,1
0.03,1.38,1
0.03,1.32,1
0.25,1.6,1
0.25,1.46,1
-0.78,0.99,1
0.26,1.09,1
1.58,1.45,1
1.58,1.39,1
1.58,1.38,1
1.58,1.36,1
1.58,1.33,1
1.58,1.31,1
1.58,1.29,1
1.58,1.27,1
-1.91,1.51,1
0.29,0.98,1
0.26,1.08,1
0.26,1.06,1
0.26,1.01,1
-2.99,1.09,1
-0.95,0.99,1
-2.83,1.04,1
-2.83,1.02,1
1.58,1.12,1
1.58,1.08,1
-2.78,1.06,1
-2.78,1.05,1
-2.78,1.04,1
-0.78,1.18,1
-0.78,1.15,1
-0.78,1.11,1
-0.78,1.09,1
-0.78,1.06,1
-0.78,1.05,1
-0.78,1.02,1
-0.78,1.0,1
-2.65,1.27,1
1.57,2.29,1
1.57,2.14,1
1.57,2.05,1
-1.98,1.73,1
-1.98,1.7,1
-1.98,1.68,1
-1.98,1.64,1
-1.98,1.62,1
-1.97,1.04,1
1.79,1.02,1
1.78,1.65,1
-2.78,1.01,1
1.58,1.21,1
0.29,1.03,1
-0.95,1.01,1
1.57,1.82,1
1.57,1.72,1
1.57,1.71,1
-0.32,1.2,1
-0.32,1.18,1
1.57,1.68,1
1.78,1.75,1
1.78,1.74,1
1.78,1.69,1
-1.98,1.85,1
-0.39,1.07,1
-0.39,1.06,1
-1.98,1.79,1
-0.95,0.92,1
-0.95,0.89,1
-1.15,0.97,1
1.57,1.62,1
1.57,1.54,1
1.57,1.52,1
1.57,1.5,1
1.57,1.46,1
1.57,1.45,1
1.57,1.37,1
0.29,1.2,1
0.29,1.15,1
-0.39,0.97,1
1.79,1.33,1
1.57,1.98,1
1.57,1.92,1
1.57,1.88,1
1.57,1.86,1
1.57,1.84,1
0.29,1.13,1
0.29,1.12,1
-1.54,1.15,1
-1.54,1.14,1
1.57,1.29,1
-2.78,1.17,1
-2.78,1.11,1
-1.98,1.33,1
-1.98,1.32,1
-1.98,1.29,1
1.79,1.57,1
1.79,1.47,1
-1.53,1.29,1
-1.53,1.26,1
-0.39,0.99,1
-0.39,0.98,1
-1.53,1.21,1
-1.37,0.0,1
-1.38,1.71,1
-1.38,1.66,1
-2.65,1.33,1
1.57,1.36,1
1.57,1.35,1
-2.83,0.97,1
-1.91,2.01,1
-1.91,1.8,1
0.25,1.81,1
0.25,1.66,1
1.79,1.46,1
1.79,1.43,1
1.79,1.41,1
1.79,1.4,1
-1.91,2.07,1
-1.91,2.02,1
-0.95,1.28,1
1.57,1.16,1
-0.79,1.28,1
-0.32,1.37,1
-0.32,1.26,1
-0.32,1.25,1
1.79,1.58,1
-1.98,1.6,1
-1.98,1.53,1
-1.98,1.48,1
-1.98,1.42,1
-1.98,1.37,1
-1.98,1.36,1
-1.98,1.34,1
-0.95,1.06,1
0.29,1.3,1
0.29,1.28,1
-1.98,1.17,1
-1.98,1.14,1
1.79,1.79,1
1.8,1.2,1
1.79,1.61,1
1.79,1.59,1
-0.79,1.62,1
-0.79,1.46,1
-0.79,1.41,1
-0.79,1.4,1
-0.79,1.3,1
-0.79,1.29,1
-1.91,2.12,1
0.3,0.9,1
-1.9,1.58,1
-1.9,1.51,1
-1.9,1.09,1
-1.9,1.29,1
-2.96,1.04,1
-1.98,1.26,1
1.8,1.48,1
1.8,1.43,1
1.8,1.39,1
1.8,1.37,1
-1.98,1.25,1
-1.9,1.22,1
-1.9,1.19,1
-1.9,1.16,1
-0.95,1.08,1
1.8,1.33,1
1.8,1.31,1
-2.96,0.98,1
0.29,1.35,1
0.29,1.31,1
1.56,1.69,1
-2.96,1.26,1
-2.96,1.25,1
1.8,1.22,1
1.8,1.69,1
1.8,1.57,1
0.25,1.13,1
0.25,1.11,1
0.25,1.0,1
1.8,1.14,1
0.3,0.93,1
-2.96,1.24,1
-1.9,1.42,1
-1.9,1.41,1
-1.9,1.4,1
-1.9,1.36,1
-1.9,1.33,1
-0.31,1.11,1
-0.31,1.08,1
-1.53,1.39,1
-1.53,1.38,1
-1.53,1.36,1
-1.53,1.32,1
-0.39,0.93,1
1.8,1.56,1
1.8,1.52,1
-0.98,1.34,1
-2.96,0.95,1
-2.96,0.92,1
1.56,1.93,1
1.56,1.77,1
1.56,1.73,1
1.56,1.71,1
-2.96,1.07,1
-0.98,1.22,1
-1.14,1.24,1
-1.14,1.22,1
-1.14,1.2,1
-1.14,1.18,1
-2.55,0.0,1
-2.56,1.35,1
0.25,0.99,1
-1.53,1.4,1
-0.31,1.16,1
-0.31,1.13,1
-0.31,1.12,1
1.56,1.5,1
-0.4,1.57,1
-0.4,1.26,1
-0.4,1.15,1
-2.77,0.94,1
-2.77,0.9,1
-2.56,1.33,1
-2.56,1.29,1
-0.98,1.4,1
-0.98,1.37,1
1.81,1.27,1
-0.98,1.26,1
-0.31,1.0,1
1.81,1.81,1
1.81,1.6,1
1.81,1.53,1
1.81,1.51,1
1.81,1.07,1
-1.35,1.34,1
-1.35,1.33,1
-1.35,1.31,1
-2.96,1.05,1
1.56,1.68,1
1.56,1.65,1
1.56,1.61,1
1.56,1.6,1
-2.96,1.19,1
-2.96,1.17,1
-0.31,1.17,1
-1.35,1.24,1
1.56,1.45,1
1.56,1.44,1
1.56,1.37,1
1.56,1.36,1
1.56,1.35,1
1.56,1.31,1
-0.31,0.96,1
-2.96,1.15,1
1.56,1.21,1
-1.35,1.23,1
-1.35,1.2,1
-1.99,1.55,1
-1.99,1.54,1
-1.99,1.53,1
-1.99,1.51,1
1.56,1.19,1
1.56,1.15,1
1.56,1.14,1
1.56,1.13,1
1.56,1.57,1
1.56,1.56,1
-1.9,1.69,1
1.56,1.05,1
1.81,1.39,1
1.81,1.38,1
1.81,1.34,1
-2.56,1.27,1
-1.99,1.92,1
-1.99,1.84,1
-1.35,1.3,1
-1.35,1.26,1
-1.99,1.69,1
-1.99,1.63,1
1.55,2.02,1
1.55,1.97,1
1.55,1.9,1
1.55,1.86,1
1.55,1.82,1
1.56,1.28,1
-1.99,1.61,1
-0.4,1.14,1
-0.4,1.11,1
-0.4,1.1,1
-0.4,1.06,1
-0.4,1.04,1
1.81,1.47,1
1.81,1.46,1
1.82,1.29,1
0.24,1.65,1
0.24,1.43,1
0.24,1.36,1
0.24,1.32,1
0.24,1.31,1
0.24,1.27,1
0.24,1.24,1
-1.99,1.38,1
-1.99,1.37,1
-1.99,1.49,1
-1.99,1.48,1
-1.99,1.46,1
-1.99,1.42,1
-1.99,1.41,1
-1.99,1.76,1
1.82,1.19,1
-1.35,1.18,1
0.3,1.14,1
0.3,1.12,1
0.3,1.1,1
-1.9,2.12,1
-1.9,1.89,1
-1.9,1.86,1
-1.9,1.84,1
-1.9,1.83,1
-1.9,1.79,1
-1.9,1.74,1
1.55,1.53,1
1.55,1.5,1
1.55,1.46,1
1.82,1.31,1
1.82,1.46,1
1.82,1.45,1
1.82,1.41,1
1.82,1.39,1
1.82,1.37,1
-1.14,1.13,1
-1.14,1.12,1
0.24,1.21,1
0.25,1.32,1
0.25,1.26,1
0.25,1.21,1
0.25,1.15,1
0.25,1.14,1
1.82,1.26,1
1.82,1.25,1
1.82,1.2,1
1.55,1.43,1
1.55,1.79,1
1.55,1.78,1
1.55,1.75,1
1.55,1.7,1
1.55,1.68,1
-1.54,1.19,1
1.55,1.23,1
1.55,1.22,1
1.55,1.2,1
1.82,1.7,1
1.82,1.62,1
1.82,1.61,1
1.82,1.5,1
1.82,1.48,1
1.82,1.47,1
-1.9,1.63,1
-1.9,1.61,1
1.55,1.63,1
1.55,1.62,1
1.55,1.61,1
1.55,1.54,1
1.55,1.04,1
-0.98,1.2,1
-0.98,1.15,1
-0.98,1.11,1
-0.98,1.1,1
-1.99,1.16,1
-1.99,1.23,1
-1.99,1.21,1
-1.99,1.11,1
-1.99,1.1,1
1.55,1.37,1
1.55,1.28,1
-2.65,1.1,1
-0.4,0.88,1
-0.4,0.87,1
-1.35,1.72,1
-1.35,1.64,1
-1.35,1.62,1
-1.14,1.16,1
-1.14,1.14,1
-2.0,1.6,1
-2.0,1.53,1
-1.14,1.1,1
-1.14,1.09,1
1.55,1.16,1
-1.9,1.64,1
-1.38,1.58,1
-1.38,1.56,1
-0.31,1.43,1
-0.31,1.35,1
-0.31,1.28,1
-0.31,1.21,1
-2.57,1.1,1
-2.57,1.09,1
-2.57,1.05,1
-2.0,1.96,1
-2.0,1.86,1
-2.0,1.81,1
-1.99,1.04,1
1.83,1.14,1
-0.4,0.93,1
-2.65,1.2,1
1.83,1.56,1
1.83,1.55,1
1.83,1.5,1
1.83,1.49,1
-2.0,1.8,1
-2.0,1.75,1
-2.0,1.67,1
1.83,1.41,1
1.83,1.37,1
1.83,1.34,1
1.83,1.31,1
1.83,1.26,1
1.83,1.25,1
-2.0,1.52,1
-2.0,2.08,1
-1.38,1.59,1
-1.35,1.51,1
-1.35,1.5,1
-1.35,1.48,1
-1.35,1.47,1
-1.35,1.44,1
-1.35,1.42,1
1.83,1.23,1
1.83,1.21,1
-0.41,1.43,1
-0.41,1.38,1
-0.41,1.36,1
-0.41,1.18,1
-3.0,1.28,1
-3.0,1.27,1
-3.0,1.24,1
-3.0,1.21,1
1.54,1.62,1
1.54,1.36,1
-2.57,1.02,1
-2.57,0.99,1
-2.57,0.98,1
-2.68,1.31,1
-2.68,1.28,1
-2.68,1.26,1
-2.68,1.24,1
-2.65,1.18,1
-2.65,1.17,1
0.3,0.97,1
-3.0,1.36,1
-3.0,1.33,1
-1.35,1.57,1
-1.35,1.55,1
-2.0,1.28,1
1.83,1.86,1
1.83,1.77,1
-3.0,1.84,1
-3.0,1.68,1
-2.0,1.39,1
-2.0,1.38,1
0.24,1.12,1
0.24,1.08,1
-3.0,1.61,1
0.02,1.19,1
1.54,2.06,1
1.54,1.93,1
1.54,1.8,1
1.54,1.7,1
1.54,1.68,1
1.54,1.32,1
-2.68,1.22,1
-0.95,1.64,1
-0.95,1.36,1
-0.95,1.32,1
0.3,1.09,1
0.3,1.07,1
0.3,1.06,1
0.3,1.05,1
0.3,1.04,1
0.3,1.02,1
1.54,1.17,1
1.54,1.14,1
0.25,0.91,1
-2.0,1.37,1
-2.0,1.34,1
1.84,1.42,1
1.84,1.41,1
1.54,1.13,1
1.54,1.59,1
1.54,1.51,1
1.54,1.5,1
1.54,1.48,1
1.54,1.47,1
1.54,1.45,1
1.54,1.44,1
1.54,1.41,1
1.54,1.39,1
1.53,1.99,1
1.84,1.1,1
-2.0,1.46,1
1.84,1.39,1
-0.3,1.11,1
1.53,1.75,1
1.53,1.71,1
1.53,1.69,1
1.54,1.28,1
1.54,1.22,1
-2.65,1.25,1
-2.65,1.24,1
1.84,1.31,1
1.84,1.3,1
1.84,1.27,1
1.84,1.24,1
1.84,1.21,1
1.84,1.2,1
1.84,1.52,1
1.84,1.51,1
-0.41,1.15,1
-0.41,1.12,1
-0.41,1.1,1
-2.0,1.27,1
-0.41,0.88,1
1.84,1.57,1
1.84,1.36,1
1.84,1.33,1
1.53,1.68,1
-1.16,1.51,1
-1.16,1.49,1
-1.16,1.45,1
-1.16,1.39,1
-2.68,1.58,1
-2.68,1.43,1
-0.3,1.12,1
0.04,1.03,1
-0.3,1.1,1
-0.3,1.08,1
-0.3,1.06,1
-0.3,1.05,1
-0.3,1.04,1
-0.3,0.87,1
-0.3,0.94,1
1.53,1.64,1
-0.98,0.96,1
1.85,0.0,1
1.84,2.04,1
1.84,1.89,1
1.84,1.77,1
-0.41,1.17,1
-0.41,1.16,1
1.53,1.57,1
1.53,1.55,1
1.53,1.53,1
1.53,1.5,1
-2.68,1.39,1
1.53,1.67,1
-0.3,1.16,1
0.3,1.2,1
0.3,1.19,1
0.3,1.16,1
-0.41,0.96,1
-0.41,0.85,1
-1.53,1.86,1
-1.53,1.8,1
-1.53,1.71,1
-1.53,1.63,1
0.04,1.02,1
-1.54,1.04,1
-1.46,0.0,1
1.53,1.42,1
1.53,1.39,1
1.53,1.38,1
1.53,1.35,1
1.53,1.33,1
1.53,1.2,1
0.24,1.14,1
0.24,1.13,1
-1.34,1.11,1
1.85,1.3,1
-0.41,1.07,1
-0.41,1.06,1
-1.89,1.05,1
1.53,1.47,1
1.53,1.46,1
0.3,1.94,1
0.3,1.68,1
0.3,1.28,1
0.3,1.27,1
0.3,1.25,1
0.3,1.22,1
0.3,1.21,1
-1.89,1.36,1
-1.89,1.35,1
1.85,1.2,1
1.85,1.15,1
1.85,1.12,1
-0.41,0.87,1
-3.0,1.08,1
-3.0,1.05,1
-1.89,1.28,1
-1.89,1.26,1
-1.89,1.23,1
1.53,1.26,1
1.53,1.24,1
-3.0,1.01,1
-3.0,0.97,1
1.85,1.37,1
1.85,1.36,1
1.85,1.35,1
-3.0,1.18,1
1.85,1.29,1
1.85,1.28,1
1.85,1.26,1
1.53,1.48,1
-3.0,1.15,1
-3.0,1.14,1
-1.38,1.34,1
-1.38,1.32,1
-0.3,1.32,1
1.52,1.92,1
1.52,1.8,1
1.52,1.66,1
-0.78,1.45,1
-0.78,1.33,1
-1.34,1.07,1
-3.0,1.1,1
-2.01,1.42,1
1.85,1.64,1
1.85,1.55,1
-3.0,1.06,1
1.52,1.58,1
-2.96,1.76,1
-2.96,1.58,1
-2.96,1.56,1
-1.38,1.51,1
-1.38,1.47,1
-1.38,1.44,1
-1.38,1.39,1
1.52,1.56,1
1.52,1.51,1
-2.01,1.82,1
-2.01,1.8,1
1.85,1.52,1
1.85,1.5,1
1.85,1.44,1
1.85,1.43,1
-1.53,1.43,1
-1.53,1.42,1
-1.53,1.41,1
0.24,0.94,1
-2.01,1.67,1
-2.01,1.65,1
-2.01,1.56,1
-2.01,1.54,1
-2.01,1.5,1
-2.01,1.45,1
-2.01,1.44,1
1.86,1.17,1
1.86,1.15,1
-2.01,2.13,1
-2.01,1.95,1
-2.01,1.84,1
-1.53,1.54,1
1.52,1.5,1
1.52,1.49,1
1.52,1.48,1
1.52,1.46,1
1.52,1.42,1
1.52,1.4,1
-0.3,1.31,1
-0.3,1.17,1
-1.89,1.18,1
1.53,0.0,1
1.52,2.05,1
1.52,1.31,1
1.52,1.29,1
-1.53,1.46,1
-1.53,1.44,1
1.52,1.26,1
1.52,1.24,1
-2.96,1.44,1
-2.96,1.43,1
-2.96,1.32,1
-2.96,1.31,1
-2.96,1.3,1
0.02,0.94,1
1.86,1.38,1
1.86,1.37,1
1.86,1.3,1
1.86,1.27,1
1.86,1.25,1
1.86,1.22,1
-2.01,1.34,1
-1.53,1.61,1
-2.01,1.33,1
-2.01,1.32,1
-2.01,1.31,1
-2.01,1.22,1
1.86,1.82,1
1.86,1.68,1
1.86,1.55,1
1.86,1.53,1
1.86,1.51,1
-1.14,1.88,1
1.86,1.44,1
1.86,1.4,1
-2.72,1.06,1
1.52,1.11,1
1.52,1.08,1
-0.94,0.97,1
1.87,1.22,1
-1.14,1.56,1
-1.14,1.53,1
-1.14,1.51,1
-1.14,1.49,1
-1.14,1.43,1
-1.14,1.42,1
-1.14,1.41,1
-1.14,1.39,1
-2.01,1.4,1
-2.01,1.39,1
-2.01,1.38,1
-2.01,1.37,1
-2.01,1.36,1
-0.42,1.31,1
-0.42,1.29,1
-1.47,2.43,1
-1.47,1.73,1
-1.47,1.72,1
-1.47,1.64,1
-1.47,1.58,1
-1.47,1.43,1
-1.47,1.42,1
-1.47,1.4,1
-1.38,1.53,1
-1.38,1.52,1
-1.89,1.53,1
-0.42,1.1,1
-0.42,1.09,1
-2.77,1.21,1
-2.77,1.17,1
-2.77,1.12,1
-1.89,1.6,1
-1.89,1.58,1
-1.89,1.56,1
-1.89,1.55,1
-0.94,1.06,1
-0.94,1.05,1
1.51,1.78,1
1.51,1.7,1
1.51,1.56,1
1.87,1.11,1
1.87,1.08,1
1.87,1.34,1
-0.42,1.17,1
-0.42,1.15,1
-0.42,1.13,1
1.52,1.17,1
1.51,1.41,1
1.51,1.4,1
-0.94,0.92,1
-0.29,0.89,1
-1.89,1.72,1
-1.89,1.71,1
-1.89,1.64,1
1.87,1.28,1
0.04,1.2,1
0.04,1.18,1
0.04,1.17,1
0.04,1.15,1
0.04,1.14,1
1.87,1.2,1
1.87,1.18,1
-1.89,1.61,1
1.51,1.35,1
-1.89,1.44,1
-1.89,1.43,1
-1.89,1.42,1
1.51,1.79,1
-2.01,1.05,1
1.87,1.77,1
1.87,1.76,1
1.87,1.67,1
1.87,1.61,1
1.87,1.51,1
1.87,1.45,1
1.87,1.31,1
1.87,1.3,1
1.51,1.55,1
1.51,1.44,1
-0.83,1.44,1
-0.83,1.4,1
-0.83,1.38,1
-2.77,1.02,1
-2.77,1.0,1
-2.77,0.97,1
-0.42,0.97,1
-2.01,1.18,1
0.04,1.11,1
0.04,1.08,1
1.51,1.21,1
-1.89,2.18,1
-1.89,2.13,1
-1.89,1.85,1
1.5,1.59,1
-1.89,1.63,1
-1.55,2.15,1
0.31,0.84,1
0.02,1.18,1
1.5,2.11,1
1.5,1.62,1
-0.43,1.44,1
-2.01,0.92,1
1.88,0.0,1
-2.01,1.21,1
-2.01,1.2,1
1.88,1.21,1
1.88,1.2,1
-2.77,1.06,1
-1.88,1.15,1
-2.78,0.91,1
1.51,1.28,1
1.5,1.55,1
-0.29,1.22,1
-0.29,1.18,1
-1.88,1.21,1
1.88,1.07,1
-0.42,0.94,1
1.88,1.38,1
1.88,1.34,1
-2.02,1.81,1
-0.29,1.02,1
-2.78,0.92,1
-0.29,0.97,1
-0.29,0.93,1
-2.72,1.02,1
1.5,1.39,1
-0.83,1.36,1
1.5,1.32,1
1.5,1.29,1
1.5,1.54,1
1.5,1.49,1
1.5,1.45,1
1.5,1.44,1
1.5,1.42,1
1.88,1.31,1
-2.7,1.19,1
-2.02,1.74,1
-2.02,1.63,1
-2.02,1.55,1
-2.02,1.52,1
1.88,1.19,1
-1.88,1.34,1
-1.88,1.33,1
-0.43,1.11,1
-0.43,1.1,1
-2.02,1.5,1
1.88,1.77,1
1.88,1.73,1
1.88,1.59,1
1.88,1.45,1
1.88,1.4,1
-1.14,1.35,1
-1.14,1.32,1
-1.14,1.26,1
-0.99,1.52,1
-0.99,1.47,1
-0.99,1.4,1
-1.88,1.18,1
1.5,1.33,1
-2.7,1.3,1
1.5,1.15,1
1.5,1.11,1
-1.88,1.28,1
-1.88,1.27,1
-1.88,1.44,1
1.5,0.97,1
-2.7,1.29,1
-2.7,1.26,1
-2.7,1.21,1
-2.7,1.2,1
-0.43,1.4,1
-0.43,1.39,1
-0.43,1.29,1
-0.43,1.15,1
-0.43,1.13,1
-1.16,1.24,1
-1.16,1.21,1
-1.16,1.2,1
-0.94,1.21,1
-0.94,1.2,1
-0.94,1.16,1
0.31,1.14,1
-0.43,1.02,1
1.89,1.23,1
1.89,1.21,1
1.89,1.2,1
-0.82,1.21,1
-0.82,1.2,1
-0.82,1.17,1
-2.7,1.37,1
-2.7,1.34,1
-0.82,1.15,1
-0.82,1.09,1
0.31,1.13,1
0.31,1.11,1
0.31,1.09,1
-0.94,1.08,1
-1.88,1.54,1
-1.88,1.5,1
-1.38,1.19,1
-0.82,1.06,1
-0.82,1.05,1
0.23,1.33,1
0.04,1.21,1
1.89,1.18,1
-0.43,1.09,1
-0.43,1.08,1
-2.02,1.31,1
-2.02,1.3,1
-2.02,1.29,1
-2.02,1.15,1
-2.02,1.13,1
-2.02,1.28,1
-2.02,1.27,1
-2.02,1.23,1
1.89,1.46,1
1.89,1.4,1
1.89,1.38,1
1.89,1.36,1
1.89,1.3,1
1.89,1.29,1
1.89,1.28,1
1.89,1.54,1
1.89,1.51,1
1.89,1.48,1
-0.94,1.14,1
-0.94,1.13,1
-0.94,1.1,1
0.02,1.11,1
0.02,1.08,1
0.02,1.07,1
0.02,1.05,1
0.02,1.03,1
0.02,1.0,1
1.49,1.38,1
1.49,1.33,1
-2.02,1.45,1
-2.02,1.44,1
-2.02,1.43,1
-1.88,1.4,1
-0.29,1.36,1
-1.38,1.29,1
-1.38,1.22,1
-1.38,1.21,1
1.49,1.14,1
-2.02,1.04,1
-2.02,1.0,1
1.89,1.85,1
1.89,1.74,1
1.89,1.68,1
1.89,1.6,1
-2.7,1.08,1
-0.99,1.35,1
-0.99,1.25,1
1.89,1.53,1
1.9,1.14,1
1.49,1.08,1
-1.88,1.37,1
1.49,1.74,1
1.49,1.66,1
1.49,1.59,1
1.49,1.52,1
1.49,1.5,1
1.49,1.44,1
-1.88,1.74,1
-1.88,1.72,1
-1.88,1.64,1
-0.43,0.99,1
-0.43,0.95,1
-0.43,0.94,1
-1.88,1.41,1
-2.57,0.89,1
-2.57,0.85,1
-1.88,1.63,1
-1.88,1.62,1
-1.88,1.61,1
1.49,1.28,1
1.49,1.24,1
1.49,1.22,1
1.49,1.21,1
-2.95,1.0,1
-2.7,1.16,1
-2.7,1.15,1
-2.7,1.1,1
-2.7,1.09,1
1.9,1.19,1
1.9,1.15,1
-3.01,1.5,1
-3.01,1.44,1
1.9,1.12,1
1.9,1.43,1
1.9,1.38,1
1.9,1.37,1
1.9,1.36,1
1.9,1.31,1
1.9,1.27,1
-0.43,0.92,1
-0.43,0.88,1
-0.28,0.92,1
-0.29,1.48,1
-1.88,2.12,1
-1.88,1.91,1
-1.88,1.84,1
1.48,1.79,1
1.48,1.7,1
1.48,1.69,1
-1.88,1.57,1
-2.95,1.01,1
1.48,1.67,1
1.48,1.62,1
1.48,1.61,1
1.9,1.69,1
1.9,1.53,1
1.9,1.51,1
1.9,1.49,1
1.9,1.47,1
1.9,1.44,1
-3.01,1.71,1
-3.01,1.64,1
-0.28,1.03,1
-0.28,1.02,1
-0.28,0.99,1
-0.28,0.96,1
1.48,1.57,1
-3.01,1.35,1
-3.01,1.33,1
0.23,1.2,1
0.23,1.19,1
0.23,1.17,1
0.23,1.12,1
0.23,1.11,1
1.9,1.25,1
1.9,1.24,1
-2.57,0.82,1
1.48,1.8,1
1.91,1.3,1
-2.83,1.79,1
-2.83,1.45,1
-2.83,1.44,1
0.04,1.05,1
-2.03,1.44,1
-2.03,1.43,1
-2.03,1.41,1
-2.03,1.39,1
1.91,1.09,1
-3.01,1.43,1
-3.01,1.41,1
-3.01,1.39,1
-0.28,1.15,1
-0.28,1.13,1
-0.28,1.04,1
1.48,1.43,1
1.48,1.41,1
1.48,1.35,1
1.48,1.33,1
1.48,1.32,1
1.48,1.28,1
0.31,0.97,1
0.31,0.94,1
1.9,1.7,1
-2.02,0.0,1
-2.03,1.94,1
-2.03,1.76,1
-2.03,1.58,1
-2.03,1.57,1
-2.03,1.46,1
1.91,1.32,1
0.31,1.5,1
0.31,1.4,1
0.31,1.28,1
0.31,1.21,1
1.47,2.17,1
1.47,2.13,1
1.91,1.24,1
1.91,1.22,1
1.91,1.19,1
1.91,1.18,1
1.91,1.15,1
1.91,0.0,1
1.48,1.53,1
1.48,1.49,1
1.48,1.48,1
1.48,1.45,1
-2.68,1.13,1
-2.68,1.1,1
1.48,1.04,1
-1.16,1.26,1
-2.03,1.25,1
-2.03,1.16,1
1.91,1.37,1
-2.03,1.07,1
1.91,1.29,1
1.91,1.28,1
1.47,1.76,1
1.47,1.6,1
1.48,1.25,1
1.48,1.24,1
0.31,1.01,1
0.31,0.93,1
1.91,1.5,1
-1.16,1.25,1
1.47,1.44,1
1.47,1.42,1
1.47,1.39,1
1.47,1.37,1
1.47,1.34,1
1.91,1.48,1
1.91,1.38,1
-1.34,1.34,1
-1.34,1.32,1
0.23,1.01,1
-2.03,1.29,1
-2.03,1.28,1
-0.94,1.51,1
-2.68,1.15,1
-0.28,1.32,1
-1.38,1.11,1
-1.38,1.1,1
-1.38,1.0,1
-1.16,1.32,1
-1.16,1.3,1
-1.55,1.44,1
-1.55,1.42,1
-1.55,1.4,1
-0.82,1.02,1
-0.82,1.0,1
0.23,1.26,1
-1.34,1.23,1
-1.34,1.2,1
1.91,1.67,1
1.91,1.52,1
-1.55,1.76,1
-1.55,1.61,1
-1.55,1.54,1
-1.55,1.5,1
-1.55,1.45,1
-1.87,1.24,1
1.46,2.17,1
-1.34,1.37,1
-1.34,1.35,1
1.92,1.3,1
0.31,1.19,1
-1.55,1.39,1
-1.55,1.34,1
-1.55,1.31,1
-1.87,1.37,1
-0.28,1.35,1
1.46,1.82,1
-2.95,1.25,1
-2.95,1.24,1
-1.87,1.43,1
-2.95,1.14,1
-2.95,1.11,1
1.92,1.21,1
1.92,1.14,1
1.92,1.12,1
-2.03,1.14,1
-1.87,1.35,1
-1.87,1.31,1
-1.87,1.3,1
1.47,1.28,1
1.47,1.26,1
-1.55,1.95,1
-3.01,1.1,1
-2.04,1.33,1
1.92,1.54,1
1.92,1.48,1
1.92,1.47,1
1.92,1.45,1
1.92,1.42,1
1.92,1.41,1
1.92,1.4,1
1.92,1.35,1
1.92,1.34,1
1.92,1.32,1
-2.04,1.68,1
1.92,1.28,1
1.46,1.99,1
1.46,1.94,1
-2.04,1.74,1
-2.04,1.72,1
-2.04,1.7,1
-0.44,0.98,1
-2.04,1.58,1
-2.04,1.52,1
-2.04,1.65,1
-2.04,1.6,1
-2.04,1.59,1
-3.01,1.21,1
-3.01,1.2,1
-3.01,1.19,1
-3.01,1.17,1
-3.01,1.15,1
-3.01,1.14,1
-3.01,1.12,1
-3.01,1.28,1
-3.01,1.27,1
-2.95,1.06,1
1.46,1.74,1
1.46,1.72,1
1.46,1.7,1
1.46,1.67,1
1.46,1.66,1
-1.87,1.27,1
-1.87,1.26,1
1.46,1.42,1
1.46,1.4,1
-3.01,1.26,1
-2.04,1.79,1
-2.04,1.78,1
-2.04,1.77,1
1.46,1.38,1
1.46,1.36,1
1.46,1.35,1
1.46,1.34,1
1.46,1.33,1
-2.95,1.2,1
-2.95,1.18,1
-2.95,1.16,1
1.46,1.27,1
1.46,1.25,1
-2.04,1.41,1
1.93,1.03,1
-0.44,1.39,1
-0.44,1.19,1
-0.44,1.18,1
-3.01,1.29,1
1.93,1.59,1
-0.44,1.12,1
-0.44,1.09,1
-0.44,1.07,1
-0.44,1.06,1
-0.44,1.03,1
-0.44,1.0,1
1.93,1.36,1
1.93,1.34,1
1.93,1.33,1
1.93,1.31,1
1.93,1.3,1
1.93,1.24,1
-2.04,1.45,1
-2.04,1.44,1
1.46,1.39,1
1.93,1.18,1
1.46,1.24,1
1.46,1.19,1
1.46,1.15,1
1.46,1.13,1
1.46,1.12,1
1.46,1.09,1
1.46,1.65,1
1.46,1.59,1
1.46,1.57,1
1.46,1.5,1
-0.79,1.25,1
1.93,1.17,1
1.93,1.09,1
1.93,1.67,1
1.93,1.61,1
-0.79,1.21,1
-0.79,1.19,1
-0.79,1.18,1
-0.79,1.14,1
-0.79,1.12,1
-0.79,1.1,1
1.46,1.3,1
1.46,1.29,1
1.46,1.28,1
1.46,0.98,1
1.93,1.47,1
1.93,1.45,1
1.93,1.43,1
1.93,1.4,1
-0.44,0.93,1
1.93,1.2,1
-1.87,1.72,1
-1.87,1.67,1
-1.87,1.64,1
-1.87,1.62,1
-1.87,1.6,1
-1.87,1.58,1
-1.87,1.57,1
1.46,1.07,1
-1.87,1.52,1
-1.87,1.48,1
-2.04,1.19,1
-2.04,1.18,1
-2.04,1.16,1
1.94,1.17,1
1.94,1.16,1
1.93,1.53,1
1.45,2.21,1
1.45,2.14,1
-2.95,1.68,1
-2.95,1.64,1
-2.95,1.57,1
-1.87,2.08,1
-1.87,2.05,1
-1.87,1.92,1
-2.04,1.23,1
1.94,1.49,1
1.94,1.38,1
1.94,1.37,1
1.94,1.36,1
1.94,1.29,1
1.46,0.95,1
-1.87,1.8,1
-2.95,1.35,1
-2.95,1.33,1
-2.95,1.32,1
1.45,1.75,1
1.45,1.67,1
-1.87,1.56,1
1.45,1.61,1
1.45,1.55,1
1.45,1.53,1
1.94,1.18,1
1.94,1.56,1
-1.34,1.49,1
-1.52,1.17,1
-1.52,1.16,1
-1.52,1.09,1
-1.87,1.45,1
-3.01,0.98,1
-2.83,1.41,1
0.23,1.05,1
0.23,1.04,1
0.23,1.03,1
0.23,1.02,1
-1.34,1.44,1
-0.45,1.48,1
-0.45,1.35,1
-2.77,1.66,1
-2.77,1.59,1
-2.77,1.46,1
-2.77,1.38,1
1.94,1.21,1
-2.95,1.41,1
-2.95,1.36,1
1.45,1.2,1
1.45,1.18,1
1.45,1.52,1
1.45,1.48,1
1.45,1.42,1
1.45,1.4,1
1.45,1.37,1
1.45,1.35,1
1.45,1.34,1
1.45,1.31,1
-1.87,1.9,1
-1.55,1.16,1
-1.55,1.15,1
-2.04,1.03,1
1.94,1.85,1
1.94,1.79,1
1.45,1.0,1
-0.27,0.95,1
1.44,1.84,1
1.44,1.79,1
-2.77,1.37,1
-1.34,1.66,1
-1.34,1.55,1
-1.34,1.54,1
-2.66,1.57,1
-2.77,1.36,1
-2.77,1.26,1
1.94,1.5,1
1.45,1.25,1
-1.55,1.2,1
-0.27,0.99,1
0.02,0.92,1
1.44,1.52,1
1.44,1.5,1
-0.27,1.1,1
-0.27,1.04,1
-0.27,1.01,1
1.44,1.34,1
-0.45,1.22,1
-0.45,1.19,1
-0.45,1.18,1
1.95,0.0,1
-3.01,1.02,1
1.95,0.93,1
1.44,2.38,1
1.44,2.25,1
1.45,1.03,1
1.45,1.02,1
1.44,2.1,1
1.44,2.06,1
1.44,2.02,1
1.44,1.91,1
1.44,1.13,1
1.95,1.37,1
1.95,1.33,1
0.04,1.31,1
0.04,1.26,1
0.04,1.24,1
-2.77,1.25,1
-0.45,1.29,1
-0.45,1.23,1
1.44,1.63,1
1.44,1.62,1
1.44,1.59,1
1.44,1.03,1
1.44,1.48,1
1.44,1.45,1
1.44,1.44,1
1.44,1.37,1
1.44,1.36,1
-1.52,1.21,1
1.95,1.22,1
1.95,1.15,1
-2.55,0.97,1
1.44,1.31,1
1.44,1.3,1
1.44,1.29,1
1.44,1.28,1
1.44,2.23,1
1.44,2.15,1
-0.27,1.6,1
-0.27,1.32,1
-0.27,1.22,1
-0.27,1.21,1
-0.27,1.2,1
1.44,1.23,1
1.44,1.2,1
1.44,1.19,1
1.95,1.53,1
1.95,1.52,1
1.95,1.5,1
1.95,1.46,1
1.95,1.44,1
1.95,1.42,1
1.95,1.4,1
0.22,1.37,1
-1.86,1.46,1
-1.86,1.43,1
-1.86,1.42,1
1.44,0.0,1
1.43,2.63,1
-2.55,1.11,1
-2.55,1.09,1
1.96,1.1,1
-0.45,1.17,1
-0.45,1.1,1
-2.05,1.95,1
-2.05,1.8,1
-1.86,1.21,1
-0.93,0.0,1
-1.46,1.04,1
0.32,1.23,1
1.43,2.14,1
-0.94,1.78,1
-0.94,1.71,1
-0.94,1.53,1
-1.86,1.14,1
0.02,0.9,1
1.43,1.69,1
-0.45,1.02,1
1.96,1.33,1
1.96,1.25,1
1.96,1.23,1
0.32,1.15,1
0.32,1.14,1
-1.86,1.13,1
-1.86,1.09,1
-1.86,1.48,1
1.96,1.42,1
1.96,1.18,1
1.96,1.17,1
1.96,1.15,1
1.96,1.13,1
-2.05,1.54,1
-2.05,1.52,1
-2.05,1.51,1
-2.05,1.49,1
-2.05,1.45,1
-2.05,1.44,1
-2.05,1.43,1
-0.45,1.03,1
1.43,2.51,1
1.43,2.35,1
1.43,2.2,1
1.96,1.4,1
1.43,1.53,1
1.43,1.49,1
1.43,1.48,1
1.43,1.44,1
-1.86,1.35,1
-1.86,1.34,1
-1.86,1.33,1
1.43,1.3,1
1.96,1.36,1
1.96,1.35,1
1.96,1.55,1
1.96,1.53,1
1.96,1.5,1
1.96,1.47,1
1.96,1.46,1
1.43,1.22,1
1.43,2.01,1
1.43,1.98,1
1.43,1.93,1
1.43,1.86,1
1.43,1.85,1
1.43,1.71,1
-1.39,1.45,1
-2.05,1.59,1
-1.0,1.37,1
-1.0,1.24,1
-1.0,1.16,1
-1.0,1.09,1
-2.05,1.16,1
1.96,1.78,1
-2.05,1.36,1
1.43,1.41,1
1.43,1.39,1
1.43,1.35,1
1.43,1.34,1
1.43,1.06,1
1.43,1.04,1
1.96,1.62,1
1.96,1.61,1
-0.45,0.89,1
-0.45,0.86,1
-2.63,1.06,1
-2.63,1.02,1
-1.52,1.3,1
-1.52,1.29,1
-2.05,1.75,1
-2.05,1.7,1
-1.39,1.49,1
-1.39,1.47,1
-1.86,1.73,1
-1.86,1.71,1
-2.81,1.07,1
-2.81,1.04,1
-1.0,1.55,1
-1.0,1.47,1
-1.0,1.4,1
1.96,1.76,1
1.96,1.66,1
1.96,1.64,1
-0.26,1.0,1
-0.26,0.98,1
-0.26,0.96,1
-0.26,0.92,1
-1.86,1.98,1
-1.86,1.93,1
1.42,2.34,1
1.42,2.31,1
1.42,2.3,1
1.42,2.29,1
1.43,1.14,1
1.43,1.13,1
-2.05,1.33,1
-2.05,1.22,1
-2.05,1.19,1
-1.52,1.28,1
1.43,1.19,1
1.43,1.18,1
1.43,1.17,1
1.43,1.16,1
-0.46,1.23,1
-0.46,1.2,1
1.97,1.29,1
1.97,1.47,1
1.97,1.44,1
1.97,1.15,1
1.97,1.13,1
1.97,1.11,1
1.97,1.1,1
1.97,1.03,1
1.97,1.39,1
1.97,0.99,1
-1.86,1.6,1
-1.86,1.51,1
-1.86,1.49,1
-1.86,2.05,1
-1.39,1.78,1
-1.39,1.76,1
-1.39,1.73,1
-1.39,1.67,1
-1.39,1.64,1
-1.39,1.63,1
-1.39,1.61,1
-1.39,1.58,1
-1.39,1.51,1
-1.86,1.81,1
-1.86,1.79,1
1.42,1.45,1
-1.39,1.5,1
-0.46,1.33,1
-0.46,1.31,1
-0.46,1.26,1
1.42,2.09,1
1.42,1.98,1
1.42,1.94,1
-1.85,1.21,1
-1.85,1.06,1
1.42,2.13,1
0.32,1.05,1
-3.02,1.64,1
-3.02,1.61,1
1.97,1.42,1
1.97,1.67,1
0.22,1.15,1
0.22,1.14,1
0.22,1.11,1
0.22,1.1,1
-1.39,1.92,1
1.42,1.72,1
1.42,1.71,1
1.42,1.6,1
1.42,1.55,1
1.42,1.53,1
1.42,1.46,1
1.42,1.31,1
0.22,1.34,1
-2.55,1.38,1
-2.55,1.3,1
-2.55,1.27,1
1.97,1.65,1
1.97,1.61,1
1.97,1.55,1
1.97,1.54,1
1.42,2.1,1
1.42,1.24,1
1.42,1.23,1
1.42,1.9,1
1.42,1.87,1
1.42,1.84,1
0.32,1.12,1
1.42,1.15,1
1.42,1.13,1
1.98,1.17,1
1.98,1.11,1
1.98,1.0,1
1.98,0.97,1
1.98,1.43,1
0.22,1.06,1
1.42,1.83,1
1.42,1.82,1
-2.06,1.82,1
-2.06,1.79,1
1.98,1.42,1
1.98,1.41,1
1.98,1.33,1
1.98,1.26,1
1.98,1.22,1
-0.46,1.0,1
1.42,1.12,1
1.42,1.02,1
1.42,1.44,1
1.42,1.37,1
1.42,1.34,1
1.42,1.33,1
-1.39,1.24,1
-1.39,1.22,1
-0.26,1.32,1
-0.26,1.3,1
-0.26,1.29,1
-0.26,1.25,1
-0.26,1.21,1
1.42,1.19,1
-0.26,1.1,1
-2.06,1.64,1
-2.06,1.6,1
-2.06,1.55,1
1.98,1.92,1
1.98,1.68,1
1.98,1.59,1
1.98,1.53,1
1.98,1.45,1
1.98,1.44,1
-2.06,1.77,1
-0.46,1.16,1
-1.85,1.38,1
-1.85,1.31,1
-1.85,1.29,1
1.42,1.0,1
-0.46,1.09,1
-0.46,1.06,1
-0.46,1.05,1
-0.46,1.01,1
-2.06,1.74,1
-2.06,1.71,1
-2.06,1.65,1
-0.25,0.0,1
-0.26,1.54,1
-0.26,1.42,1
-0.93,1.14,1
-0.93,1.07,1
-0.93,1.02,1
-1.85,1.28,1
-1.85,1.26,1
-1.85,1.24,1
1.41,2.26,1
1.41,2.25,1
-1.0,0.92,1
-2.55,1.26,1
-2.55,1.24,1
-2.55,1.2,1
-2.55,1.18,1
-2.55,1.17,1
-2.06,1.92,1
1.99,1.04,1
1.41,2.08,1
1.41,2.06,1
1.41,1.99,1
1.41,1.95,1
1.41,1.94,1
1.41,1.81,1
1.41,1.76,1
1.41,1.74,1
1.41,1.66,1
1.41,1.62,1
-1.0,1.06,1
-1.0,1.04,1
-3.02,1.1,1
1.99,1.35,1
1.99,1.28,1
1.99,1.25,1
-2.06,1.22,1
1.99,1.55,1
1.99,1.54,1
1.99,1.48,1
1.99,1.21,1
1.99,1.2,1
1.99,1.17,1
1.99,1.16,1
-3.02,1.37,1
-3.02,1.33,1
-3.02,1.32,1
1.99,1.0,1
1.99,0.93,1
1.41,2.21,1
1.41,2.15,1
1.41,2.12,1
1.41,1.58,1
1.41,1.49,1
1.41,1.44,1
1.41,1.41,1
1.41,1.39,1
1.41,1.38,1
1.41,1.36,1
-1.85,1.23,1
-1.85,1.81,1
-3.02,1.2,1
-3.02,1.16,1
-3.02,1.15,1
-3.02,1.14,1
-3.02,1.13,1
-3.02,1.12,1
-2.06,1.25,1
1.41,1.1,1
1.41,1.67,1
0.32,1.36,1
0.32,1.31,1
0.32,1.3,1
1.99,1.42,1
1.99,1.41,1
1.99,1.39,1
1.99,1.38,1
-2.06,1.34,1
-2.06,1.32,1
-0.46,0.88,1
-3.02,1.29,1
-3.02,1.28,1
-3.02,1.23,1
1.41,1.61,1
1.41,0.92,1
-1.85,1.88,1
-1.39,1.38,1
-1.39,1.34,1
-2.06,1.3,1
-2.06,1.29,1
-2.06,1.09,1
1.99,1.71,1
1.99,1.65,1
1.99,1.6,1
1.99,1.45,1
1.99,1.44,1
1.41,1.28,1
1.41,1.26,1
1.41,1.2,1
1.41,1.14,1
0.32,1.66,1
1.4,1.95,1
1.4,1.93,1
-2.06,1.35,1
2.0,1.18,1
2.0,1.17,1
2.0,1.15,1
-1.52,2.18,1
-1.52,1.61,1
-1.52,1.52,1
-1.52,1.5,1
-1.33,1.26,1
0.32,1.28,1
0.32,1.26,1
0.33,0.88,1
1.41,1.01,1
-1.85,1.65,1
-1.39,1.44,1
-1.39,1.39,1
1.4,1.67,1
1.4,1.61,1
1.4,1.6,1
0.22,1.2,1
0.22,1.18,1
2.0,1.08,1
2.0,0.95,1
-2.06,1.18,1
-2.06,1.16,1
-2.06,1.15,1
-2.06,1.5,1
-1.85,1.61,1
-1.55,1.0,1
1.4,1.34,1
1.4,1.27,1
1.4,1.23,1
2.0,1.4,1
2.0,1.37,1
2.0,1.31,1
2.0,1.26,1
2.0,1.22,1
2.0,1.21,1
-1.52,1.35,1
-1.52,1.24,1
1.4,1.87,1
1.4,1.82,1
-2.94,0.99,1
-1.85,1.79,1
-1.85,1.67,1
1.4,1.14,1
-2.94,0.9,1
1.4,1.78,1
-3.02,0.98,1
2.0,1.56,1
2.0,1.54,1
2.0,1.52,1
2.0,1.51,1
2.0,1.5,1
2.0,1.41,1
1.4,1.5,1
1.4,1.49,1
1.4,1.47,1
-1.85,1.58,1
-1.85,1.55,1
-1.85,1.52,1
1.4,1.39,1
0.33,1.16,1
0.33,1.15,1
-1.23,1.4,1
-1.23,1.38,1
-1.23,1.36,1
-1.23,1.33,1
-1.23,1.31,1
-0.77,1.18,1
-0.77,1.15,1
-0.77,1.13,1
-0.77,1.1,1
-0.77,1.08,1
1.4,1.21,1
1.4,1.18,1
1.4,1.16,1
-0.25,0.9,1
-1.85,1.98,1
-0.25,1.16,1
-1.13,1.09,1
-2.07,1.63,1
-2.07,1.99,1
2.0,1.8,1
2.0,1.64,1
-2.07,1.66,1
-0.77,1.07,1
-3.02,1.09,1
-3.02,1.06,1
1.4,1.0,1
1.4,1.44,1
1.4,1.42,1
1.4,1.41,1
-1.85,2.0,1
-0.25,1.06,1
-0.25,1.04,1
-1.55,1.12,1
-1.55,1.04,1
-1.33,1.1,1
-1.33,1.64,1
-1.33,1.63,1
-2.07,1.64,1
2.01,1.09,1
-1.13,1.19,1
-1.13,1.18,1
0.33,1.14,1
0.33,1.12,1
0.33,1.11,1
-0.25,1.02,1
-2.07,1.43,1
-2.07,1.41,1
-2.07,1.4,1
-2.07,1.39,1
2.01,1.79,1
2.01,1.6,1
-2.07,1.83,1
-2.07,1.75,1
-2.07,1.72,1
-2.07,1.69,1
2.01,1.36,1
2.01,1.33,1
2.01,1.27,1
-1.33,1.15,1
-1.85,2.21,1
-1.85,2.03,1
-1.85,1.91,1
1.39,1.98,1
1.39,1.91,1
-2.79,1.81,1
-2.79,1.79,1
-0.24,0.0,1
-0.25,1.33,1
-0.25,1.26,1
-0.25,1.25,1
1.39,1.6,1
1.39,1.57,1
1.39,1.54,1
2.01,1.22,1
2.01,1.2,1
2.01,1.17,1
-2.07,1.46,1
-1.33,1.4,1
-1.33,1.39,1
2.01,1.59,1
2.01,1.58,1
2.01,1.49,1
2.01,1.48,1
2.01,1.46,1
2.01,1.42,1
2.01,1.41,1
-0.47,1.43,1
-0.47,1.42,1
2.02,1.06,1
2.02,1.04,1
2.02,1.0,1
2.01,1.25,1
2.01,1.23,1
1.39,1.51,1
1.39,1.5,1
-0.25,1.07,1
1.39,1.87,1
1.39,1.83,1
-0.93,1.24,1
-0.93,1.21,1
-0.93,1.19,1
-0.93,1.17,1
1.39,1.35,1
1.39,1.33,1
1.39,1.32,1
-2.07,1.54,1
-2.07,1.5,1
-2.07,1.49,1
2.02,1.12,1
-1.33,1.36,1
1.39,1.26,1
1.39,1.25,1
-1.16,1.15,1
-1.16,1.14,1
-1.16,1.12,1
1.39,1.82,1
1.39,1.74,1
1.39,1.68,1
1.39,1.62,1
1.39,1.12,1
-1.33,1.31,1
-1.33,1.3,1
2.02,1.34,1
2.02,1.32,1
2.02,1.27,1
1.39,1.09,1
1.39,1.48,1
1.39,1.47,1
1.39,1.43,1
1.39,1.42,1
1.39,1.4,1
1.39,1.38,1
1.39,1.37,1
1.39,0.95,1
-1.84,1.28,1
-1.84,1.26,1
-2.07,1.32,1
-2.07,1.31,1
-2.07,1.2,1
-2.07,1.18,1
-1.33,1.38,1
-1.84,1.24,1
-1.84,1.16,1
1.39,1.22,1
1.39,1.2,1
1.39,1.19,1
1.39,1.16,1
1.38,2.17,1
2.02,1.41,1
2.02,1.4,1
2.03,1.11,1
-2.63,1.13,1
0.21,1.4,1
0.21,1.37,1
0.21,1.33,1
0.21,1.25,1
2.02,1.21,1
-1.13,1.07,1
0.21,1.24,1
0.21,1.21,1
2.03,1.02,1
-2.07,1.35,1
-2.07,1.33,1
2.03,1.4,1
2.02,1.55,1
2.02,1.54,1
2.02,1.5,1
-2.94,1.18,1
-1.84,1.56,1
-1.84,1.55,1
-1.84,1.53,1
-1.84,1.52,1
-1.84,1.48,1
-1.84,1.42,1
-1.84,1.39,1
-1.84,1.38,1
-1.84,1.31,1
-2.94,1.12,1
-2.94,1.1,1
-2.94,1.09,1
-2.94,1.08,1
-1.84,1.14,1
-2.94,1.05,1
2.03,1.33,1
2.03,1.32,1
2.03,1.29,1
2.03,1.23,1
2.03,1.22,1
2.03,1.18,1
1.38,1.75,1
1.38,1.68,1
1.38,1.65,1
1.38,1.64,1
1.38,1.62,1
1.38,1.51,1
1.38,1.49,1
-1.46,0.95,1
-1.13,1.02,1
-1.13,1.01,1
-1.13,0.99,1
2.03,1.47,1
2.03,1.46,1
2.03,1.43,1
-2.07,1.07,1
2.03,1.38,1
1.38,1.31,1
1.38,1.3,1
1.38,1.29,1
2.03,1.72,1
2.03,1.65,1
2.03,1.55,1
2.03,1.48,1
-0.47,1.35,1
-0.47,1.33,1
-0.47,1.22,1
-0.47,1.18,1
-1.13,1.06,1
-2.94,1.03,1
-2.94,1.02,1
1.38,2.04,1
1.38,1.8,1
1.38,1.48,1
1.38,1.43,1
1.38,1.4,1
1.38,1.36,1
0.33,1.08,1
0.33,1.02,1
-0.47,1.04,1
-1.33,1.81,1
-0.47,1.0,1
-2.08,1.43,1
-2.08,1.4,1
-2.08,1.39,1
-2.08,1.38,1
-1.46,0.93,1
0.01,1.52,1
1.38,1.33,1
1.38,1.14,1
1.38,1.12,1
-2.58,1.2,1
-2.58,1.18,1
-2.58,1.16,1
-3.02,0.0,1
-3.03,1.49,1
-2.07,1.11,1
-2.08,1.69,1
-2.08,1.63,1
-2.08,1.6,1
-2.08,1.58,1
-0.47,1.17,1
-0.47,1.11,1
-0.47,1.08,1
1.38,1.05,1
-0.48,1.39,1
-2.08,1.57,1
-2.08,1.56,1
-2.08,1.52,1
-2.08,1.45,1
-0.47,0.94,1
0.21,1.06,1
0.21,1.04,1
0.21,1.01,1
-2.08,2.0,1
-2.08,1.75,1
-2.07,0.89,1
-1.39,1.1,1
-1.39,1.09,1
1.38,1.18,1
1.38,1.17,1
-2.58,1.13,1
-2.58,1.12,1
-1.84,1.86,1
1.38,1.0,1
-2.79,1.83,1
-1.39,1.19,1
-1.39,1.18,1
1.37,1.63,1
1.37,1.52,1
-1.52,1.32,1
-1.52,1.31,1
-2.63,1.27,1
-2.63,1.26,1
-0.47,0.93,1
-0.47,0.86,1
-0.48,1.57,1
1.37,1.03,1
-2.78,0.0,1
1.37,1.49,1
1.37,1.48,1
1.37,1.44,1
1.37,1.4,1
1.37,1.39,1
1.37,1.86,1
1.37,1.83,1
1.37,1.78,1
1.37,1.7,1
2.04,1.19,1
2.04,1.16,1
-2.08,1.22,1
0.21,0.93,1
-2.58,1.14,1
-2.79,1.84,1
1.37,1.29,1
1.37,1.28,1
1.37,1.24,1
1.36,1.59,1
-2.58,1.64,1
2.04,1.34,1
2.04,1.31,1
2.04,1.26,1
2.04,1.23,1
2.04,1.21,1
1.37,1.19,1
1.37,1.15,1
-1.84,1.77,1
-1.84,1.75,1
-1.84,1.73,1
1.36,2.17,1
-2.94,1.58,1
-2.94,1.56,1
-2.94,1.46,1
-2.94,1.45,1
0.33,1.17,1
-1.56,1.57,1
2.05,1.01,1
2.05,0.0,1
2.04,1.61,1
2.04,1.59,1
-2.08,1.16,1
-0.79,0.98,1
-0.79,0.97,1
-0.79,0.88,1
-2.79,1.96,1
-3.03,1.3,1
-3.03,1.29,1
-3.03,1.27,1
-3.03,1.23,1
-2.08,1.35,1
-3.03,1.13,1
2.05,1.24,1
2.05,1.23,1
2.05,1.21,1
2.05,1.19,1
2.05,1.18,1
2.05,1.17,1
-0.48,1.34,1
-2.58,1.5,1
-2.58,1.28,1
-2.58,1.23,1
-2.94,1.24,1
-2.94,1.23,1
1.36,1.67,1
1.36,1.63,1
1.36,1.62,1
1.36,1.34,1
-2.94,1.41,1
-2.94,1.37,1
2.05,1.38,1
2.05,1.34,1
2.05,1.26,1
-3.03,1.46,1
-3.03,1.41,1
-3.03,1.39,1
-3.03,1.38,1
-3.03,1.37,1
2.05,1.41,1
2.05,1.4,1
2.05,1.63,1
-3.03,1.21,1
-0.48,0.98,1
0.04,1.51,1
0.04,1.43,1
0.04,1.37,1
0.04,1.35,1
0.04,1.32,1
-2.81,1.1,1
2.05,1.15,1
2.05,1.13,1
0.33,2.04,1
0.33,1.78,1
-2.94,1.26,1
-2.81,1.09,1
0.21,1.13,1
0.01,1.5,1
0.01,1.4,1
0.01,1.3,1
0.01,1.29,1
0.01,1.27,1
0.01,1.25,1
0.01,1.2,1
0.21,1.12,1
0.21,1.1,1
0.21,1.09,1
-2.08,1.1,1
-2.08,1.07,1
2.05,1.48,1
2.05,1.46,1
2.05,1.49,1
-0.48,1.29,1
1.36,1.55,1
1.36,1.54,1
1.36,1.46,1
1.36,1.45,1
1.36,1.44,1
1.36,1.36,1
1.36,1.35,1
-0.48,1.25,1
-0.48,1.2,1
-0.48,1.17,1
-0.48,1.12,1
-0.48,1.11,1
-1.13,1.24,1
-1.13,1.22,1
1.36,1.31,1
1.36,1.3,1
1.36,1.24,1
1.36,1.23,1
1.36,1.21,1
1.36,1.16,1
-2.7,1.38,1
-1.01,1.43,1
-1.01,1.42,1
-1.01,1.36,1
-1.01,1.33,1
-2.09,2.0,1
-2.09,1.77,1
2.06,1.09,1
2.06,1.04,1
2.05,1.51,1
1.35,1.48,1
-0.24,0.96,1
0.33,1.26,1
2.06,1.34,1
2.06,1.33,1
2.06,1.31,1
2.06,1.29,1
-2.7,1.45,1
-0.24,0.84,1
1.36,1.07,1
-1.83,1.2,1
-1.83,1.18,1
-1.83,1.16,1
-0.24,0.98,1
1.36,1.33,1
1.36,1.32,1
1.35,1.36,1
1.35,1.32,1
1.35,1.28,1
2.06,1.1,1
2.06,1.47,1
2.06,1.38,1
-0.48,0.97,1
0.2,1.64,1
0.2,1.48,1
0.2,1.47,1
1.35,2.61,1
1.35,1.71,1
1.35,1.67,1
1.35,1.63,1
1.35,1.51,1
1.35,1.49,1
-2.09,1.47,1
-2.54,0.88,1
0.2,1.42,1
-0.48,0.84,1
1.35,1.47,1
1.35,1.46,1
0.33,1.61,1
0.33,1.59,1
0.33,1.46,1
0.33,1.32,1
0.33,1.31,1
-1.55,0.97,1
-0.24,1.09,1
0.34,0.92,1
1.35,1.39,1
1.35,1.38,1
-2.09,1.73,1
-0.24,1.04,1
-0.24,1.01,1
1.35,1.24,1
1.35,1.22,1
1.35,1.16,1
1.35,1.15,1
1.35,1.1,1
-1.83,1.33,1
-1.83,1.32,1
-1.17,1.52,1
-2.09,1.7,1
-2.09,1.64,1
-2.09,1.56,1
-2.09,1.53,1
-2.09,1.52,1
-1.17,1.41,1
-0.24,1.23,1
-0.24,1.21,1
-0.24,1.18,1
-0.24,1.17,1
-0.24,1.15,1
-0.24,1.13,1
-0.24,1.12,1
-0.24,1.1,1
-0.93,1.46,1
-0.93,1.38,1
-0.93,1.29,1
2.07,1.24,1
2.07,1.21,1
-0.49,1.41,1
2.07,0.95,1
-1.83,1.68,1
-1.83,1.64,1
-1.83,1.59,1
-0.49,1.28,1
-1.32,1.47,1
2.07,1.47,1
2.07,1.43,1
-3.03,1.09,1
-3.03,1.08,1
-3.03,1.07,1
0.2,1.22,1
0.2,1.21,1
2.07,1.15,1
-1.17,1.48,1
-1.17,1.45,1
-1.17,1.43,1
-1.17,1.4,1
-1.17,1.36,1
-1.17,1.33,1
-1.17,1.3,1
-0.93,1.6,1
1.34,1.48,1
0.2,1.11,1
0.2,1.1,1
0.2,1.07,1
-3.03,0.98,1
-0.49,1.4,1
-0.49,1.36,1
-0.49,1.33,1
-1.83,1.23,1
1.35,0.96,1
-1.83,1.38,1
2.08,1.47,1
2.08,1.46,1
2.08,1.36,1
-3.03,0.97,1
2.08,0.94,1
-2.09,1.45,1
-2.09,1.42,1
-2.09,1.39,1
-2.09,1.31,1
2.07,1.92,1
2.08,1.13,1
0.2,1.15,1
-1.83,1.55,1
-1.83,1.52,1
-1.83,1.51,1
-1.83,1.49,1
-2.94,1.85,1
-2.94,1.74,1
-2.94,1.64,1
-2.94,1.62,1
-1.83,1.86,1
-1.83,1.84,1
-1.83,1.83,1
-1.83,1.77,1
-1.83,1.76,1
-1.83,1.69,1
1.34,1.3,1
2.08,1.05,1
2.08,1.04,1
2.08,1.67,1
2.08,1.5,1
2.08,1.48,1
1.34,1.27,1
1.34,1.23,1
1.34,1.2,1
1.34,1.19,1
1.34,1.91,1
1.34,1.58,1
1.34,1.54,1
2.08,1.24,1
2.08,1.21,1
2.08,1.18,1
2.08,1.17,1
-2.09,1.24,1
2.08,1.12,1
1.34,1.45,1
1.34,1.4,1
1.34,1.39,1
-2.58,1.0,1
1.34,1.37,1
1.34,1.35,1
1.34,1.33,1
-1.4,1.87,1
-1.4,1.68,1
-1.4,1.65,1
-2.09,1.13,1
2.08,1.77,1
-1.32,1.44,1
-1.32,1.43,1
-1.32,1.4,1
-1.32,1.39,1
2.08,1.32,1
2.08,1.29,1
2.08,1.28,1
-0.24,1.62,1
-0.24,1.41,1
-0.24,1.36,1
-0.24,1.31,1
-0.24,1.29,1
-0.24,1.28,1
-1.32,1.19,1
2.09,1.25,1
2.09,1.2,1
2.09,1.19,1
2.09,1.14,1
2.09,1.11,1
-2.09,1.19,1
-2.09,1.18,1
-2.09,1.16,1
-2.58,1.02,1
2.09,1.36,1
2.09,1.35,1
2.09,1.31,1
2.09,1.29,1
2.09,1.1,1
2.09,1.08,1
-1.01,1.06,1
0.2,0.98,1
0.2,0.97,1
0.2,0.85,1
-1.32,1.27,1
-1.32,1.26,1
-1.4,1.61,1
-1.4,1.53,1
-1.4,1.48,1
-1.4,1.47,1
-1.01,1.19,1
-1.01,1.18,1
-1.01,1.17,1
-1.01,1.16,1
-1.01,1.13,1
-1.01,1.08,1
-1.01,1.07,1
0.2,0.8,1
0.2,1.38,1
0.2,1.31,1
0.2,1.26,1
0.2,1.25,1
2.09,1.58,1
2.09,1.57,1
2.09,1.46,1
2.09,1.45,1
2.09,1.27,1
-2.58,0.9,1
-1.83,2.26,1
-1.83,1.95,1
-1.83,1.87,1
1.33,1.64,1
1.33,1.49,1
1.33,1.46,1
-1.4,2.02,1
-1.56,1.63,1
-1.56,1.62,1
0.34,1.19,1
-1.01,1.27,1
-1.01,1.24,1
-1.01,1.22,1
-1.01,1.2,1
2.1,0.99,1
-0.49,1.24,1
0.34,1.17,1
0.34,1.16,1
-2.58,1.04,1
1.33,1.36,1
1.33,1.32,1
1.33,1.3,1
1.33,1.25,1
-0.49,1.17,1
-0.49,1.16,1
-0.49,1.12,1
-0.49,1.11,1
-0.49,1.1,1
-0.49,1.06,1
-0.49,1.05,1
-2.58,1.06,1
-1.56,1.92,1
-1.56,1.79,1
-1.56,1.78,1
-1.56,1.71,1
-1.56,1.7,1
-1.56,1.68,1
-1.56,1.67,1
-1.56,1.66,1
-0.23,0.99,1
-0.23,0.98,1
-0.23,0.95,1
-2.09,1.07,1
2.1,1.11,1
2.1,1.1,1
2.1,1.07,1
-1.39,0.0,1
1.33,1.17,1
0.34,1.03,1
-2.1,1.46,1
-2.1,1.38,1
-2.1,1.37,1
2.1,1.33,1
2.1,1.27,1
2.1,1.26,1
2.1,1.23,1
2.1,1.21,1
2.1,1.2,1
2.1,1.17,1
2.09,1.68,1
1.33,1.41,1
1.33,1.37,1
2.1,1.34,1
-2.1,1.67,1
-2.1,1.55,1
2.1,1.14,1
-0.49,0.95,1
-0.49,0.94,1
-0.81,1.31,1
-0.81,1.3,1
-0.81,1.29,1
-0.81,1.26,1
-0.81,1.22,1
-0.81,1.2,1
-0.81,1.17,1
-0.81,1.15,1
-0.23,0.94,1
-0.23,0.87,1
0.34,0.98,1
-1.56,1.34,1
-1.56,1.33,1
-1.56,1.32,1
-1.56,1.3,1
-1.56,1.29,1
-0.23,1.06,1
-0.23,1.05,1
-0.23,1.04,1
-0.23,1.02,1
-1.82,1.12,1
0.2,1.04,1
0.2,1.03,1
0.2,1.0,1
-0.49,0.86,1
2.1,1.4,1
1.32,1.66,1
1.32,1.61,1
1.32,1.6,1
-1.17,1.59,1
-0.23,1.07,1
0.34,1.09,1
0.34,1.05,1
-1.82,1.43,1
2.11,1.04,1
2.11,0.97,1
2.1,1.73,1
2.1,1.44,1
2.1,1.42,1
2.11,1.34,1
0.19,1.67,1
0.19,1.62,1
-1.82,1.39,1
-1.82,1.34,1
-1.82,1.33,1
-1.82,1.21,1
1.32,1.45,1
1.32,1.44,1
2.11,1.25,1
2.11,1.21,1
2.11,1.14,1
2.11,1.12,1
2.11,1.1,1
-2.1,1.34,1
-2.1,1.33,1
-2.1,1.3,1
2.11,1.06,1
1.32,1.73,1
1.32,1.4,1
1.32,1.38,1
1.32,1.35,1
1.32,1.34,1
1.32,1.56,1
1.32,1.55,1
1.32,1.5,1
-1.4,1.31,1
-2.1,1.21,1
-2.1,1.2,1
-2.1,1.16,1
2.11,1.44,1
2.11,1.39,1
-1.23,1.45,1
2.11,1.29,1
-1.82,1.41,1
-0.23,1.61,1
-0.23,1.57,1
-0.23,1.38,1
-0.23,1.26,1
-0.23,1.24,1
-0.23,1.19,1
0.34,1.25,1
0.34,1.23,1
2.11,2.12,1
2.11,2.1,1
2.11,2.07,1
2.11,1.66,1
-2.1,1.35,1
-0.77,1.25,1
-0.77,1.24,1
1.32,1.43,1
-0.83,1.17,1
-0.83,1.14,1
1.32,1.14,1
1.32,1.1,1
-1.82,1.61,1
-1.82,1.54,1
-1.23,1.79,1
-1.23,1.75,1
-1.23,1.62,1
-1.23,1.59,1
-1.23,1.51,1
-2.54,1.07,1
-2.54,1.05,1
-2.1,1.07,1
-1.4,1.3,1
-1.4,1.26,1
0.34,1.39,1
0.34,1.36,1
0.34,1.3,1
0.34,1.28,1
-1.01,0.98,1
-1.01,0.96,1
-1.01,0.94,1
2.12,1.16,1
2.12,1.06,1
2.12,1.0,1
2.12,0.98,1
-0.77,1.22,1
-1.22,0.0,1
-1.23,1.83,1
-2.84,2.2,1
-0.83,1.23,1
-1.32,1.7,1
-1.32,1.55,1
-1.32,1.49,1
-3.04,1.54,1
-3.04,1.51,1
-3.04,1.38,1
-3.04,1.33,1
-3.04,1.28,1
-3.04,1.26,1
-3.04,1.21,1
-1.01,0.99,1
-1.82,1.51,1
-0.23,1.17,1
-0.23,1.16,1
1.32,1.16,1
0.34,1.65,1
-1.82,1.73,1
-1.82,1.71,1
-1.82,1.69,1
-1.82,1.66,1
-1.82,1.63,1
1.31,1.37,1
2.12,1.35,1
2.12,1.34,1
2.12,1.32,1
-0.5,1.36,1
-0.5,1.32,1
-0.5,1.3,1
-0.5,1.29,1
-0.5,1.26,1
-0.5,1.21,1
-0.5,1.2,1
-1.21,1.32,1
-0.82,1.42,1
-0.82,1.4,1
-0.82,1.36,1
-0.5,1.18,1
-0.5,1.17,1
-2.54,1.02,1
-2.54,1.01,1
-2.11,1.84,1
-2.11,1.83,1
-2.11,1.71,1
-2.11,1.63,1
2.12,1.8,1
2.12,1.19,1
-1.82,1.8,1
-1.82,1.78,1
1.31,1.29,1
-1.82,1.44,1
1.31,1.84,1
1.31,1.83,1
1.31,1.64,1
1.31,1.61,1
1.31,1.6,1
1.31,1.59,1
1.31,1.51,1
1.31,1.47,1
-1.4,1.37,1
2.13,1.14,1
2.13,1.13,1
-1.21,1.38,1
-1.21,1.36,1
-1.21,1.33,1
0.19,1.86,1
-1.4,1.36,1
-1.4,1.35,1
1.31,1.19,1
-2.93,0.91,1
1.31,1.46,1
1.31,1.4,1
1.31,1.38,1
1.31,1.15,1
-0.81,1.33,1
-0.81,1.32,1
2.13,0.98,1
-2.11,1.31,1
2.12,1.53,1
2.12,1.49,1
2.12,1.37,1
-0.92,1.27,1
-0.92,1.25,1
1.31,1.26,1
1.31,1.24,1
1.31,1.21,1
-0.22,0.72,1
-1.4,1.44,1
-0.83,1.06,1
2.13,1.45,1
2.13,1.35,1
2.13,1.34,1
2.13,1.23,1
2.13,1.22,1
2.14,0.92,1
-2.11,1.57,1
-0.82,1.25,1
-3.04,1.0,1
-2.11,1.56,1
-2.11,1.5,1
-2.11,1.45,1
-2.11,1.44,1
-2.11,1.41,1
-2.11,1.4,1
-2.11,1.36,1
-2.11,1.33,1
2.14,1.2,1
2.14,1.19,1
2.14,1.16,1
2.14,1.1,1
-2.11,1.27,1
-2.11,1.26,1
2.13,1.55,1
-1.81,1.12,1
-1.81,1.06,1
-1.56,1.36,1
-0.92,1.11,1
-0.92,1.1,1
-0.92,1.08,1
-0.22,0.98,1
-0.22,0.97,1
-0.22,0.96,1
2.14,1.04,1
2.14,1.01,1
-3.04,1.08,1
-3.04,1.06,1
-3.04,1.05,1
-3.04,1.04,1
-3.04,1.02,1
1.3,1.72,1
-0.22,1.0,1
-0.22,0.99,1
1.3,1.52,1
2.14,1.28,1
2.14,1.26,1
2.14,1.21,1
-2.11,1.24,1
-2.11,1.23,1
-2.11,1.21,1
-2.11,1.18,1
-2.11,1.14,1
-0.92,1.21,1
-0.92,1.16,1
-0.83,1.11,1
-0.83,1.09,1
1.3,1.33,1
1.3,1.28,1
1.3,1.27,1
-1.81,1.17,1
-1.56,1.43,1
-1.56,1.39,1
2.15,1.05,1
2.15,1.04,1
2.15,0.99,1
2.14,1.49,1
2.14,1.44,1
-3.04,1.2,1
2.14,1.38,1
1.3,2.14,1
1.3,2.13,1
1.3,1.79,1
2.15,1.07,1
-3.04,1.19,1
-3.04,1.18,1
-1.13,1.36,1
-1.13,1.35,1
-1.13,1.28,1
-1.51,1.1,1
0.19,1.55,1
0.19,1.49,1
1.3,1.51,1
1.3,1.45,1
1.3,1.41,1
1.3,1.37,1
1.3,1.36,1
1.3,1.35,1
1.3,1.34,1
-1.21,1.47,1
-0.83,1.3,1
0.01,1.18,1
1.3,1.17,1
1.3,1.09,1
1.3,1.06,1
1.3,1.58,1
-1.17,1.13,1
-1.21,1.46,1
-1.21,1.43,1
-1.21,1.4,1
-2.68,1.05,1
2.15,1.23,1
2.15,1.22,1
2.15,1.18,1
2.15,1.15,1
-1.56,1.49,1
-1.56,1.48,1
-1.56,1.46,1
-1.56,1.45,1
-2.93,1.23,1
2.15,1.3,1
2.15,1.28,1
-1.02,1.78,1
-1.02,1.74,1
-1.02,1.55,1
-1.02,1.45,1
-1.13,1.5,1
-1.13,1.48,1
-1.13,1.46,1
0.19,1.39,1
-1.21,1.51,1
-2.93,1.21,1
-1.81,1.4,1
-1.81,1.36,1
-1.17,1.19,1
-1.17,1.18,1
-0.5,1.15,1
-0.5,1.13,1
-0.5,1.1,1
-0.5,1.06,1
-0.5,1.02,1
-0.5,0.95,1
-0.5,0.93,1
1.3,1.26,1
1.3,1.24,1
1.3,1.23,1
1.3,1.22,1
-2.79,1.52,1
-2.79,1.47,1
-2.79,1.4,1
-2.79,1.39,1
-2.79,1.38,1
-2.79,1.29,1
1.29,1.6,1
1.29,1.56,1
2.15,1.45,1
2.15,1.4,1
-2.79,1.17,1
-1.17,1.08,1
-0.92,1.5,1
-0.92,1.43,1
-1.81,1.32,1
-1.81,1.3,1
-2.79,1.09,1
-2.93,1.13,1
-2.93,1.09,1
-2.93,1.08,1
1.29,1.26,1
2.16,1.23,1
2.16,1.21,1
2.16,1.17,1
2.16,1.15,1
2.16,1.14,1
-0.5,0.84,1
-0.51,1.54,1
1.3,0.0,1
1.29,1.96,1
1.29,1.89,1
-2.93,1.17,1
-0.51,1.26,1
-0.51,1.25,1
2.16,1.06,1
2.16,1.01,1
2.16,0.99,1
2.16,1.41,1
2.16,1.4,1
2.16,1.37,1
2.16,1.34,1
-2.12,1.95,1
-2.12,1.7,1
-2.12,1.62,1
-2.12,1.52,1
1.29,1.43,1
1.29,1.42,1
-2.79,1.1,1
1.29,1.87,1
1.29,1.84,1
1.29,1.75,1
1.29,1.74,1
1.29,1.7,1
1.29,1.67,1
1.29,1.66,1
-1.81,1.84,1
-1.81,1.79,1
-1.81,1.76,1
2.16,1.24,1
-1.02,1.14,1
-0.51,1.5,1
-0.51,1.42,1
-0.51,1.34,1
-0.51,1.27,1
1.29,1.4,1
1.29,1.35,1
1.29,1.32,1
1.29,1.27,1
-1.81,1.46,1
-1.81,1.45,1
2.16,1.49,1
2.17,0.94,1
-2.68,1.02,1
-1.02,1.36,1
-1.02,1.3,1
-1.02,1.26,1
-1.02,1.25,1
-2.12,1.49,1
-2.12,1.42,1
1.29,1.19,1
1.28,1.83,1
1.28,1.77,1
1.28,1.65,1
1.28,1.64,1
-2.12,1.28,1
-2.12,1.2,1
0.19,1.17,1
0.19,1.15,1
-2.82,0.97,1
-0.51,1.18,1
-0.51,1.16,1
2.16,1.69,1
-1.81,1.63,1
-1.81,1.62,1
-1.81,1.61,1
-1.81,1.54,1
1.28,1.35,1
1.28,1.33,1
1.28,1.3,1
1.28,1.29,1
-1.81,1.5,1
1.28,1.28,1
2.17,1.08,1
-1.02,1.24,1
-1.02,1.2,1
-1.81,2.41,1
-1.81,2.09,1
-1.81,2.05,1
-1.81,1.98,1
-1.81,1.86,1
1.28,1.87,1
1.28,1.85,1
1.28,1.23,1
1.28,1.68,1
1.28,1.67,1
2.17,1.19,1
2.17,1.17,1
2.17,1.15,1
2.17,1.13,1
-2.12,1.38,1
-2.12,1.36,1
-2.12,1.35,1
-2.12,1.34,1
-2.12,1.3,1
0.19,1.14,1
1.28,1.5,1
1.28,1.41,1
1.28,1.39,1
-2.12,1.13,1
0.35,1.18,1
0.35,1.1,1
1.28,1.04,1
1.28,1.02,1
-2.12,1.08,1
2.17,1.81,1
2.17,1.33,1
2.17,1.29,1
2.17,1.2,1
-0.22,1.3,1
-0.22,1.22,1
-0.22,1.11,1
-0.22,1.09,1
-0.22,1.08,1
-0.22,1.06,1
1.27,2.13,1
1.27,2.12,1
-1.4,1.12,1
1.28,1.2,1
1.28,1.17,1
0.01,1.13,1
-0.21,1.07,1
-0.21,1.04,1
-0.21,1.01,1
-0.51,0.96,1
-0.51,0.94,1
-0.51,0.93,1
-2.12,1.16,1
2.18,1.18,1
2.18,1.17,1
2.18,1.1,1
0.19,0.97,1
2.18,1.08,1
2.18,1.04,1
-0.51,0.0,1
-0.52,1.44,1
-1.31,1.29,1
-1.31,1.27,1
-1.31,1.26,1
-1.31,1.24,1
2.18,1.31,1
-0.51,1.09,1
-0.51,1.07,1
-0.21,0.98,1
-0.21,0.97,1
-1.4,1.2,1
-1.4,1.19,1
2.18,1.57,1
2.18,1.46,1
2.18,1.4,1
2.18,1.35,1
2.19,1.04,1
2.18,1.28,1
2.18,1.27,1
2.18,1.25,1
-2.54,1.25,1
-2.54,1.23,1
-2.54,1.21,1
-2.54,1.18,1
-2.54,1.13,1
0.19,1.02,1
0.19,1.01,1
0.19,1.0,1
0.19,1.34,1
1.27,1.96,1
1.27,1.85,1
1.27,1.81,1
1.27,1.8,1
1.27,1.71,1
1.27,1.67,1
1.27,1.66,1
-0.92,1.63,1
-1.17,1.27,1
-1.17,1.26,1
-2.93,1.59,1
-2.93,1.57,1
-2.93,1.47,1
0.19,1.31,1
0.19,1.19,1
2.19,1.07,1
2.19,1.06,1
-2.13,1.64,1
-2.13,1.63,1
2.19,1.03,1
2.19,1.02,1
2.19,0.92,1
-2.13,1.75,1
-2.54,1.41,1
-2.54,1.4,1
-2.54,1.35,1
-2.54,1.33,1
2.19,1.36,1
2.19,1.33,1
0.19,0.89,1
0.19,1.38,1
2.19,1.24,1
-2.93,1.45,1
-2.93,1.4,1
-2.93,1.34,1
-2.93,1.32,1
-2.93,1.29,1
-2.93,1.28,1
-2.93,1.27,1
-2.93,1.26,1
1.27,1.55,1
1.27,1.54,1
2.19,1.23,1
2.19,1.19,1
2.19,1.12,1
2.19,1.1,1
2.19,1.08,1
1.27,1.42,1
1.27,1.37,1
1.27,1.31,1
-2.93,1.86,1
-2.93,1.77,1
-2.13,1.39,1
-2.13,1.37,1
-2.13,1.33,1
-2.13,1.3,1
-2.13,1.29,1
-2.13,1.28,1
-2.13,1.24,1
2.2,1.14,1
2.2,1.1,1
2.19,1.28,1
2.19,1.25,1
-1.22,1.37,1
1.27,1.21,1
1.27,1.16,1
1.27,1.11,1
1.27,1.59,1
1.27,1.58,1
1.27,1.05,1
2.2,1.0,1
2.2,0.0,1
2.19,1.47,1
-0.52,1.19,1
-0.52,1.18,1
-2.76,1.22,1
-2.13,1.5,1
1.27,1.49,1
1.27,1.45,1
-3.05,1.38,1
-3.05,1.13,1
2.2,1.34,1
2.2,1.31,1
2.2,1.3,1
2.2,1.28,1
2.2,1.26,1
2.2,1.24,1
2.2,1.22,1
2.2,1.2,1
-3.05,1.17,1
-1.8,1.28,1
-1.8,1.25,1
-1.8,1.21,1
1.27,1.3,1
-1.22,1.38,1
-1.47,1.21,1
-1.22,1.31,1
-1.22,1.3,1
-1.22,1.28,1
-1.22,1.24,1
-0.21,1.38,1
-0.21,1.36,1
-0.21,1.35,1
-0.21,1.26,1
-1.8,1.14,1
1.26,2.16,1
-1.31,1.18,1
-0.52,1.4,1
-0.52,1.25,1
-0.52,1.22,1
-3.05,1.52,1
0.19,1.07,1
2.21,0.0,1
2.2,1.49,1
2.2,1.46,1
2.2,1.39,1
2.2,1.36,1
-3.05,1.37,1
-3.05,1.33,1
-3.05,1.31,1
-3.05,1.26,1
-3.05,1.24,1
-3.05,1.22,1
-3.05,1.21,1
-2.13,1.02,1
-2.13,1.0,1
-1.47,1.23,1
1.26,1.86,1
1.26,1.73,1
1.26,1.71,1
1.26,1.67,1
1.26,1.65,1
1.26,1.64,1
1.26,1.58,1
-1.8,1.51,1
-1.8,1.5,1
-1.8,1.49,1
0.35,0.95,1
0.35,1.21,1
-1.56,1.25,1
0.19,1.11,1
0.19,1.09,1
0.19,1.08,1
-2.76,1.18,1
-2.76,1.16,1
-1.02,1.02,1
-2.13,0.94,1
-2.13,1.19,1
-2.13,1.17,1
-2.13,1.16,1
-2.13,1.12,1
-2.76,1.0,1
-0.52,1.15,1
2.21,0.91,1
-1.47,1.19,1
-1.47,1.18,1
1.26,1.93,1
1.26,1.91,1
1.26,1.9,1
-1.8,1.35,1
-1.8,1.34,1
-1.8,1.31,1
-1.8,1.3,1
-1.8,1.29,1
1.26,1.56,1
1.26,1.55,1
1.26,1.21,1
1.26,1.19,1
-2.14,1.48,1
-2.14,1.44,1
-2.14,1.41,1
-2.14,1.39,1
-2.14,1.36,1
-2.14,1.66,1
-2.76,1.2,1
-2.14,1.19,1
-2.14,1.18,1
-2.76,1.1,1
-2.76,1.08,1
-2.76,1.06,1
-2.76,1.01,1
2.21,1.26,1
2.21,1.23,1
2.21,1.22,1
2.21,1.18,1
2.21,1.14,1
-2.14,1.55,1
-2.14,1.51,1
-2.14,1.49,1
-1.56,1.23,1
-1.56,1.22,1
-1.8,1.64,1
-1.8,1.63,1
-1.8,1.44,1
-1.8,1.42,1
0.35,1.09,1
0.35,1.08,1
0.35,1.05,1
0.35,0.97,1
0.35,0.96,1
-1.8,2.02,1
2.21,1.09,1
2.21,1.06,1
2.21,1.45,1
-2.14,1.35,1
-2.14,1.25,1
-2.14,1.22,1
1.26,1.13,1
1.26,1.12,1
-2.59,1.35,1
-2.93,2.02,1
-0.52,1.07,1
-0.52,1.04,1
-0.52,0.99,1
-1.51,1.31,1
-1.51,1.3,1
-1.51,1.26,1
-1.51,1.25,1
-1.8,1.96,1
1.26,1.38,1
1.26,1.35,1
1.26,1.28,1
1.26,1.27,1
-3.05,0.94,1
2.22,1.25,1
-1.51,1.23,1
-1.51,1.19,1
-0.52,0.94,1
-0.52,0.9,1
2.22,1.08,1
2.22,1.07,1
2.22,1.0,1
2.21,1.35,1
2.21,1.3,1
-1.8,1.57,1
-1.8,1.56,1
1.25,2.15,1
1.25,1.98,1
1.26,1.16,1
1.25,1.59,1
1.25,1.46,1
-1.8,1.91,1
-1.8,1.86,1
-1.8,1.82,1
-1.8,1.81,1
-1.8,1.74,1
-1.8,1.69,1
-1.8,1.67,1
-1.8,1.66,1
1.25,1.29,1
2.21,1.62,1
2.21,1.47,1
-0.52,1.14,1
-0.52,1.13,1
-3.05,0.96,1
-1.31,1.43,1
-1.31,1.42,1
2.22,1.23,1
2.22,1.21,1
2.22,1.13,1
2.22,1.12,1
2.22,1.11,1
2.22,1.58,1
2.22,1.44,1
2.22,1.4,1
-3.05,1.08,1
-3.05,1.07,1
2.21,1.63,1
1.25,1.64,1
1.25,1.63,1
1.25,1.6,1
1.25,1.15,1
1.25,1.33,1
-1.4,1.07,1
1.25,1.8,1
1.25,1.78,1
1.25,1.65,1
-2.59,1.88,1
-2.59,1.54,1
-2.59,1.42,1
-2.59,1.38,1
-0.52,0.86,1
-0.52,0.79,1
-1.31,1.5,1
-1.31,1.49,1
-1.31,1.46,1
-1.31,1.44,1
-0.91,1.12,1
-1.56,1.11,1
-1.56,1.1,1
2.23,1.1,1
2.23,1.08,1
2.23,1.05,1
0.18,1.22,1
0.18,1.2,1
0.18,1.19,1
0.18,1.17,1
-3.05,1.05,1
-3.05,1.04,1
-1.4,0.94,1
-0.21,1.42,1
-1.22,1.48,1
1.25,1.21,1
-0.91,1.05,1
-0.91,1.04,1
-1.56,1.15,1
-1.79,1.24,1
-1.51,1.4,1
-1.51,1.38,1
-1.51,1.35,1
-1.51,1.34,1
2.23,0.97,1
-2.14,1.05,1
-1.79,1.14,1
-0.2,0.87,1
-0.91,1.18,1
-0.91,1.17,1
-0.91,1.14,1
-0.91,1.13,1
-2.14,1.14,1
2.23,1.32,1
-1.79,1.18,1
-0.2,0.89,1
1.24,1.67,1
1.24,1.54,1
1.24,1.52,1
2.23,1.23,1
2.23,1.2,1
2.23,1.18,1
2.23,1.17,1
2.23,1.37,1
2.23,1.36,1
-0.2,0.84,1
-1.79,1.08,1
-0.91,1.09,1
2.24,1.36,1
2.24,1.33,1
2.24,1.31,1
2.24,1.27,1
2.24,1.26,1
2.24,1.25,1
-1.31,1.4,1
-0.77,1.5,1
-0.77,1.44,1
-0.77,1.35,1
-0.77,1.29,1
-1.31,1.38,1
-2.14,0.97,1
2.24,1.06,1
2.24,1.04,1
2.24,1.0,1
2.24,1.37,1
2.24,0.98,1
1.24,1.51,1
1.24,1.49,1
1.24,1.47,1
1.24,1.46,1
1.24,1.45,1
1.24,1.44,1
1.24,1.4,1
1.24,1.36,1
1.24,1.34,1
1.24,1.27,1
2.24,0.92,1
2.23,1.55,1
2.23,1.48,1
2.23,1.45,1
-0.53,1.26,1
-0.53,1.18,1
-0.53,1.17,1
-0.53,1.15,1
-0.53,1.08,1
2.24,1.22,1
2.24,1.18,1
2.24,1.17,1
2.24,1.14,1
2.24,1.1,1
-2.15,1.38,1
-2.15,1.36,1
2.24,1.48,1
2.24,1.46,1
2.24,1.45,1
2.24,1.39,1
1.24,1.24,1
1.24,1.22,1
1.24,1.21,1
1.24,1.2,1
1.24,1.16,1
1.24,1.15,1
1.24,1.14,1
1.24,1.89,1
1.24,1.81,1
-0.19,0.0,1
-0.2,1.27,1
-1.31,1.34,1
-1.31,1.31,1
-0.53,1.36,1
-0.53,1.34,1
-0.53,1.27,1
-0.2,1.22,1
-0.2,1.19,1
-0.2,1.17,1
-0.2,1.16,1
-0.2,1.14,1
-0.2,1.07,1
-0.2,0.99,1
1.24,1.33,1
1.24,1.32,1
-1.79,1.5,1
-2.15,1.66,1
-2.15,1.57,1
-2.15,1.54,1
0.18,1.03,1
0.18,0.97,1
0.18,0.96,1
-1.79,1.36,1
0.35,1.32,1
0.35,1.24,1
0.35,1.22,1
0.18,1.39,1
0.18,1.33,1
-2.15,1.5,1
-2.15,1.47,1
-1.03,1.53,1
-1.03,1.52,1
-1.03,1.46,1
-1.03,1.44,1
-1.03,1.38,1
-2.15,1.41,1
-1.31,1.37,1
-2.15,1.39,1
1.23,1.4,1
1.23,1.37,1
1.23,1.35,1
-2.15,1.23,1
-2.15,1.2,1
-2.15,1.19,1
-2.15,1.18,1
-2.15,1.13,1
-2.15,1.11,1
0.18,1.46,1
-1.79,1.49,1
-1.79,1.47,1
-1.79,1.42,1
-1.79,1.41,1
-1.79,1.39,1
-1.79,1.38,1
2.25,1.19,1
-2.15,0.91,1
-0.53,1.0,1
-0.53,0.99,1
2.25,1.18,1
2.25,1.15,1
2.25,1.13,1
2.25,1.12,1
2.25,1.08,1
2.25,1.07,1
2.25,1.6,1
2.25,1.59,1
-1.31,1.35,1
1.23,1.58,1
1.23,1.51,1
1.23,1.45,1
-1.79,1.35,1
1.23,1.72,1
1.23,1.62,1
1.23,1.59,1
0.35,1.53,1
0.35,1.52,1
0.35,1.47,1
0.35,1.46,1
0.35,1.41,1
0.35,1.37,1
-1.41,1.89,1
2.25,1.35,1
2.25,1.34,1
2.25,1.33,1
2.25,1.3,1
2.25,1.27,1
1.23,1.3,1
1.23,1.27,1
1.23,1.22,1
1.23,1.21,1
1.23,1.2,1
-2.71,1.29,1
-0.53,0.89,1
2.26,1.04,1
2.26,1.02,1
0.05,1.01,1
0.05,1.0,1
0.05,0.99,1
0.05,0.92,1
2.25,1.39,1
2.25,1.38,1
2.25,1.37,1
-2.71,1.16,1
-2.71,1.13,1
-2.71,1.12,1
-0.91,1.21,1
-1.79,1.64,1
-1.79,1.63,1
0.18,1.07,1
0.18,1.05,1
2.26,0.97,1
2.26,0.94,1
-0.53,0.97,1
-0.53,0.96,1
-0.53,0.95,1
-2.65,1.56,1
-2.65,1.51,1
1.23,1.02,1
-1.79,1.58,1
-1.79,1.53,1
-1.79,1.51,1
-1.79,1.74,1
-1.79,1.7,1
-1.79,1.68,1
-1.79,1.67,1
1.22,1.57,1
1.22,1.49,1
2.26,1.21,1
2.26,1.2,1
2.26,1.19,1
2.26,1.15,1
2.26,1.1,1
-2.16,1.28,1
0.18,1.1,1
-2.66,1.32,1
-2.16,1.26,1
-2.16,1.49,1
-2.16,1.41,1
-2.16,1.37,1
-2.53,0.94,1
-2.53,0.85,1
2.26,1.41,1
2.26,1.38,1
2.26,1.34,1
-1.03,1.31,1
-1.03,1.29,1
-1.03,1.26,1
2.26,1.3,1
-1.79,1.6,1
-1.79,1.59,1
-1.79,1.81,1
-1.79,1.79,1
-1.79,1.78,1
-1.79,1.77,1
-0.91,1.44,1
-0.91,1.38,1
-0.91,1.25,1
-0.91,1.23,1
1.22,1.32,1
-1.03,1.13,1
-1.12,1.14,1
-1.12,1.13,1
-1.12,1.12,1
-2.16,1.3,1
-1.03,1.36,1
-2.66,1.37,1
2.27,1.37,1
2.27,1.36,1
-2.66,1.31,1
-2.66,1.29,1
-2.66,1.26,1
-2.66,1.24,1
-2.66,1.22,1
-2.66,1.21,1
-2.66,1.19,1
-1.31,1.62,1
-1.03,1.35,1
2.27,1.16,1
-1.03,1.18,1
-1.79,2.01,1
-1.79,1.98,1
-1.79,1.82,1
1.22,1.25,1
1.22,1.23,1
1.22,1.22,1
1.22,1.2,1
1.22,1.95,1
1.22,1.73,1
1.22,1.62,1
1.22,1.12,1
1.22,1.06,1
-2.16,1.36,1
-2.16,1.32,1
-3.06,1.25,1
-3.06,1.18,1
-3.06,1.14,1
2.27,1.39,1
2.27,1.38,1
2.27,1.26,1
-0.19,1.18,1
-0.19,1.15,1
-0.19,1.08,1
1.22,1.41,1
1.22,1.39,1
-0.19,1.01,1
-0.19,1.0,1
-0.19,0.97,1
2.27,1.24,1
2.27,1.68,1
2.27,1.56,1
2.27,1.4,1
-3.06,1.66,1
2.27,1.08,1
2.27,1.03,1
-0.19,0.94,1
-0.19,0.9,1
1.22,1.17,1
1.22,1.15,1
-3.06,1.34,1
-2.76,1.5,1
-2.76,1.46,1
-2.76,1.36,1
-2.76,1.3,1
0.17,1.67,1
0.17,1.64,1
0.17,1.58,1
0.17,1.55,1
-1.5,0.0,1
-1.51,2.05,1
-1.51,1.75,1
-1.51,1.7,1
-1.51,1.56,1
-1.51,1.52,1
-1.51,1.51,1
0.18,0.85,1
0.05,1.03,1
-2.16,1.23,1
-2.16,1.2,1
-3.06,1.51,1
-3.06,1.49,1
-3.06,1.47,1
-1.78,1.22,1
-1.78,1.14,1
-0.19,1.04,1
-0.19,1.03,1
-0.19,1.02,1
-2.71,1.42,1
-2.71,1.39,1
-2.71,1.31,1
-0.19,1.36,1
-0.19,1.32,1
-1.31,1.59,1
-1.31,1.53,1
-0.54,1.64,1
-0.54,1.31,1
-0.54,1.29,1
-0.54,1.24,1
-0.54,1.17,1
-0.54,1.14,1
-0.54,1.13,1
-0.54,1.12,1
-2.76,1.63,1
-2.76,1.24,1
-0.54,1.07,1
2.28,1.24,1
2.28,1.21,1
2.28,1.2,1
2.28,1.18,1
2.28,1.16,1
2.28,1.14,1
2.28,1.08,1
-2.16,0.99,1
2.28,1.0,1
-2.92,1.06,1
-0.91,1.46,1
-2.71,1.59,1
-2.71,1.48,1
-2.71,1.44,1
-0.19,1.26,1
-2.92,1.02,1
1.21,1.77,1
1.21,1.56,1
0.01,0.88,1
1.21,1.5,1
1.21,1.49,1
1.21,1.48,1
2.28,1.4,1
2.28,1.39,1
2.28,1.35,1
2.28,1.33,1
2.28,1.3,1
2.28,1.29,1
2.28,1.28,1
-2.76,1.26,1
-2.92,0.94,1
-1.41,1.56,1
1.21,1.4,1
1.21,1.39,1
-0.19,1.6,1
-0.19,1.58,1
-0.19,1.38,1
1.21,1.22,1
1.21,1.18,1
-0.54,1.0,1
-0.54,0.99,1
-0.54,0.93,1
2.29,1.18,1
2.29,1.17,1
2.29,1.15,1
-0.19,1.27,1
-1.41,1.46,1
-1.41,1.44,1
-1.41,1.43,1
1.21,1.37,1
1.21,1.36,1
1.21,1.26,1
-1.78,1.41,1
-1.78,1.38,1
2.29,1.08,1
2.29,1.05,1
2.29,0.98,1
-3.06,1.02,1
2.29,1.49,1
2.29,1.33,1
-0.54,1.06,1
-2.92,0.96,1
-1.78,1.32,1
-1.41,1.79,1
-1.41,1.74,1
-1.41,1.59,1
-2.92,1.25,1
-2.92,1.23,1
2.29,1.22,1
-3.06,1.06,1
-2.17,1.71,1
-2.17,1.52,1
-2.17,1.43,1
-2.17,1.41,1
2.29,1.11,1
2.29,1.1,1
-1.41,1.51,1
-1.41,1.47,1
1.21,0.9,1
1.2,1.63,1
1.2,1.52,1
-2.17,1.3,1
-2.17,1.22,1
-2.17,1.16,1
-2.17,1.13,1
-2.17,1.12,1
-2.17,1.09,1
2.29,1.32,1
2.29,1.29,1
2.29,1.27,1
-1.78,1.37,1
-1.78,1.35,1
-1.78,1.34,1
-1.78,1.33,1
1.2,1.45,1
1.2,1.43,1
1.2,1.41,1
1.2,1.39,1
1.2,1.36,1
1.2,1.34,1
-1.78,1.28,1
-2.92,1.28,1
1.2,1.3,1
1.2,1.28,1
-3.06,1.12,1
-1.03,1.12,1
-1.03,1.11,1
-1.03,1.1,1
-2.17,1.39,1
-2.17,1.34,1
-2.66,1.39,1
-1.03,1.05,1
1.2,1.22,1
1.2,1.19,1
1.2,1.11,1
-2.92,1.09,1
-2.92,1.08,1
0.36,0.99,1
-2.17,1.26,1
-2.17,1.24,1
0.17,1.54,1
0.17,1.51,1
0.17,1.47,1
0.17,1.34,1
-2.17,1.07,1
2.29,1.51,1
1.19,1.79,1
1.19,1.6,1
0.36,1.71,1
0.36,1.65,1
-1.78,1.69,1
-1.78,1.66,1
-1.78,1.6,1
-1.78,1.58,1
-1.78,1.44,1
-2.59,1.11,1
0.17,1.81,1
0.17,1.72,1
-0.55,1.79,1
-2.66,1.55,1
-2.66,1.53,1
-2.66,1.42,1
-0.55,1.22,1
-0.55,1.21,1
2.3,1.25,1
2.3,1.23,1
2.3,1.21,1
2.3,1.2,1
2.3,1.15,1
2.3,1.07,1
2.3,1.47,1
2.3,1.41,1
-2.59,1.05,1
-1.78,2.35,1
0.36,1.06,1
0.36,1.02,1
0.36,1.0,1
-1.78,1.72,1
2.3,1.34,1
1.19,1.58,1
1.19,1.56,1
1.19,1.53,1
1.19,1.5,1
1.19,1.49,1
1.19,1.47,1
1.19,1.28,1
2.3,1.33,1
2.3,1.26,1
-0.55,1.54,1
-0.55,1.41,1
-0.55,1.38,1
-0.55,1.35,1
-0.55,1.31,1
-0.55,1.24,1
1.19,1.26,1
1.19,1.25,1
1.19,1.24,1
1.19,1.22,1
1.19,1.2,1
-1.78,1.94,1
-1.78,1.89,1
-1.78,1.88,1
-1.78,1.87,1
-1.78,1.76,1
-1.78,1.75,1
2.31,1.2,1
2.31,1.18,1
2.31,1.14,1
2.31,1.07,1
2.31,1.06,1
2.31,1.22,1
2.31,0.98,1
1.19,1.08,1
1.19,0.96,1
1.19,1.46,1
1.19,1.39,1
1.19,1.33,1
-0.19,1.61,1
-2.79,1.08,1
2.31,0.96,1
-1.03,0.98,1
-1.03,0.89,1
0.17,1.05,1
0.17,0.95,1
-0.55,1.18,1
-0.55,1.16,1
2.31,1.37,1
-1.03,1.03,1
-1.03,1.02,1
-1.03,1.01,1
0.17,0.94,1
-1.51,1.49,1
-1.51,1.48,1
-1.51,1.47,1
-1.51,1.43,1
2.31,1.35,1
2.31,1.33,1
2.31,1.29,1
2.31,1.28,1
2.31,1.27,1
2.31,1.26,1
2.31,1.23,1
-2.53,1.07,1
-2.79,1.06,1
-2.65,1.45,1
-2.65,1.36,1
-2.59,1.3,1
-2.59,1.29,1
-2.59,1.28,1
-2.59,1.22,1
-2.59,1.2,1
0.36,1.16,1
0.36,1.14,1
2.32,0.0,1
2.31,1.57,1
2.31,1.44,1
2.31,1.42,1
2.31,1.41,1
0.0,1.5,1
1.19,0.0,1
1.18,1.66,1
1.18,1.55,1
1.18,1.53,1
1.18,1.52,1
1.18,1.41,1
1.18,1.39,1
-0.18,0.9,1
-2.18,1.47,1
-2.18,1.46,1
-2.18,1.44,1
-2.18,1.41,1
-2.53,1.17,1
-2.53,1.16,1
-2.53,1.09,1
-0.18,0.95,1
1.18,1.2,1
-2.59,1.19,1
-1.77,1.03,1
0.36,1.33,1
0.36,1.21,1
0.36,1.2,1
-2.92,1.39,1
-2.92,1.36,1
-2.92,1.35,1
-0.55,1.02,1
-0.55,1.01,1
-0.55,0.94,1
-0.55,0.85,1
-3.06,0.92,1
0.0,1.61,1
-2.92,1.58,1
-2.92,1.55,1
-2.92,1.48,1
-2.92,1.46,1
-2.92,1.43,1
-1.18,1.8,1
2.32,1.08,1
2.32,1.05,1
2.32,0.97,1
2.32,1.38,1
-2.92,1.32,1
-2.92,1.29,1
-0.18,1.05,1
-0.18,1.03,1
-0.18,1.0,1
-0.18,0.98,1
1.18,1.26,1
1.18,1.23,1
1.18,1.22,1
1.18,1.21,1
-0.17,0.0,1
-0.18,1.63,1
-2.53,0.95,1
-2.18,1.35,1
-2.18,1.34,1
-2.18,1.32,1
-2.18,1.31,1
-2.18,1.25,1
-2.18,1.04,1
1.18,1.15,1
1.18,1.36,1
-2.92,1.62,1
-0.18,1.24,1
-0.18,1.21,1
-0.18,1.16,1
-0.18,1.13,1
1.18,1.12,1
1.18,1.1,1
2.32,1.53,1
2.32,1.48,1
2.33,1.03,1
2.33,1.0,1
-1.18,1.71,1
-1.18,1.65,1
-1.17,1.07,1
-1.17,1.04,1
1.18,1.33,1
1.18,1.29,1
-1.12,1.23,1
-1.77,1.15,1
-1.17,1.02,1
-1.77,1.2,1
-1.41,1.15,1
1.17,1.55,1
1.17,1.53,1
-2.18,1.13,1
-2.18,1.1,1
2.33,1.31,1
2.33,1.29,1
2.33,1.24,1
2.33,1.23,1
2.33,1.2,1
2.33,1.16,1
-0.18,1.25,1
1.17,1.33,1
1.17,1.29,1
1.17,1.25,1
1.17,1.24,1
-0.18,1.1,1
-0.18,1.08,1
-0.18,1.07,1
0.37,1.17,1
2.33,1.07,1
2.33,1.06,1
-1.04,1.8,1
-1.04,1.54,1
-1.12,1.87,1
-1.12,1.51,1
-1.12,1.36,1
-1.12,1.24,1
-0.76,0.96,1
2.34,1.07,1
2.33,1.38,1
2.33,1.36,1
2.33,1.34,1
2.33,1.33,1
2.33,1.32,1
-0.76,1.16,1
-0.76,1.13,1
0.17,0.75,1
0.05,1.2,1
2.33,1.13,1
1.17,1.43,1
1.17,1.41,1
1.17,1.37,1
1.17,1.34,1
0.05,1.18,1
0.17,1.15,1
0.37,1.14,1
1.17,1.14,1
1.17,1.12,1
1.17,1.11,1
1.17,1.66,1
1.17,1.63,1
1.17,1.59,1
-1.77,1.35,1
-1.77,1.3,1
0.17,1.13,1
0.17,1.12,1
0.17,1.1,1
-0.76,1.04,1
-0.76,1.03,1
0.0,1.45,1
0.0,1.43,1
0.0,1.39,1
0.0,1.36,1
0.0,1.3,1
0.0,1.28,1
0.0,1.27,1
-1.77,1.27,1
-1.41,1.38,1
2.34,0.92,1
2.33,1.52,1
-2.19,1.9,1
-2.18,0.89,1
-2.19,1.26,1
-2.19,1.25,1
-2.19,1.24,1
2.34,1.16,1
-1.41,1.21,1
-1.41,1.2,1
1.17,1.01,1
-1.77,1.22,1
-1.77,1.63,1
2.34,1.12,1
2.34,1.32,1
2.34,1.29,1
2.34,1.25,1
2.34,1.23,1
2.34,1.2,1
2.34,1.02,1
2.34,1.01,1
1.17,1.22,1
1.17,1.2,1
-1.77,1.62,1
-1.77,1.6,1
-1.77,1.51,1
-1.77,1.47,1
-1.77,1.29,1
-1.77,1.43,1
1.16,1.93,1
-2.19,1.47,1
-2.19,1.39,1
-2.19,1.35,1
-2.19,1.34,1
2.35,1.15,1
2.35,1.14,1
2.35,1.12,1
0.05,1.1,1
-2.19,1.19,1
1.16,1.08,1
-1.77,1.84,1
-1.77,1.83,1
0.17,0.88,1
2.35,1.06,1
2.35,1.0,1
2.34,1.43,1
-2.19,1.71,1
-2.19,1.59,1
-2.19,1.56,1
1.16,1.69,1
1.16,1.45,1
1.16,1.42,1
1.16,1.41,1
1.16,1.35,1
1.16,1.28,1
-3.07,1.39,1
-1.77,1.77,1
1.16,1.23,1
-1.77,1.74,1
-3.07,1.35,1
-3.07,1.34,1
-3.07,1.32,1
2.35,1.26,1
2.35,1.2,1
2.35,1.17,1
-2.84,1.2,1
-2.84,1.16,1
-2.84,1.14,1
1.16,1.17,1
1.16,1.16,1
1.16,1.11,1
1.16,1.0,1
-1.77,2.01,1
-1.77,1.9,1
-1.77,1.87,1
-0.17,0.93,1
-0.17,0.92,1
-3.07,1.0,1
2.35,1.53,1
2.35,1.47,1
2.35,1.43,1
2.35,1.37,1
2.35,1.34,1
2.35,1.32,1
2.35,1.27,1
-3.07,1.59,1
-3.07,1.54,1
-2.19,1.08,1
-0.9,1.03,1
-0.9,1.01,1
-0.9,0.96,1
1.15,1.6,1
1.15,1.53,1
1.15,1.5,1
-2.19,0.95,1
-3.07,1.11,1
-2.19,1.16,1
-2.19,1.15,1
-3.07,1.03,1
-1.77,1.69,1
-1.77,1.68,1
-1.77,1.66,1
1.16,1.01,1
-0.56,1.56,1
-1.3,1.26,1
1.15,1.49,1
1.15,1.4,1
1.15,1.36,1
1.15,1.35,1
-0.17,0.95,1
0.37,1.26,1
-1.57,2.77,1
-1.57,2.7,1
-1.3,1.25,1
-1.3,1.23,1
-1.3,1.21,1
-1.3,1.19,1
2.36,0.89,1
-2.2,1.73,1
2.36,1.28,1
-2.19,0.9,1
-1.57,2.62,1
-1.57,2.2,1
-1.57,2.14,1
1.15,1.22,1
1.15,1.17,1
1.15,1.14,1
1.15,1.12,1
1.16,0.0,1
1.15,1.32,1
-3.07,1.17,1
2.36,1.2,1
2.36,1.18,1
2.36,1.12,1
2.36,1.1,1
0.37,1.5,1
0.37,1.44,1
0.37,1.38,1
0.37,1.34,1
0.37,1.3,1
1.14,1.51,1
1.14,1.45,1
1.14,1.44,1
2.36,1.68,1
2.36,1.47,1
2.36,1.44,1
2.36,1.42,1
2.36,1.4,1
2.36,1.39,1
2.36,1.32,1
2.36,1.31,1
-0.56,1.14,1
-0.56,1.13,1
1.14,1.39,1
1.14,1.52,1
-0.17,1.07,1
-0.56,1.02,1
-2.2,1.52,1
-2.2,1.47,1
-2.2,1.37,1
-2.2,1.32,1
-2.53,1.52,1
-2.53,1.48,1
1.15,1.31,1
1.15,1.27,1
-2.84,1.12,1
0.38,0.0,1
-2.53,1.38,1
-2.53,1.37,1
-0.17,1.0,1
-0.17,0.99,1
-0.17,0.98,1
-0.17,0.96,1
-1.76,1.14,1
-0.9,1.33,1
-0.9,1.25,1
-2.53,1.36,1
2.37,0.99,1
2.37,0.96,1
-0.56,1.29,1
-0.56,1.27,1
-0.56,1.26,1
-0.56,1.22,1
2.37,1.2,1
2.37,1.19,1
2.37,1.17,1
2.37,1.14,1
2.37,1.02,1
-0.56,1.07,1
2.37,1.26,1
2.37,1.25,1
-1.5,0.99,1
0.16,2.13,1
0.16,2.04,1
0.16,1.91,1
0.16,1.88,1
0.16,1.76,1
0.16,1.66,1
-2.53,1.41,1
-0.9,1.22,1
-0.9,1.15,1
-0.9,1.09,1
1.14,1.36,1
1.14,1.35,1
-1.41,0.95,1
-0.17,1.18,1
-0.17,1.12,1
-0.17,1.1,1
-0.17,1.08,1
1.14,1.31,1
1.14,1.3,1
1.14,1.28,1
0.05,1.15,1
0.05,1.14,1
0.05,1.13,1
1.14,1.19,1
1.14,1.17,1
1.14,1.16,1
1.14,1.13,1
-0.9,1.48,1
-0.9,1.43,1
-0.9,1.39,1
2.37,1.34,1
2.37,1.33,1
2.37,1.31,1
2.37,1.3,1
-2.2,1.27,1
-2.2,1.24,1
-2.2,1.22,1
0.16,1.62,1
-2.82,1.15,1
-2.2,1.28,1
-1.12,1.2,1
-1.12,1.18,1
-2.2,1.1,1
-2.2,1.09,1
2.37,1.79,1
2.37,1.51,1
2.37,1.4,1
-0.56,0.97,1
-1.04,1.26,1
-1.04,1.25,1
-1.04,1.2,1
-1.04,1.19,1
-0.56,0.93,1
1.14,1.24,1
1.14,1.2,1
1.13,1.59,1
-0.17,1.23,1
-0.17,1.22,1
-0.17,1.21,1
-1.41,1.04,1
1.14,1.34,1
1.14,1.33,1
1.14,1.32,1
-2.84,1.29,1
-2.84,1.27,1
0.38,0.96,1
-3.07,0.86,1
-3.07,0.85,1
-2.53,1.28,1
-2.53,1.26,1
-2.53,1.18,1
-1.57,1.82,1
-2.84,1.35,1
1.13,1.3,1
1.13,1.29,1
1.13,1.28,1
-1.04,1.31,1
-1.04,1.27,1
2.38,1.17,1
2.38,1.16,1
2.38,1.14,1
-1.76,1.3,1
-1.76,1.28,1
-1.76,1.25,1
-1.76,1.24,1
-1.76,1.19,1
1.13,1.61,1
-1.76,1.47,1
-1.76,1.45,1
-1.76,1.42,1
1.13,1.06,1
0.16,1.59,1
2.38,1.08,1
2.38,1.04,1
-1.12,1.15,1
-1.04,1.48,1
-1.04,1.4,1
-1.57,2.12,1
-1.57,2.06,1
-1.57,1.94,1
-1.57,1.88,1
-1.57,1.85,1
-1.57,1.84,1
1.13,1.34,1
1.13,1.33,1
1.13,1.32,1
-2.73,1.36,1
-2.73,1.28,1
-0.57,1.46,1
-0.57,1.43,1
-2.2,0.99,1
-2.2,0.97,1
2.38,1.21,1
-2.82,1.02,1
-1.76,1.58,1
-1.76,1.56,1
-1.76,1.54,1
-1.76,1.53,1
-1.76,1.48,1
2.39,1.15,1
2.39,1.12,1
-2.21,1.44,1
2.38,1.25,1
-1.3,1.45,1
-1.3,1.39,1
-1.3,1.37,1
-1.3,1.34,1
-1.3,1.33,1
-0.57,1.61,1
1.13,1.54,1
1.13,1.53,1
1.13,1.44,1
1.13,1.41,1
1.13,1.4,1
1.13,1.37,1
1.13,1.26,1
1.13,1.23,1
1.13,1.22,1
1.13,1.2,1
1.13,1.17,1
1.13,1.14,1
1.13,1.13,1
1.13,1.09,1
-2.91,1.06,1
-2.21,1.67,1
-2.21,1.62,1
2.38,1.71,1
2.38,1.35,1
2.38,1.32,1
2.38,1.3,1
2.38,1.29,1
2.39,1.17,1
-2.21,1.29,1
-2.21,1.23,1
-2.21,1.22,1
-2.21,1.4,1
-2.21,1.34,1
-2.21,1.33,1
-2.21,1.3,1
2.39,1.06,1
2.39,1.03,1
2.39,1.02,1
-2.21,1.03,1
-2.21,1.02,1
2.4,0.0,1
2.39,1.47,1
2.39,0.92,1
-1.76,1.88,1
1.13,1.02,1
-0.17,1.34,1
-0.17,1.3,1
-2.73,1.65,1
-2.73,1.4,1
-2.73,1.38,1
-1.76,1.73,1
-1.76,1.69,1
-1.76,1.68,1
2.39,1.28,1
2.39,1.27,1
2.39,1.26,1
2.39,1.24,1
2.39,1.22,1
2.39,1.18,1
-0.57,1.17,1
-2.21,1.17,1
-1.76,1.67,1
-1.76,1.65,1
-2.91,1.02,1
-2.67,1.05,1
1.12,1.51,1
1.12,1.5,1
-2.21,1.14,1
-2.21,1.13,1
-2.21,1.07,1
-0.57,1.0,1
-1.04,0.91,1
2.4,1.09,1
2.39,1.39,1
2.39,1.37,1
1.12,1.05,1
1.12,1.47,1
1.12,1.45,1
1.12,1.41,1
1.12,1.38,1
-1.76,1.84,1
-1.76,1.8,1
-1.76,1.79,1
-1.76,1.78,1
1.12,1.2,1
2.4,0.95,1
-1.04,0.96,1
-0.57,1.24,1
-0.57,1.22,1
-0.57,1.21,1
-0.57,1.18,1
-0.57,1.11,1
-0.57,1.1,1
-0.16,0.82,1
1.12,1.37,1
-0.16,0.94,1
-0.16,0.93,1
2.4,1.17,1
2.4,1.15,1
2.4,1.11,1
-1.04,1.13,1
2.4,1.07,1
2.4,1.04,1
1.12,1.16,1
1.12,1.06,1
-2.91,0.99,1
-2.91,0.97,1
-1.76,1.97,1
-1.76,1.95,1
-1.76,1.89,1
1.11,1.56,1
1.11,1.5,1
1.11,1.46,1
-2.84,1.66,1
-2.84,1.57,1
-2.84,1.37,1
-1.04,1.07,1
-1.04,0.99,1
-1.04,0.97,1
-3.08,1.45,1
-3.08,1.38,1
-3.08,1.29,1
-3.08,1.27,1
-0.16,0.99,1
-0.16,0.98,1
-0.16,0.96,1
1.11,1.25,1
-2.21,0.94,1
-2.22,1.7,1
-2.22,1.57,1
-2.22,1.54,1
-2.22,1.47,1
-2.22,1.46,1
-1.04,1.11,1
-1.04,1.1,1
-0.17,1.71,1
-0.17,1.37,1
-1.76,2.02,1
-1.76,2.01,1
1.11,1.19,1
1.11,1.15,1
1.11,1.45,1
1.11,1.42,1
1.11,1.38,1
-0.16,1.06,1
-3.08,1.48,1
2.4,1.48,1
-2.22,1.71,1
-1.04,0.9,1
-0.57,0.95,1
-2.21,0.98,1
0.38,1.25,1
0.38,1.24,1
-0.16,1.05,1
-0.16,1.03,1
2.41,1.21,1
2.41,1.2,1
2.41,1.19,1
2.41,1.18,1
2.41,1.14,1
2.41,1.12,1
2.41,1.0,1
2.4,1.28,1
2.4,1.26,1
1.11,0.95,1
-0.16,0.88,1
1.11,1.36,1
1.11,1.34,1
1.11,1.31,1
-0.16,1.16,1
1.11,1.24,1
2.4,1.54,1
-2.59,0.97,1
-2.59,0.96,1
-2.91,1.27,1
-2.91,1.26,1
-0.9,1.6,1
1.11,1.09,1
-1.57,1.58,1
2.41,1.47,1
2.41,1.42,1
2.41,1.4,1
2.41,1.36,1
2.41,1.33,1
2.41,1.29,1
2.41,1.27,1
2.41,1.24,1
-1.57,1.55,1
-1.57,1.54,1
-1.57,1.53,1
-2.71,1.0,1
-2.91,1.18,1
-1.42,1.85,1
-1.42,1.72,1
-2.91,1.15,1
-2.22,1.41,1
-2.22,1.4,1
-2.22,1.37,1
-2.22,1.33,1
-2.22,1.26,1
-2.22,1.25,1
-2.22,1.24,1
-2.22,1.23,1
-2.22,1.14,1
-1.3,1.79,1
-2.71,1.07,1
-2.71,1.04,1
-2.71,1.01,1
0.38,1.09,1
0.38,1.04,1
1.1,1.33,1
-1.3,1.6,1
-1.3,1.55,1
-2.66,1.12,1
-2.66,1.09,1
-2.66,1.08,1
-2.66,1.04,1
-2.66,1.01,1
2.41,1.15,1
2.42,1.1,1
1.1,1.26,1
1.1,1.2,1
-0.16,1.11,1
-0.16,1.1,1
-0.16,1.08,1
-0.16,1.07,1
-1.42,2.01,1
2.42,1.06,1
0.16,1.33,1
0.16,1.29,1
0.16,1.28,1
0.16,1.24,1
0.16,1.23,1
0.16,1.13,1
0.16,1.11,1
-2.82,1.13,1
1.1,1.03,1
1.1,0.98,1
-2.91,1.08,1
-2.91,1.07,1
1.1,1.61,1
1.1,1.48,1
1.1,1.47,1
1.1,1.36,1
-0.16,1.21,1
-2.82,1.12,1
-2.82,1.1,1
2.42,1.02,1
2.42,0.96,1
2.42,0.95,1
2.42,1.49,1
2.42,1.37,1
2.42,1.36,1
1.1,0.88,1
-1.75,1.21,1
-1.75,1.18,1
1.1,1.19,1
1.1,1.12,1
0.38,1.32,1
0.38,1.26,1
2.42,1.33,1
2.42,1.27,1
2.42,1.26,1
2.42,1.25,1
2.42,1.23,1
2.42,1.21,1
-2.82,1.14,1
-0.58,1.32,1
-1.57,1.34,1
-1.57,1.33,1
-1.57,1.31,1
-1.42,1.52,1
-0.16,1.66,1
-0.16,1.51,1
-0.16,1.43,1
-0.16,1.35,1
-0.16,1.22,1
1.09,1.21,1
1.09,1.2,1
-0.58,1.27,1
-2.22,0.96,1
-2.22,1.12,1
2.42,1.39,1
-2.22,1.08,1
1.09,1.18,1
-1.75,1.08,1
-1.42,1.61,1
-1.42,1.59,1
-1.57,1.5,1
-1.57,1.49,1
-1.57,1.48,1
-1.57,1.47,1
0.38,1.45,1
0.38,1.44,1
0.38,1.42,1
-3.08,1.1,1
-3.08,1.08,1
-3.08,1.05,1
-0.58,1.35,1
2.43,1.24,1
2.43,1.19,1
-3.08,1.23,1
-3.08,1.19,1
-3.08,1.14,1
2.43,1.06,1
2.43,1.04,1
2.43,1.39,1
2.43,1.38,1
2.43,1.29,1
2.43,1.28,1
0.16,1.02,1
0.16,0.98,1
0.16,0.95,1
0.16,0.93,1
-2.22,1.09,1
0.16,1.57,1
1.09,1.55,1
1.09,1.46,1
1.09,1.45,1
1.09,1.44,1
1.09,1.4,1
1.09,1.39,1
1.09,1.38,1
1.09,1.29,1
1.09,1.26,1
-1.75,1.38,1
-1.75,1.36,1
-1.18,1.38,1
0.16,1.43,1
0.16,1.36,1
2.43,1.26,1
-1.18,1.37,1
-1.18,1.33,1
-1.18,1.29,1
1.09,1.14,1
1.09,1.08,1
1.09,1.01,1
-1.18,1.54,1
-1.18,1.52,1
-1.18,1.45,1
-2.23,1.93,1
-2.23,1.87,1
-2.23,1.74,1
2.43,1.49,1
-2.69,0.98,1
-2.69,0.92,1
-2.69,0.91,1
-1.18,1.39,1
-1.75,1.45,1
-1.75,1.42,1
-1.75,1.41,1
-1.75,1.39,1
-2.91,1.46,1
-2.91,1.44,1
-2.91,1.43,1
-0.58,1.21,1
-0.58,1.19,1
-0.58,1.15,1
-0.58,1.14,1
-0.58,1.13,1
-0.58,1.07,1
-0.58,1.02,1
2.44,1.2,1
-2.91,1.39,1
-2.91,1.35,1
-2.91,1.31,1
1.08,1.46,1
-1.18,1.28,1
-1.18,1.64,1
-1.18,1.6,1
-1.18,1.59,1
1.08,1.3,1
1.08,1.27,1
1.08,1.26,1
2.44,0.95,1
-2.52,0.89,1
-0.58,1.22,1
-1.18,1.44,1
-1.18,1.42,1
1.08,1.2,1
1.08,1.11,1
-2.91,1.51,1
-2.91,1.5,1
1.08,1.07,1
2.44,1.55,1
2.44,1.43,1
2.44,1.34,1
2.44,1.33,1
2.44,1.31,1
2.44,1.29,1
2.44,1.27,1
2.44,1.21,1
2.44,1.19,1
2.44,1.16,1
-2.91,1.41,1
1.08,0.93,1
1.08,1.45,1
1.08,1.43,1
1.08,1.38,1
1.08,1.31,1
-1.75,1.64,1
-0.59,1.3,1
-0.59,1.29,1
-1.23,1.09,1
-1.23,1.08,1
-2.23,1.35,1
-2.23,1.33,1
-2.23,1.32,1
-2.23,1.27,1
2.44,1.76,1
1.08,1.21,1
1.07,1.5,1
1.07,1.37,1
1.07,1.31,1
-1.57,1.61,1
2.45,0.97,1
-2.23,1.68,1
-0.58,0.89,1
2.45,1.34,1
2.45,1.28,1
2.45,1.24,1
-0.59,1.47,1
-1.75,1.63,1
-1.75,1.59,1
-1.75,1.75,1
-1.75,1.55,1
1.08,1.0,1
-0.76,1.35,1
-0.59,1.24,1
2.45,1.23,1
2.45,1.18,1
2.45,1.16,1
2.45,1.15,1
2.45,1.12,1
2.45,1.1,1
-3.08,0.92,1
2.45,1.01,1
-1.75,1.54,1
-1.75,1.52,1
-1.75,1.51,1
-1.75,1.49,1
-1.75,1.47,1
1.07,1.51,1
0.0,1.21,1
0.0,1.19,1
0.0,1.18,1
-1.75,2.01,1
-1.75,1.99,1
-1.75,1.98,1
-1.75,1.89,1
-1.75,1.88,1
-1.75,1.76,1
1.07,0.97,1
1.07,1.28,1
2.45,1.68,1
2.45,1.56,1
2.45,1.44,1
2.45,1.39,1
2.45,1.37,1
-1.57,1.28,1
-1.57,1.27,1
0.38,1.68,1
-1.57,1.75,1
-1.57,1.68,1
-1.57,1.65,1
-1.57,1.63,1
1.06,1.37,1
1.06,1.29,1
-2.23,1.13,1
2.45,1.71,1
2.45,1.69,1
-3.08,0.98,1
-1.23,1.06,1
-2.73,1.09,1
-3.08,0.88,1
-2.73,1.07,1
1.07,1.19,1
1.07,1.13,1
1.07,1.11,1
1.07,1.09,1
1.07,1.08,1
1.07,1.07,1
1.07,1.03,1
-2.73,1.02,1
-2.73,1.0,1
2.46,1.17,1
2.46,1.06,1
-2.23,1.23,1
-2.23,1.16,1
1.07,1.21,1
-1.75,2.15,1
1.06,1.21,1
1.06,1.07,1
-1.74,0.0,1
1.06,1.69,1
1.06,1.56,1
1.06,1.53,1
1.06,1.51,1
1.06,1.5,1
1.06,1.41,1
-0.15,1.08,1
-0.15,1.07,1
-0.15,1.04,1
2.46,0.96,1
2.46,1.22,1
-2.23,1.11,1
-2.23,1.08,1
0.05,1.37,1
0.05,1.31,1
0.05,1.25,1
-1.21,1.17,1
-2.23,1.02,1
2.46,1.18,1
-2.69,0.85,1
-1.05,1.95,1
-1.05,1.55,1
-1.05,1.4,1
-1.05,1.36,1
-1.05,1.33,1
-1.05,1.3,1
-0.15,0.98,1
1.06,1.28,1
1.06,1.23,1
-1.05,1.21,1
2.46,1.34,1
1.06,1.2,1
1.06,1.18,1
-1.42,1.39,1
-0.15,1.19,1
-0.15,1.17,1
-0.15,1.1,1
-0.15,1.09,1
-1.74,1.24,1
2.46,1.29,1
2.46,1.28,1
-0.59,1.21,1
-0.59,1.2,1
0.05,1.85,1
0.05,1.4,1
-1.74,1.19,1
-1.74,1.18,1
1.06,1.16,1
1.06,1.13,1
1.06,1.11,1
1.06,1.09,1
1.05,1.42,1
1.05,1.36,1
1.05,1.31,1
0.16,1.05,1
-0.59,1.17,1
-0.59,1.15,1
-0.59,1.13,1
-0.59,1.09,1
2.46,1.42,1
2.46,1.36,1
1.05,1.25,1
1.05,1.19,1
1.05,1.17,1
1.05,1.16,1
1.05,1.13,1
-1.74,1.26,1
2.47,1.08,1
2.47,1.03,1
2.47,0.98,1
2.47,0.94,1
2.47,0.92,1
2.46,1.51,1
-2.24,1.76,1
-2.24,1.72,1
-1.21,1.15,1
-1.74,1.2,1
-1.22,1.69,1
-1.22,1.66,1
-1.22,1.58,1
-1.42,1.41,1
1.05,1.11,1
1.05,1.61,1
-0.89,0.95,1
-0.89,0.92,1
-0.59,0.96,1
-0.59,0.92,1
-2.24,1.71,1
2.47,1.82,1
2.47,1.43,1
2.47,1.41,1
-2.24,1.54,1
-2.24,1.52,1
2.47,1.25,1
1.05,1.04,1
1.05,1.01,1
1.05,1.12,1
2.47,1.21,1
2.47,1.14,1
2.47,1.13,1
2.47,1.11,1
2.47,1.1,1
-2.24,1.45,1
-2.24,1.42,1
-2.24,1.38,1
-2.24,1.32,1
-0.59,1.01,1
-2.67,0.96,1
-1.21,0.0,1
-2.24,1.26,1
0.0,1.01,1
0.0,0.97,1
-0.14,0.87,1
-0.14,0.84,1
-1.42,1.5,1
-1.42,1.46,1
-1.74,1.46,1
-1.74,1.42,1
-2.24,1.25,1
-2.24,1.22,1
-2.24,1.21,1
2.48,1.11,1
2.48,1.08,1
2.48,1.06,1
2.47,1.29,1
-1.21,1.54,1
-1.74,1.37,1
-0.14,0.89,1
0.0,1.15,1
0.0,1.14,1
0.0,1.13,1
0.0,1.12,1
0.0,1.11,1
1.04,1.34,1
1.04,1.33,1
2.48,1.4,1
2.48,1.39,1
2.48,1.33,1
2.48,1.3,1
2.48,1.27,1
2.48,1.24,1
1.04,1.24,1
1.04,1.23,1
1.04,1.2,1
1.04,1.15,1
1.04,1.14,1
1.04,1.62,1
1.04,1.48,1
1.04,1.44,1
1.04,1.43,1
-1.74,1.5,1
-1.74,1.47,1
-0.6,1.41,1
-0.6,1.21,1
-1.29,1.28,1
-1.21,1.62,1
-1.21,1.58,1
-1.74,1.36,1
-1.74,1.33,1
-1.74,1.32,1
-1.74,1.31,1
1.04,1.36,1
1.04,1.35,1
-0.14,1.15,1
-0.14,1.11,1
-0.14,1.08,1
0.15,1.59,1
-1.29,1.24,1
-1.29,1.16,1
-1.29,1.14,1
-2.24,0.99,1
2.48,1.18,1
2.48,1.16,1
1.04,1.11,1
-0.14,0.91,1
-1.74,1.68,1
-2.24,1.13,1
-2.24,1.11,1
-2.24,1.1,1
-2.24,1.06,1
-3.09,1.4,1
-3.09,1.3,1
2.49,1.22,1
2.49,1.16,1
-1.21,1.52,1
0.15,1.85,1
0.15,1.6,1
1.04,0.97,1
-1.74,1.76,1
-1.05,1.12,1
-1.05,1.09,1
-1.05,1.08,1
-1.05,1.07,1
2.49,1.08,1
2.49,1.07,1
2.49,1.05,1
2.49,1.26,1
2.49,1.25,1
-2.25,1.84,1
-2.52,1.15,1
-2.52,1.13,1
-2.52,1.09,1
-0.14,1.06,1
-0.14,1.01,1
-0.14,0.97,1
-1.74,1.59,1
-1.74,1.55,1
1.04,0.0,1
-1.74,1.75,1
-1.74,1.71,1
-1.74,1.69,1
-0.14,1.19,1
-0.14,1.18,1
-2.9,1.0,1
-3.09,1.69,1
-3.09,1.52,1
-3.09,1.51,1
-3.09,1.43,1
2.49,1.36,1
-1.05,1.14,1
-1.05,1.13,1
1.03,1.59,1
1.03,1.42,1
1.03,1.34,1
1.03,1.32,1
-0.14,0.93,1
-0.14,0.92,1
-1.05,0.92,1
2.49,1.27,1
2.49,1.38,1
-1.29,1.11,1
-1.29,1.09,1
-0.6,1.17,1
-0.6,1.09,1
-0.6,1.08,1
-2.24,0.87,1
-3.09,1.8,1
0.39,1.0,1
0.39,0.99,1
0.39,0.95,1
1.03,1.14,1
1.03,1.11,1
1.03,1.09,1
-2.75,1.16,1
2.5,1.05,1
2.5,1.02,1
2.5,1.0,1
2.5,0.96,1
-1.05,0.98,1
-2.9,0.88,1
1.03,1.67,1
1.03,1.66,1
1.03,1.6,1
1.03,1.29,1
1.03,1.25,1
1.03,1.24,1
-1.74,1.79,1
-1.74,1.77,1
2.5,1.39,1
2.5,1.37,1
2.5,1.34,1
2.5,1.31,1
2.5,1.29,1
2.5,1.27,1
2.5,1.23,1
2.5,1.21,1
2.5,1.18,1
2.5,1.14,1
-0.6,1.04,1
2.5,1.86,1
2.5,1.57,1
2.5,1.08,1
2.5,1.07,1
-2.52,1.04,1
-1.5,1.35,1
-1.5,1.34,1
-1.5,1.32,1
-1.5,1.29,1
-1.5,1.28,1
-1.5,1.27,1
2.49,1.79,1
2.49,1.4,1
2.5,1.44,1
-1.74,1.9,1
-1.74,1.89,1
-1.74,2.03,1
-1.74,1.94,1
-2.59,0.77,1
1.02,1.45,1
1.02,1.41,1
1.02,1.38,1
1.02,1.33,1
1.02,1.32,1
1.02,1.3,1
1.03,1.03,1
-1.42,1.32,1
-2.52,0.98,1
-2.52,0.95,1
-2.25,1.6,1
-2.25,1.59,1
-2.25,1.44,1
-1.74,1.87,1
-1.74,1.85,1
-1.74,1.82,1
1.02,1.22,1
1.02,1.18,1
1.02,1.16,1
2.51,0.92,1
-2.52,1.08,1
-2.52,1.07,1
-3.09,1.09,1
-3.09,1.08,1
-3.09,1.07,1
-3.09,1.05,1
2.51,1.28,1
-1.5,1.23,1
-1.74,2.34,1
2.51,1.22,1
1.02,1.14,1
1.02,1.09,1
1.02,1.04,1
1.02,1.28,1
1.02,1.27,1
1.02,1.26,1
-1.57,1.4,1
2.51,1.19,1
2.51,1.12,1
2.51,1.1,1
-2.25,1.18,1
-2.25,1.17,1
-2.25,1.15,1
-1.42,1.19,1
-1.42,1.18,1
0.39,1.23,1
0.39,1.22,1
0.39,1.2,1
1.01,1.41,1
1.01,1.39,1
-1.73,1.02,1
-0.14,1.63,1
-0.13,0.79,1
-3.09,1.17,1
-3.09,1.13,1
2.51,1.49,1
-3.09,1.27,1
-3.09,1.24,1
-3.09,1.22,1
-3.09,1.2,1
2.51,1.23,1
1.02,0.99,1
0.39,0.84,1
-1.57,1.46,1
-1.57,1.45,1
-2.25,1.3,1
-2.25,1.29,1
-2.25,1.27,1
-2.25,1.24,1
-2.25,1.23,1
-2.75,1.11,1
-2.75,1.09,1
-2.75,1.07,1
-2.75,1.05,1
-2.25,1.12,1
-2.25,1.11,1
0.39,1.27,1
1.01,1.24,1
1.01,1.34,1
-0.13,0.85,1
-2.9,1.18,1
-2.9,1.17,1
-0.6,0.98,1
-2.25,1.01,1
-2.25,1.0,1
0.15,1.31,1
0.15,1.3,1
0.15,1.27,1
-2.25,1.41,1
-2.25,1.31,1
1.01,1.33,1
-0.89,1.23,1
-0.89,1.2,1
0.15,1.19,1
-2.9,1.13,1
-2.9,1.1,1
-0.89,1.19,1
-0.89,1.1,1
0.15,1.46,1
0.15,1.44,1
0.15,1.41,1
0.15,1.39,1
-1.5,1.37,1
2.52,1.09,1
2.52,0.94,1
-2.75,1.01,1
-2.75,0.98,1
-0.89,1.0,1
1.01,1.26,1
2.52,1.2,1
1.01,1.04,1
1.01,1.02,1
1.01,1.12,1
-2.9,1.21,1
0.39,1.03,1
-1.46,1.24,1
-0.6,0.86,1
2.52,1.14,1
2.52,1.11,1
-2.25,1.09,1
-2.25,1.08,1
-2.25,1.05,1
-1.11,0.91,1
0.15,1.23,1
0.15,1.22,1
-1.29,1.56,1
-1.46,1.2,1
-1.73,1.14,1
-1.73,1.09,1
1.0,1.41,1
-0.13,0.99,1
-0.13,0.98,1
2.52,1.54,1
2.52,1.41,1
2.52,1.33,1
2.52,1.31,1
2.52,1.3,1
2.52,1.28,1
2.52,1.22,1
-1.29,1.31,1
2.53,0.95,1
-1.73,1.36,1
1.0,1.42,1
-1.73,1.2,1
-1.73,1.17,1
0.39,1.15,1
0.39,1.09,1
1.0,1.08,1
1.0,1.06,1
-2.26,1.87,1
-2.26,1.78,1
2.53,1.03,1
-0.6,0.0,1
-0.61,1.51,1
-0.61,1.44,1
-0.61,1.3,1
-1.29,1.6,1
1.0,1.1,1
0.99,1.79,1
0.99,1.52,1
-1.29,1.41,1
-1.29,1.34,1
-3.09,1.02,1
2.53,0.92,1
1.0,1.04,1
1.0,1.02,1
1.0,1.01,1
1.0,1.0,1
1.0,1.35,1
1.0,1.26,1
-1.42,1.11,1
-1.42,1.05,1
-1.73,1.38,1
1.0,0.86,1
0.99,1.31,1
0.99,1.27,1
-2.26,1.3,1
-2.26,1.25,1
2.53,1.66,1
2.53,1.6,1
0.15,1.0,1
-1.29,1.47,1
-1.29,1.46,1
-1.73,1.34,1
-1.73,1.33,1
-1.73,1.32,1
1.0,1.22,1
1.0,1.18,1
1.0,1.15,1
-1.73,1.31,1
-1.73,1.3,1
-1.73,1.26,1
1.0,0.0,1
0.99,1.02,1
-1.5,1.17,1
0.15,1.38,1
2.53,1.58,1
2.53,1.43,1
2.53,1.2,1
2.53,1.15,1
2.53,1.08,1
-2.9,1.74,1
-2.9,1.49,1
1.0,0.99,1
1.0,0.94,1
2.54,1.33,1
2.54,1.32,1
-2.26,1.75,1
-2.26,1.68,1
-2.26,1.55,1
-2.26,1.51,1
-2.26,1.49,1
-2.26,1.45,1
-2.26,1.44,1
-2.26,1.43,1
-2.26,1.42,1
-2.26,1.38,1
2.54,1.13,1
0.99,1.25,1
0.99,1.17,1
0.99,1.16,1
2.54,1.11,1
0.99,0.97,1
0.99,0.95,1
-2.9,1.4,1
-2.9,1.39,1
-2.9,1.31,1
-2.9,1.24,1
-0.13,1.04,1
-0.13,1.01,1
2.54,1.02,1
2.54,0.97,1
2.54,0.92,1
-2.26,1.05,1
-2.26,1.02,1
-2.26,1.0,1
-2.26,0.99,1
0.98,1.46,1
0.98,1.41,1
0.99,1.14,1
0.99,1.1,1
0.99,1.09,1
-1.73,1.56,1
-1.73,1.55,1
2.54,1.25,1
2.54,1.23,1
2.54,1.2,1
2.54,1.16,1
2.54,1.53,1
2.54,1.36,1
2.54,1.35,1
-2.26,1.24,1
-2.26,1.19,1
0.14,1.57,1
0.14,1.43,1
0.14,1.4,1
-2.26,1.17,1
-2.26,1.14,1
-2.26,1.1,1
-2.26,1.09,1
-2.26,1.06,1
-0.61,1.27,1
-0.61,1.18,1
-0.61,1.17,1
-0.61,1.13,1
2.54,1.3,1
2.54,1.27,1
-0.13,1.0,1
0.98,1.52,1
-1.73,1.53,1
-1.73,1.52,1
-1.73,1.47,1
-1.73,1.46,1
-0.13,1.14,1
-0.13,1.09,1
-0.13,1.07,1
-0.13,1.05,1
0.98,1.29,1
0.98,1.24,1
-0.61,1.01,1
-1.11,1.07,1
-1.11,1.06,1
2.55,1.09,1
0.14,1.78,1
0.14,1.62,1
-1.73,1.7,1
0.98,1.23,1
0.98,1.18,1
0.98,1.14,1
0.98,1.13,1
0.98,1.12,1
0.98,1.09,1
0.98,1.4,1
0.98,1.32,1
0.98,1.31,1
0.98,1.03,1
0.15,1.11,1
2.55,1.05,1
2.55,1.0,1
-0.61,1.08,1
-0.61,1.04,1
-0.89,1.45,1
0.39,1.33,1
0.39,1.29,1
2.55,1.1,1
-1.11,1.21,1
-1.11,1.2,1
-1.11,1.19,1
-1.11,1.12,1
2.55,1.44,1
-1.73,1.86,1
-1.73,1.85,1
-1.73,1.81,1
-1.73,1.79,1
-1.73,1.41,1
-1.73,1.4,1
-1.73,1.76,1
2.56,0.99,1
2.55,1.37,1
2.55,1.33,1
2.55,1.29,1
2.55,1.27,1
2.55,1.26,1
2.55,1.2,1
2.55,1.18,1
2.55,1.17,1
2.55,1.13,1
-2.73,1.14,1
-1.73,1.67,1
-1.18,1.09,1
-1.18,1.07,1
-0.89,1.73,1
-0.89,1.59,1
0.4,0.92,1
0.4,0.87,1
-0.13,1.27,1
-0.13,1.2,1
-0.13,1.18,1
-0.13,1.17,1
-0.13,1.16,1
-0.13,1.15,1
-0.89,1.26,1
-2.6,1.49,1
-1.23,1.27,1
-1.23,1.22,1
-1.23,1.17,1
2.55,1.63,1
2.55,1.56,1
2.55,1.47,1
-0.89,1.34,1
-0.89,1.32,1
-0.89,1.29,1
-1.46,1.19,1
-1.46,1.15,1
0.39,1.67,1
0.39,1.47,1
0.39,1.41,1
-2.73,1.15,1
2.56,1.24,1
2.56,1.22,1
2.56,1.21,1
2.56,1.17,1
-2.73,1.1,1
-1.23,1.3,1
-1.23,1.29,1
-1.73,1.96,1
-1.73,1.95,1
-1.73,1.91,1
-2.6,1.54,1
0.97,1.02,1
2.56,1.05,1
-2.27,1.57,1
-2.27,1.54,1
-2.27,1.52,1
-2.27,1.51,1
-2.27,1.5,1
-2.27,1.49,1
-2.27,1.47,1
2.56,0.94,1
-1.73,1.9,1
-0.89,1.4,1
0.97,1.34,1
0.97,1.3,1
0.97,1.28,1
0.97,1.22,1
0.97,1.18,1
-1.43,1.51,1
2.56,1.62,1
2.56,1.38,1
2.56,1.26,1
-1.23,1.12,1
-1.5,1.54,1
2.56,1.11,1
-1.73,1.61,1
0.97,1.44,1
0.97,1.38,1
-1.73,1.97,1
-1.43,1.45,1
-0.12,0.0,1
-0.13,1.54,1
0.97,1.11,1
0.97,1.08,1
0.97,1.07,1
-1.5,1.38,1
-0.62,1.38,1
-0.62,1.3,1
-0.62,1.27,1
-0.62,1.19,1
-2.27,1.73,1
-2.27,1.64,1
-2.27,1.43,1
-2.27,1.35,1
0.97,1.35,1
0.97,0.0,1
0.96,1.54,1
0.96,1.48,1
0.96,1.38,1
0.97,0.86,1
-1.43,2.0,1
-1.43,1.69,1
-1.43,1.6,1
-1.43,1.59,1
2.57,1.06,1
2.57,1.01,1
2.57,0.96,1
2.57,0.94,1
2.57,0.86,1
-1.5,1.51,1
-1.5,1.43,1
0.96,1.07,1
0.96,1.0,1
0.96,0.97,1
0.97,0.77,1
-1.72,1.17,1
-1.72,1.12,1
0.95,1.4,1
-3.1,1.53,1
2.57,1.26,1
2.57,1.25,1
2.57,1.12,1
2.57,1.11,1
2.57,1.41,1
2.57,1.39,1
2.57,1.37,1
-2.27,1.59,1
2.57,1.33,1
-0.12,0.88,1
-0.12,0.79,1
-1.72,1.34,1
0.96,0.91,1
-1.72,1.27,1
2.57,1.3,1
-2.27,1.32,1
-2.27,1.29,1
-2.27,1.25,1
0.95,1.3,1
0.95,1.27,1
0.96,1.22,1
0.96,1.19,1
0.96,1.17,1
0.96,1.12,1
0.94,1.43,1
-1.72,1.19,1
-1.72,1.18,1
0.95,1.22,1
0.95,1.2,1
0.95,1.19,1
-0.12,0.95,1
0.95,1.16,1
0.95,1.15,1
0.95,1.13,1
2.58,1.22,1
2.58,1.18,1
2.58,1.13,1
2.58,1.08,1
2.57,1.35,1
2.57,1.34,1
-1.06,1.5,1
2.58,1.0,1
2.58,0.99,1
2.58,1.38,1
-2.52,1.54,1
-2.52,1.33,1
-2.52,1.31,1
-2.52,1.27,1
-2.52,1.22,1
-2.52,1.21,1
0.95,1.02,1
0.95,1.01,1
0.95,0.97,1
0.95,0.92,1
0.95,0.86,1
0.94,1.54,1
-0.62,1.08,1
-2.75,2.05,1
-2.75,1.32,1
-2.75,1.31,1
2.58,1.35,1
2.58,1.34,1
2.58,1.33,1
2.58,1.3,1
2.58,1.26,1
-1.28,1.12,1
2.58,1.5,1
2.58,1.41,1
-1.11,1.03,1
-1.11,0.96,1
-1.06,2.14,1
-1.06,1.63,1
-0.12,1.2,1
-0.12,1.17,1
-0.12,1.1,1
-0.12,1.06,1
-0.12,1.05,1
-0.12,1.03,1
-0.12,1.02,1
-0.12,1.0,1
-1.46,1.27,1
-1.46,1.26,1
-1.06,1.35,1
-1.06,1.29,1
-1.06,1.28,1
2.58,1.53,1
-0.62,1.17,1
-0.62,1.12,1
2.59,1.13,1
0.4,1.12,1
0.4,1.09,1
-1.18,1.22,1
-1.18,1.2,1
-1.18,1.11,1
0.94,1.66,1
-1.72,1.53,1
-1.72,1.51,1
-1.72,1.49,1
-1.28,1.15,1
2.59,1.07,1
2.59,1.03,1
-1.06,1.46,1
-1.06,1.42,1
-1.06,1.39,1
-1.72,1.43,1
-0.12,0.98,1
-1.18,1.24,1
-1.57,1.2,1
-1.57,1.19,1
0.94,1.16,1
0.94,1.15,1
-3.1,1.11,1
-3.1,1.09,1
2.59,1.37,1
2.59,1.34,1
2.59,1.3,1
2.59,1.28,1
2.59,1.19,1
2.59,1.16,1
2.59,1.15,1
-3.1,1.27,1
-3.1,1.19,1
-3.1,1.16,1
2.59,1.1,1
-2.28,1.33,1
-2.28,1.3,1
-2.28,1.29,1
-3.1,1.4,1
0.14,1.28,1
0.14,1.26,1
0.14,1.25,1
0.14,1.22,1
0.14,1.2,1
-1.72,1.47,1
-1.72,1.45,1
-1.72,1.44,1
0.14,1.14,1
0.94,1.13,1
0.94,1.11,1
0.94,1.08,1
0.94,1.39,1
0.94,1.38,1
0.94,1.35,1
-1.72,1.57,1
-1.72,1.55,1
-1.72,1.54,1
0.06,0.84,1
-1.47,1.06,1
-3.1,1.37,1
-3.1,1.35,1
-3.1,1.33,1
-3.1,1.29,1
0.94,1.23,1
0.94,1.21,1
-1.72,1.98,1
-2.28,1.89,1
-2.28,1.79,1
-2.28,1.78,1
-2.28,1.62,1
-2.28,1.58,1
-2.28,1.53,1
-2.28,1.49,1
-2.28,1.48,1
-2.28,1.46,1
-2.28,1.44,1
-2.28,1.41,1
-2.28,1.36,1
2.6,1.15,1
-2.75,1.24,1
-2.75,1.18,1
-0.62,1.01,1
-2.28,1.14,1
-2.28,1.13,1
2.6,1.12,1
2.6,1.11,1
2.6,1.07,1
2.6,0.98,1
2.6,0.88,1
2.6,1.21,1
2.6,1.19,1
-2.52,1.19,1
-1.72,1.42,1
0.94,1.33,1
0.94,1.25,1
2.6,1.18,1
-1.72,1.95,1
-1.72,1.94,1
-1.72,1.89,1
-1.72,1.84,1
-1.72,1.81,1
-1.72,1.79,1
0.94,1.05,1
0.94,1.04,1
0.94,1.03,1
0.94,0.97,1
-1.72,1.7,1
-1.72,1.69,1
-1.72,1.68,1
-2.75,1.3,1
-2.75,1.28,1
-2.28,1.12,1
-2.28,1.11,1
-1.72,1.67,1
-1.72,1.65,1
-2.89,1.06,1
-2.89,1.03,1
0.93,1.6,1
0.93,1.54,1
0.93,1.48,1
-2.89,1.14,1
0.93,1.43,1
0.93,1.34,1
-2.28,1.06,1
2.6,1.3,1
2.6,1.28,1
2.6,1.26,1
2.61,0.9,1
0.93,1.28,1
0.93,1.25,1
0.93,1.22,1
0.93,1.19,1
0.93,1.1,1
-1.72,1.76,1
-1.72,1.75,1
-1.72,1.73,1
0.4,0.99,1
2.6,1.45,1
2.6,1.35,1
-2.28,1.26,1
-2.28,1.25,1
-2.28,1.22,1
-0.62,0.97,1
-0.62,0.88,1
0.4,0.96,1
0.4,0.93,1
-2.84,1.08,1
-2.84,1.06,1
-2.84,1.01,1
0.92,1.9,1
0.92,1.51,1
0.92,1.49,1
2.61,1.07,1
2.61,1.01,1
2.61,1.25,1
2.61,1.2,1
2.61,1.18,1
2.61,1.17,1
2.61,1.16,1
0.92,1.27,1
0.92,1.22,1
0.92,1.21,1
0.93,1.0,1
0.93,0.96,1
0.4,1.07,1
0.4,1.06,1
-2.8,1.75,1
-2.8,1.71,1
-0.62,0.99,1
2.62,0.93,1
2.62,0.92,1
0.14,1.01,1
0.14,0.99,1
0.14,0.94,1
0.14,0.9,1
-2.8,1.4,1
-2.8,1.36,1
-0.11,0.94,1
0.14,1.38,1
0.14,1.29,1
-2.29,2.01,1
-2.29,1.79,1
-2.29,1.77,1
-2.29,1.53,1
2.61,1.42,1
2.61,1.39,1
2.61,1.26,1
2.61,1.11,1
2.61,1.1,1
0.92,1.48,1
-1.71,0.0,1
2.62,1.29,1
2.62,1.22,1
-1.28,1.32,1
-1.28,1.3,1
2.62,1.18,1
2.62,1.17,1
2.62,1.14,1
2.62,1.12,1
2.62,1.07,1
2.62,1.06,1
2.62,1.03,1
2.62,1.02,1
2.62,1.01,1
0.14,1.39,1
-2.8,1.68,1
-2.8,1.42,1
0.92,1.09,1
0.92,1.06,1
0.92,1.05,1
0.92,1.03,1
0.92,1.02,1
0.92,0.96,1
0.92,1.16,1
-0.11,1.04,1
-2.8,1.92,1
-2.84,0.89,1
0.4,1.19,1
-3.1,0.92,1
2.62,1.48,1
2.62,1.39,1
2.62,1.35,1
2.62,1.31,1
-1.28,1.34,1
-1.28,1.33,1
-3.1,1.04,1
-2.29,1.45,1
-2.29,1.4,1
-2.29,1.37,1
-2.29,1.36,1
-2.29,1.33,1
-2.29,1.24,1
-1.06,1.05,1
0.4,1.18,1
-1.71,1.06,1
0.91,1.47,1
-0.11,0.97,1
-2.89,1.45,1
-2.89,1.44,1
-0.63,1.34,1
-0.63,1.29,1
-2.89,1.33,1
-2.89,1.31,1
-2.89,1.29,1
-2.89,1.27,1
-2.89,1.26,1
-2.84,0.99,1
-2.89,1.16,1
0.91,1.13,1
-0.63,1.26,1
-1.28,1.47,1
-1.28,1.41,1
-1.28,1.38,1
-1.28,1.37,1
-1.28,1.36,1
0.91,1.04,1
0.91,1.02,1
0.91,1.46,1
0.91,1.38,1
0.91,1.27,1
0.91,1.23,1
0.91,1.21,1
0.91,1.2,1
0.9,1.45,1
0.9,1.38,1
-1.06,1.17,1
-1.06,1.16,1
-1.06,1.13,1
2.63,1.1,1
2.63,1.06,1
-0.63,1.66,1
0.9,1.34,1
0.9,1.33,1
-0.88,1.18,1
-0.88,1.17,1
-0.88,1.1,1
-2.89,1.24,1
-2.89,1.21,1
-2.89,1.2,1
-2.29,1.08,1
-2.29,1.02,1
2.63,1.58,1
-1.06,1.22,1
-1.06,1.21,1
-1.06,1.18,1
0.91,1.11,1
0.91,1.09,1
-0.11,1.08,1
-0.11,1.07,1
0.91,0.97,1
0.91,0.96,1
0.9,1.21,1
-0.11,1.06,1
-0.88,1.08,1
2.63,1.22,1
2.63,1.21,1
2.63,1.16,1
2.63,1.15,1
-1.28,1.24,1
-0.63,1.2,1
-0.63,1.16,1
-0.63,1.12,1
0.9,1.36,1
-1.43,1.25,1
0.4,1.37,1
0.4,1.33,1
-0.63,1.04,1
-0.63,1.0,1
2.64,0.93,1
-2.29,1.18,1
2.63,1.38,1
2.63,1.32,1
2.63,1.24,1
-0.11,1.42,1
-0.11,1.31,1
-0.11,1.24,1
-0.11,1.21,1
-0.11,1.16,1
-0.11,1.12,1
0.4,1.28,1
-1.71,1.14,1
-1.71,1.13,1
0.9,1.23,1
0.9,1.22,1
0.9,0.96,1
0.06,0.95,1
0.06,0.93,1
0.06,0.9,1
0.06,0.87,1
-0.63,1.09,1
0.9,1.31,1
0.9,1.29,1
0.9,1.28,1
-1.71,1.28,1
-1.43,1.29,1
-2.67,1.13,1
-2.67,1.12,1
-2.67,1.1,1
-1.71,1.41,1
-1.71,1.39,1
0.14,1.06,1
0.14,1.03,1
2.64,1.11,1
2.64,1.1,1
2.64,1.08,1
2.64,1.06,1
2.64,1.04,1
2.64,1.02,1
2.64,0.96,1
-2.29,1.11,1
0.4,1.32,1
0.9,1.08,1
0.9,1.01,1
0.89,1.23,1
-0.63,0.9,1
2.64,1.35,1
2.64,1.28,1
2.64,1.26,1
2.64,1.25,1
2.64,1.17,1
-2.29,0.95,1
-1.06,0.98,1
-1.06,0.94,1
0.14,1.11,1
-1.71,1.27,1
-1.71,1.22,1
-2.67,1.15,1
2.65,1.18,1
2.65,1.16,1
0.89,1.19,1
0.89,1.17,1
-1.71,1.49,1
-1.71,1.46,1
-1.71,1.45,1
-1.71,1.43,1
2.65,1.03,1
2.65,1.01,1
2.65,0.93,1
-0.63,0.99,1
0.9,1.15,1
0.9,1.14,1
0.9,1.1,1
0.9,1.09,1
0.89,0.91,1
-1.71,1.3,1
0.89,1.54,1
0.89,1.38,1
0.89,1.29,1
0.89,1.25,1
-0.1,0.76,1
-0.11,1.49,1
-2.3,1.54,1
-2.3,1.44,1
-2.3,1.42,1
-2.3,1.41,1
-2.3,1.38,1
-2.3,1.33,1
-2.3,1.31,1
2.65,1.19,1
-2.6,1.09,1
-2.6,1.02,1
-2.6,1.01,1
-2.3,1.63,1
-0.64,1.38,1
-0.64,1.34,1
-0.64,1.31,1
-0.64,1.19,1
0.13,1.36,1
0.13,1.34,1
0.13,1.31,1
0.13,1.3,1
0.13,1.29,1
0.13,1.24,1
2.64,1.5,1
2.64,1.4,1
-2.3,1.84,1
-2.3,1.13,1
-2.3,1.12,1
0.13,1.21,1
0.06,1.03,1
-0.64,1.14,1
-0.64,1.13,1
-0.64,1.11,1
-0.64,1.09,1
-0.64,1.07,1
-1.28,1.81,1
2.65,1.06,1
-1.43,1.38,1
-1.43,1.36,1
-1.43,1.34,1
-2.6,1.1,1
-1.71,1.75,1
2.66,1.17,1
2.66,1.09,1
2.66,1.06,1
2.66,1.04,1
2.66,1.01,1
2.66,0.99,1
2.66,0.97,1
2.66,1.27,1
-1.28,1.69,1
-2.3,1.59,1
2.66,0.87,1
2.65,1.49,1
2.65,1.35,1
2.65,1.28,1
2.65,1.27,1
-2.3,1.16,1
2.66,1.19,1
-1.71,1.69,1
-1.71,1.68,1
-1.71,1.63,1
-1.71,1.59,1
-1.71,1.57,1
-1.71,1.56,1
-1.71,1.54,1
-1.71,2.29,1
-1.71,2.16,1
-1.71,2.01,1
-1.71,1.99,1
-2.6,1.14,1
-1.71,1.79,1
-1.71,1.78,1
-2.6,1.23,1
-2.6,1.22,1
-2.6,1.19,1
-2.89,1.57,1
-2.89,1.56,1
-2.89,1.53,1
0.88,1.51,1
-2.6,1.07,1
0.4,1.68,1
0.4,1.44,1
-1.46,1.13,1
-2.3,1.25,1
-2.3,1.21,1
-2.3,1.2,1
-2.3,1.19,1
-2.3,1.18,1
0.88,1.14,1
0.88,1.08,1
-1.71,1.83,1
0.88,0.9,1
2.66,1.53,1
2.66,1.47,1
2.66,1.46,1
2.66,1.42,1
2.67,1.2,1
2.67,1.19,1
2.67,1.18,1
2.67,1.1,1
2.67,1.08,1
2.66,1.21,1
-2.3,1.27,1
-2.6,1.28,1
0.88,1.5,1
0.88,1.43,1
0.88,1.42,1
0.88,1.29,1
0.88,1.26,1
-0.1,0.94,1
-2.3,1.07,1
-2.3,1.04,1
-2.3,1.03,1
0.13,1.04,1
2.66,1.85,1
2.66,1.7,1
0.41,1.08,1
0.41,1.07,1
0.41,1.06,1
0.41,1.04,1
2.68,0.89,1
0.13,0.92,1
0.87,1.31,1
0.87,1.24,1
-1.7,0.0,1
-1.7,1.06,1
0.13,1.61,1
0.13,1.53,1
-2.3,0.99,1
-2.3,0.96,1
-2.3,0.94,1
2.67,1.25,1
2.67,1.0,1
-0.88,1.27,1
-0.88,1.22,1
-0.88,1.2,1
0.87,1.1,1
0.87,1.09,1
0.87,1.07,1
0.87,1.06,1
-0.88,1.26,1
-0.88,1.25,1
-1.46,1.35,1
-1.46,1.32,1
2.67,1.79,1
2.67,1.57,1
2.67,1.51,1
2.67,1.35,1
2.67,1.3,1
2.67,1.28,1
2.67,1.27,1
2.67,1.26,1
0.87,1.02,1
0.41,1.0,1
0.41,0.96,1
-1.7,1.15,1
-1.28,1.49,1
-0.64,1.06,1
-0.64,1.03,1
-0.64,1.02,1
2.68,1.02,1
2.67,1.21,1
-1.46,1.31,1
0.87,0.99,1
0.87,0.88,1
-0.1,1.04,1
-0.1,1.03,1
-1.7,0.98,1
-0.1,1.1,1
-0.1,1.09,1
-0.1,1.08,1
0.86,1.15,1
-2.31,1.57,1
-2.31,1.56,1
-2.31,1.51,1
-2.31,1.41,1
-2.31,1.4,1
-2.31,1.37,1
2.68,1.26,1
2.68,1.25,1
-1.28,1.65,1
-1.28,1.6,1
-0.1,1.02,1
0.87,1.04,1
-1.7,1.25,1
0.86,0.94,1
0.86,0.87,1
2.68,1.14,1
2.68,1.08,1
2.68,1.06,1
2.68,1.03,1
-2.31,1.24,1
-2.31,1.21,1
-2.31,1.11,1
-1.7,1.13,1
0.86,1.46,1
0.86,1.51,1
-1.7,1.32,1
-0.1,1.13,1
-0.1,1.12,1
0.86,1.21,1
0.85,1.52,1
-0.1,1.23,1
-0.1,1.22,1
2.68,1.64,1
2.68,1.28,1
-2.31,1.88,1
2.69,0.85,1
2.68,1.21,1
2.68,1.2,1
0.86,1.09,1
0.86,1.07,1
-0.1,1.0,1
-1.7,1.31,1
-1.7,1.3,1
-1.7,1.28,1
-1.43,1.18,1
0.86,1.0,1
0.85,1.5,1
0.85,1.49,1
2.69,1.16,1
2.69,1.15,1
2.69,1.09,1
2.69,1.07,1
2.69,1.04,1
0.86,1.4,1
0.86,1.38,1
0.86,1.35,1
0.86,1.28,1
0.86,1.26,1
0.86,1.24,1
0.86,1.22,1
-3.11,1.37,1
-3.11,1.21,1
2.69,1.02,1
2.69,1.28,1
2.69,1.24,1
2.69,1.22,1
2.69,1.19,1
-3.11,1.67,1
-1.5,2.2,1
-1.5,1.69,1
-1.5,1.65,1
-2.31,1.29,1
-2.31,1.27,1
-0.1,1.2,1
-0.1,1.19,1
-0.1,1.18,1
2.7,1.02,1
0.13,1.12,1
0.85,1.44,1
0.85,1.38,1
0.85,1.33,1
0.85,1.32,1
0.85,1.29,1
0.85,1.26,1
0.85,1.25,1
0.85,1.16,1
-1.18,0.97,1
0.13,1.08,1
-3.11,1.6,1
-3.11,1.47,1
-3.11,1.44,1
-3.11,1.42,1
2.69,1.44,1
0.41,1.35,1
0.41,1.3,1
-2.62,0.88,1
-1.7,1.41,1
-1.7,1.39,1
-1.7,1.38,1
-1.27,1.27,1
-1.27,1.26,1
-1.27,1.25,1
-1.27,1.19,1
2.69,1.42,1
2.69,1.37,1
2.69,1.33,1
2.7,1.06,1
2.7,1.05,1
-1.7,1.36,1
0.85,1.05,1
0.41,1.28,1
0.41,1.25,1
0.41,1.23,1
0.41,1.15,1
0.41,1.12,1
-1.7,1.96,1
2.7,0.89,1
-1.11,1.5,1
-1.11,1.47,1
-1.11,1.42,1
-1.11,1.39,1
-0.76,1.41,1
-3.11,1.14,1
2.7,0.75,1
-2.32,1.37,1
2.7,1.25,1
0.12,1.39,1
-2.82,1.72,1
-2.82,1.62,1
-2.82,1.5,1
-2.73,1.16,1
-1.27,1.15,1
-1.11,1.37,1
2.7,1.1,1
2.7,1.07,1
2.7,1.15,1
2.7,1.14,1
-2.69,1.24,1
-2.69,1.23,1
2.7,1.01,1
-1.7,1.79,1
0.84,1.37,1
-1.7,1.64,1
-1.7,1.63,1
-1.7,1.56,1
-1.7,1.53,1
-1.7,1.52,1
-1.7,1.46,1
-1.7,1.45,1
-1.7,1.42,1
0.84,1.2,1
-1.11,2.04,1
-1.11,1.83,1
-1.11,1.52,1
-2.32,1.4,1
-2.32,1.38,1
2.71,1.06,1
0.84,1.29,1
0.84,1.26,1
0.84,1.24,1
0.84,1.23,1
0.13,0.79,1
2.7,1.19,1
2.7,1.18,1
-2.32,1.44,1
-2.69,1.2,1
-1.11,2.05,1
0.84,1.08,1
0.84,1.63,1
0.84,1.47,1
-2.88,0.92,1
-1.7,1.8,1
-0.09,0.95,1
0.83,1.34,1
-0.1,1.26,1
0.83,1.54,1
0.84,1.04,1
0.84,1.03,1
-1.46,1.4,1
-1.46,1.39,1
-0.65,1.4,1
-0.65,1.36,1
-0.65,1.31,1
-0.65,1.25,1
-0.65,1.24,1
-0.65,1.23,1
-0.65,1.15,1
-2.32,1.41,1
-1.46,1.6,1
-1.46,1.58,1
-1.46,1.51,1
-1.46,1.49,1
0.83,1.04,1
0.83,1.02,1
-2.32,1.53,1
-2.32,1.48,1
-1.27,1.12,1
-1.46,1.36,1
-2.62,1.17,1
-2.62,1.15,1
-2.62,1.14,1
-2.62,1.12,1
-0.87,0.93,1
0.83,1.46,1
2.71,1.24,1
0.83,1.01,1
-0.09,1.13,1
-0.09,1.08,1
-0.09,1.06,1
-0.09,1.03,1
-0.09,0.98,1
2.71,1.19,1
2.71,1.17,1
2.71,1.12,1
2.71,1.1,1
-2.32,1.23,1
-2.32,1.19,1
0.83,1.33,1
-1.69,1.07,1
-1.46,1.61,1
-2.32,1.28,1
-2.32,1.26,1
2.72,1.24,1
2.72,1.23,1
2.72,1.19,1
2.72,1.18,1
2.72,1.15,1
2.72,1.09,1
2.71,1.52,1
2.71,1.49,1
2.71,1.26,1
-3.11,1.08,1
2.72,0.96,1
-2.32,1.35,1
-2.32,1.34,1
-3.11,0.9,1
-2.32,1.31,1
-2.32,1.3,1
-2.88,1.05,1
-1.69,1.34,1
-1.69,1.33,1
0.83,1.32,1
0.83,1.26,1
0.83,1.25,1
0.83,1.17,1
0.83,1.15,1
0.83,1.12,1
0.83,1.11,1
0.83,1.09,1
0.83,1.07,1
-0.8,1.4,1
-0.8,1.32,1
-0.8,1.42,1
0.82,1.49,1
-0.8,1.3,1
-0.8,1.27,1
-0.8,1.23,1
-2.72,0.92,1
0.83,0.9,1
-1.69,1.26,1
-1.69,1.23,1
2.72,0.97,1
2.72,1.33,1
2.72,1.32,1
-0.65,1.04,1
-0.65,1.0,1
-0.65,0.99,1
-2.32,1.33,1
0.06,1.25,1
0.06,1.2,1
0.06,1.18,1
0.06,1.14,1
0.06,1.11,1
-0.65,0.92,1
-0.65,0.91,1
2.72,1.25,1
-2.32,1.02,1
-2.32,0.95,1
2.72,1.73,1
2.72,1.07,1
2.72,1.04,1
-1.69,1.15,1
-1.69,1.31,1
-0.8,1.47,1
0.42,1.09,1
0.82,0.86,1
0.82,1.45,1
0.82,1.38,1
0.82,1.33,1
0.82,1.28,1
0.82,1.21,1
0.82,1.18,1
-1.69,1.29,1
0.41,1.58,1
0.41,1.5,1
2.73,1.07,1
2.73,1.03,1
0.06,1.41,1
0.06,1.36,1
0.06,1.31,1
0.82,1.03,1
-2.62,1.09,1
-2.62,0.99,1
0.81,1.19,1
0.81,1.12,1
0.12,1.52,1
0.12,1.47,1
0.12,1.42,1
2.73,0.95,1
-1.11,1.3,1
-1.11,1.27,1
-2.69,1.19,1
2.72,1.47,1
2.73,1.11,1
2.73,1.09,1
0.41,1.45,1
-1.11,1.35,1
-1.11,1.33,1
-1.11,1.32,1
2.73,1.6,1
2.73,1.45,1
2.73,1.35,1
-2.69,1.17,1
-2.69,1.12,1
-2.69,1.09,1
2.73,1.18,1
2.73,1.16,1
-2.51,1.19,1
-2.51,1.16,1
0.06,1.1,1
-1.69,1.44,1
0.82,1.05,1
-1.27,1.31,1
0.81,1.07,1
0.81,1.61,1
-1.69,1.7,1
-1.69,1.66,1
-1.69,1.65,1
-1.69,1.62,1
-1.69,1.58,1
-1.69,1.57,1
-1.69,1.49,1
-0.09,1.44,1
-0.09,1.33,1
-0.09,1.31,1
-1.27,1.29,1
-1.27,1.28,1
-0.66,1.83,1
2.74,0.97,1
2.73,1.28,1
-2.33,1.77,1
-2.33,1.7,1
-2.33,1.69,1
-2.51,1.31,1
2.74,1.17,1
2.74,1.13,1
2.74,1.11,1
2.74,1.1,1
-2.82,1.23,1
-2.82,1.21,1
0.12,1.34,1
0.12,1.33,1
-1.27,1.35,1
-1.27,1.33,1
-0.09,1.27,1
-0.09,1.25,1
-0.09,1.24,1
-0.09,1.21,1
0.81,1.53,1
0.81,1.41,1
0.81,1.35,1
0.81,1.27,1
0.81,1.26,1
0.81,1.2,1
0.12,1.19,1
-2.82,1.35,1
0.06,1.53,1
2.74,1.05,1
2.74,1.04,1
2.74,0.98,1
-1.69,2.87,1
-1.69,1.98,1
-1.69,1.93,1
-0.09,1.61,1
-1.69,1.9,1
-1.69,1.84,1
-1.69,1.76,1
-0.66,1.33,1
-0.66,1.25,1
-0.66,1.24,1
-2.74,0.93,1
2.74,1.29,1
2.74,1.21,1
2.74,1.18,1
-2.51,0.99,1
-2.33,1.6,1
2.75,1.44,1
2.75,1.36,1
2.75,1.25,1
2.75,1.2,1
-2.33,1.57,1
-2.33,1.5,1
-2.33,1.38,1
-2.33,1.36,1
2.74,1.44,1
2.74,1.4,1
2.74,1.39,1
2.74,1.38,1
2.74,1.32,1
2.75,0.9,1
2.74,1.31,1
-0.66,1.39,1
-1.69,1.75,1
0.8,1.56,1
0.8,1.53,1
0.8,1.49,1
0.8,1.36,1
-1.19,1.36,1
-1.19,1.33,1
-1.19,1.32,1
-1.19,1.24,1
-2.62,1.28,1
-2.62,1.25,1
-2.51,1.07,1
-2.51,1.04,1
-2.51,1.03,1
2.75,1.57,1
2.75,1.51,1
-2.88,1.27,1
-2.88,1.26,1
-2.88,1.25,1
-2.88,1.22,1
0.8,1.21,1
2.75,1.0,1
2.75,0.98,1
-2.33,1.3,1
-2.33,1.27,1
-2.33,1.26,1
-2.33,1.25,1
-2.33,1.24,1
-2.33,1.22,1
-2.33,1.17,1
-2.51,1.12,1
-2.51,1.08,1
-0.87,1.07,1
0.42,1.07,1
0.42,1.02,1
0.42,0.99,1
0.8,0.93,1
-2.33,1.07,1
-2.33,1.06,1
-2.33,1.32,1
-0.66,1.17,1
-0.66,1.16,1
-0.66,1.1,1
-0.66,1.06,1
2.75,1.05,1
2.75,1.03,1
-2.62,1.24,1
-2.62,1.22,1
0.8,1.17,1
0.8,1.16,1
0.8,1.11,1
0.12,1.08,1
0.12,1.07,1
0.12,1.03,1
0.12,1.02,1
-2.33,1.16,1
-2.33,1.11,1
-2.88,1.2,1
-2.88,1.18,1
-2.88,1.15,1
0.8,1.26,1
0.8,1.24,1
-0.87,1.1,1
-0.87,1.09,1
2.76,1.37,1
2.76,1.33,1
2.76,1.3,1
2.76,1.29,1
-0.66,0.93,1
0.12,0.96,1
-2.82,1.34,1
-2.82,1.26,1
-2.82,1.25,1
-2.33,1.03,1
-2.33,0.94,1
2.76,1.19,1
2.76,1.15,1
2.76,1.14,1
-0.66,1.01,1
-0.66,1.0,1
2.76,1.1,1
0.79,1.56,1
0.79,1.54,1
0.79,1.39,1
0.79,1.37,1
0.79,1.34,1
0.8,0.83,1
-1.44,1.67,1
-2.64,0.93,1
0.79,1.31,1
0.79,1.3,1
2.76,1.09,1
2.76,1.08,1
2.76,1.05,1
2.76,1.02,1
2.76,0.99,1
0.79,1.16,1
0.79,1.13,1
0.79,1.09,1
0.79,1.08,1
0.42,1.22,1
-0.66,0.87,1
-1.26,0.0,1
-1.27,1.77,1
-1.27,1.63,1
-1.27,1.56,1
-1.27,1.46,1
2.76,1.26,1
-2.34,1.87,1
-2.34,1.72,1
-2.34,1.64,1
2.76,1.12,1
-2.34,1.32,1
-2.34,1.29,1
-2.81,1.17,1
-2.81,1.16,1
0.79,0.89,1
-1.44,1.9,1
-2.34,1.27,1
-2.34,1.26,1
2.76,1.45,1
2.77,1.03,1
0.79,1.28,1
0.79,1.27,1
0.79,1.24,1
0.79,1.23,1
0.79,1.2,1
0.79,1.18,1
0.12,1.17,1
0.79,1.04,1
0.79,1.0,1
0.42,1.66,1
0.42,1.52,1
0.42,1.4,1
0.42,1.33,1
0.42,1.31,1
0.42,1.3,1
-1.68,1.28,1
-1.68,1.25,1
0.12,1.13,1
0.12,1.12,1
2.77,0.99,1
2.77,0.97,1
2.77,0.86,1
-1.68,1.21,1
-1.68,1.17,1
-0.08,0.94,1
-0.08,0.81,1
-2.88,1.8,1
-2.88,1.73,1
2.77,1.3,1
2.77,1.22,1
2.77,1.21,1
2.77,1.14,1
2.77,1.13,1
2.77,1.12,1
2.77,1.11,1
2.77,1.1,1
-1.07,1.5,1
-1.07,1.31,1
-2.88,1.41,1
-2.88,1.33,1
0.78,1.51,1
0.78,1.33,1
0.78,1.26,1
0.78,1.17,1
-1.07,1.16,1
-1.07,1.14,1
-1.07,1.13,1
-1.07,1.11,1
-2.34,1.02,1
-0.67,1.27,1
-0.67,1.26,1
-2.34,1.16,1
2.77,1.55,1
2.77,1.45,1
2.78,1.08,1
2.78,1.06,1
-2.34,1.15,1
-2.34,1.14,1
-2.34,1.11,1
-2.34,1.1,1
-2.34,1.09,1
-1.07,2.0,1
-1.07,1.8,1
-1.27,1.45,1
-1.27,1.44,1
-1.07,1.29,1
-1.07,1.25,1
-1.07,1.22,1
-2.88,1.53,1
-2.88,1.46,1
-3.12,1.39,1
-1.27,1.38,1
0.78,1.12,1
0.78,1.11,1
0.78,1.08,1
0.78,1.06,1
0.78,1.05,1
0.78,1.0,1
0.78,0.96,1
0.77,1.2,1
-0.67,1.37,1
-0.67,1.35,1
-0.67,1.33,1
-0.67,1.3,1
-0.67,1.29,1
2.78,1.09,1
-0.08,1.23,1
-0.08,1.21,1
-0.08,1.17,1
-0.08,1.14,1
-0.08,1.09,1
-0.08,1.05,1
-2.62,1.64,1
-2.62,1.51,1
-2.62,1.33,1
2.78,1.0,1
2.78,0.98,1
2.78,1.19,1
2.78,1.17,1
2.78,1.15,1
-3.12,1.45,1
-3.12,1.42,1
-0.67,1.2,1
-0.67,1.17,1
-0.67,1.16,1
-3.12,1.38,1
-3.12,1.37,1
-3.12,1.34,1
-3.12,1.32,1
-3.12,1.26,1
-0.67,1.03,1
2.78,1.73,1
2.78,1.38,1
2.78,1.37,1
2.78,1.04,1
2.78,1.02,1
-0.08,1.26,1
-0.08,1.24,1
2.78,1.31,1
-2.62,1.3,1
0.77,1.39,1
0.77,1.37,1
0.77,1.33,1
0.77,1.3,1
0.77,1.28,1
0.77,1.25,1
0.77,1.23,1
0.77,1.22,1
0.77,1.01,1
0.77,0.99,1
0.77,0.98,1
2.78,1.3,1
2.78,1.21,1
-0.67,1.21,1
-0.67,1.1,1
-0.08,1.0,1
0.77,1.4,1
-1.68,1.58,1
-1.68,1.53,1
2.79,1.04,1
2.79,1.01,1
-1.21,1.19,1
0.11,1.46,1
0.11,1.41,1
0.11,1.39,1
0.11,1.36,1
0.11,1.35,1
0.11,1.32,1
2.78,1.36,1
2.78,1.32,1
-1.68,1.48,1
-1.68,1.47,1
-1.68,1.41,1
-1.68,1.37,1
-1.68,1.36,1
0.77,1.15,1
0.77,1.14,1
0.77,1.13,1
-1.68,1.87,1
-1.68,1.78,1
0.11,1.23,1
0.12,0.92,1
0.12,0.89,1
2.79,0.93,1
-0.67,0.96,1
2.79,1.84,1
2.79,1.59,1
2.79,1.39,1
2.79,1.32,1
2.79,1.26,1
2.79,1.25,1
2.79,1.23,1
2.79,1.2,1
2.79,1.12,1
2.79,1.11,1
2.79,1.09,1
2.79,1.05,1
-2.35,1.64,1
0.11,1.31,1
0.11,1.29,1
0.11,1.24,1
-1.68,1.52,1
-0.87,1.21,1
-0.87,1.2,1
-0.87,1.19,1
-0.87,1.17,1
-1.68,1.75,1
-1.68,1.63,1
-1.19,1.51,1
-1.19,1.48,1
-1.19,1.42,1
-2.35,1.41,1
-2.35,1.38,1
-2.35,1.37,1
-2.35,1.32,1
-2.35,1.15,1
-2.35,1.09,1
2.8,1.01,1
2.8,1.24,1
2.8,1.17,1
2.8,1.16,1
2.8,0.98,1
2.8,0.96,1
-2.35,1.0,1
2.8,1.14,1
2.8,1.13,1
2.8,1.09,1
2.8,1.08,1
2.8,1.06,1
-2.35,1.45,1
-2.35,1.43,1
-0.87,1.36,1
-0.87,1.31,1
-0.87,1.27,1
-1.19,1.4,1
0.76,1.56,1
0.76,1.29,1
0.76,1.28,1
0.76,1.27,1
-1.67,1.05,1
-1.68,1.35,1
-2.8,1.33,1
-2.8,1.3,1
-2.8,1.27,1
-2.36,1.62,1
-2.36,1.59,1
-2.36,1.5,1
-2.36,1.42,1
2.8,1.36,1
2.8,1.28,1
-1.19,1.7,1
-1.19,1.52,1
-2.8,1.05,1
-2.8,1.04,1
-0.75,1.15,1
-0.75,1.12,1
-1.48,1.38,1
-1.48,1.35,1
-1.48,1.32,1
0.06,1.65,1
0.06,1.62,1
0.06,1.57,1
-1.48,1.57,1
-1.48,1.47,1
-1.48,1.46,1
2.8,1.04,1
-1.26,1.09,1
0.11,1.16,1
-1.21,1.3,1
-1.21,1.28,1
-1.21,1.22,1
-0.75,1.09,1
-0.75,1.06,1
-0.75,1.05,1
-3.12,1.11,1
-3.12,1.1,1
-2.35,1.03,1
-2.8,1.22,1
-2.8,1.21,1
-2.8,1.16,1
-2.8,1.08,1
-0.87,1.11,1
-2.8,1.07,1
0.76,1.23,1
0.76,1.19,1
0.76,1.14,1
0.76,1.13,1
0.76,1.09,1
-1.67,0.97,1
-2.8,1.35,1
-2.81,1.18,1
-0.84,1.19,1
-0.84,1.18,1
-3.12,1.04,1
-3.12,1.03,1
-3.12,1.01,1
2.81,1.19,1
2.81,1.14,1
-2.81,1.36,1
-2.81,1.29,1
-2.81,1.28,1
-2.81,1.26,1
-2.81,1.19,1
-1.67,1.21,1
2.81,1.01,1
2.81,0.95,1
-3.12,1.08,1
-3.12,1.06,1
-0.84,1.16,1
-0.84,1.14,1
0.75,1.45,1
0.75,1.43,1
0.75,1.35,1
-1.67,1.22,1
0.75,1.28,1
0.75,1.22,1
-1.44,1.29,1
2.81,1.33,1
2.81,1.28,1
2.81,1.25,1
-2.36,1.1,1
2.82,1.37,1
2.82,1.25,1
2.82,1.21,1
2.82,1.14,1
2.82,1.08,1
2.82,1.05,1
-1.26,1.0,1
2.81,1.08,1
-2.81,1.43,1
-2.74,1.08,1
-0.08,1.34,1
0.75,1.13,1
0.75,1.11,1
0.75,1.0,1
-1.67,1.48,1
-2.36,1.3,1
-2.36,1.26,1
-2.36,1.23,1
-2.36,1.21,1
2.82,0.0,1
2.81,1.36,1
-1.67,1.18,1
-1.67,1.14,1
0.75,1.34,1
0.75,1.29,1
-1.44,1.46,1
-1.44,1.45,1
-1.44,1.41,1
-1.44,1.36,1
-1.44,1.34,1
-1.44,1.33,1
0.74,1.06,1
-0.68,1.52,1
-0.68,1.35,1
-0.68,1.33,1
-0.68,1.26,1
-2.74,1.2,1
-2.74,1.17,1
-2.74,1.13,1
-2.74,1.12,1
-2.74,1.09,1
0.74,1.37,1
0.74,1.28,1
0.74,1.24,1
0.74,1.23,1
-1.67,1.66,1
-1.67,1.58,1
-1.67,1.51,1
0.74,0.88,1
-1.19,1.15,1
-3.12,0.97,1
0.11,1.05,1
0.11,0.98,1
-2.36,1.14,1
-2.36,1.13,1
-1.44,1.56,1
-1.44,1.54,1
-1.07,1.02,1
0.11,0.93,1
0.11,0.91,1
0.11,1.22,1
0.11,1.21,1
0.11,1.2,1
0.11,1.18,1
-1.48,1.44,1
2.83,1.01,1
2.83,0.98,1
2.83,0.96,1
-2.74,1.06,1
-2.74,1.05,1
0.74,1.05,1
-0.08,1.32,1
-0.08,1.31,1
-1.67,1.41,1
-1.67,1.4,1
-1.67,1.35,1
-1.67,1.34,1
0.74,1.11,1
-0.86,0.0,1
-0.87,1.5,1
2.83,1.19,1
2.83,1.15,1
2.83,1.11,1
2.83,1.05,1
2.83,1.04,1
2.83,1.02,1
-0.68,1.01,1
-1.07,1.07,1
-1.07,1.06,1
-0.87,1.38,1
-0.87,1.37,1
-2.87,0.97,1
-1.67,2.44,1
-1.67,1.76,1
-1.67,1.7,1
-2.87,0.9,1
-2.36,0.98,1
-1.07,1.09,1
-2.74,0.97,1
-0.68,1.25,1
-0.68,1.2,1
2.83,1.34,1
2.83,1.31,1
-1.19,1.11,1
-1.19,1.1,1
0.73,1.37,1
-1.67,2.57,1
-1.19,1.06,1
0.73,1.36,1
0.73,1.32,1
0.73,1.27,1
-0.68,1.11,1
-0.68,1.03,1
2.84,0.98,1
2.84,0.97,1
2.84,0.96,1
-1.49,1.21,1
-1.49,1.16,1
-1.07,0.98,1
-1.07,0.95,1
-0.87,1.49,1
0.73,1.07,1
-1.67,1.97,1
0.43,1.04,1
0.11,1.1,1
2.83,1.4,1
-2.36,0.87,1
-2.36,0.86,1
-2.36,1.04,1
2.84,1.06,1
-0.68,1.17,1
-0.68,1.13,1
0.73,1.47,1
0.73,1.45,1
0.73,1.42,1
0.73,1.4,1
0.73,1.39,1
2.85,0.96,1
-0.68,0.98,1
-0.68,0.97,1
-0.68,0.95,1
-1.26,1.41,1
2.84,1.01,1
-2.37,1.71,1
-2.37,1.56,1
-2.37,1.53,1
0.11,1.11,1
0.73,1.25,1
0.73,1.21,1
0.73,1.17,1
0.73,1.14,1
0.73,1.1,1
0.73,1.08,1
2.84,1.65,1
2.84,1.48,1
0.43,1.23,1
0.43,1.22,1
0.43,1.2,1
0.43,1.19,1
-1.66,1.06,1
-0.07,0.87,1
-0.07,0.96,1
2.84,1.32,1
2.84,1.27,1
2.84,1.24,1
2.84,1.22,1
2.84,1.12,1
2.84,1.11,1
2.84,1.1,1
-0.07,0.95,1
-0.84,1.13,1
-0.84,1.08,1
0.43,1.1,1
0.43,1.09,1
-1.19,1.19,1
-1.19,1.17,1
-1.1,1.0,1
-1.1,0.99,1
-1.1,0.97,1
2.85,1.38,1
2.85,1.31,1
2.85,1.23,1
2.85,1.12,1
2.85,1.08,1
-2.37,1.51,1
-1.66,0.98,1
0.72,1.34,1
-0.07,1.1,1
-0.07,1.06,1
-0.07,1.04,1
-0.07,1.0,1
0.72,1.15,1
2.85,1.01,1
2.85,0.97,1
-2.37,1.38,1
-2.37,1.37,1
-2.37,1.3,1
-2.37,1.25,1
-2.37,1.23,1
-2.37,1.22,1
2.85,0.89,1
-2.37,1.17,1
-2.37,1.14,1
0.72,1.1,1
0.72,1.09,1
0.72,1.08,1
0.72,1.06,1
-1.19,1.22,1
0.72,0.96,1
-2.37,1.1,1
-2.37,1.08,1
-2.37,1.05,1
-2.37,1.44,1
-1.26,1.37,1
-1.26,1.35,1
-1.26,1.32,1
-1.26,1.31,1
-1.66,1.33,1
0.72,1.3,1
0.72,1.27,1
0.72,1.23,1
0.72,1.2,1
0.72,1.18,1
-1.66,1.3,1
-0.69,1.93,1
-0.69,1.47,1
-2.37,0.93,1
0.1,1.79,1
0.1,1.42,1
0.1,1.36,1
0.1,1.29,1
0.1,1.27,1
-2.37,1.19,1
0.1,1.23,1
-1.66,1.26,1
-0.07,1.57,1
-0.07,1.45,1
-0.07,1.4,1
-0.07,1.28,1
-0.07,1.25,1
0.72,0.99,1
0.72,0.98,1
-0.07,1.19,1
0.11,0.85,1
0.11,0.79,1
2.86,0.92,1
-1.26,1.24,1
0.71,1.55,1
0.71,1.49,1
2.86,1.21,1
-1.66,1.12,1
0.71,1.46,1
0.71,1.43,1
0.71,1.41,1
0.71,1.35,1
-0.84,1.24,1
-1.58,1.58,1
-1.58,1.55,1
2.86,1.19,1
2.86,1.17,1
2.86,1.16,1
2.86,1.08,1
2.86,1.04,1
0.1,1.26,1
0.1,1.24,1
2.87,0.9,1
-1.08,1.37,1
2.86,1.47,1
2.86,1.37,1
2.86,1.26,1
-2.38,1.62,1
-2.38,1.37,1
-2.38,1.25,1
-2.38,1.2,1
2.86,1.25,1
-1.08,1.48,1
-1.08,1.42,1
-1.08,1.38,1
-0.69,1.37,1
2.86,1.24,1
2.86,1.23,1
-1.58,1.49,1
-1.58,1.47,1
0.71,1.21,1
0.71,1.18,1
0.71,1.14,1
0.71,1.12,1
0.71,1.08,1
0.71,1.27,1
-0.69,1.24,1
-0.69,1.23,1
-0.69,1.2,1
-0.69,1.19,1
-0.69,1.17,1
-0.69,1.16,1
-0.69,1.12,1
-0.69,1.1,1
-0.84,1.31,1
-0.84,1.3,1
-0.84,1.27,1
0.7,1.3,1
0.7,1.28,1
-1.08,1.84,1
-1.08,1.71,1
-1.08,1.62,1
-1.08,1.58,1
-1.08,1.57,1
-2.38,1.04,1
-2.38,1.03,1
-2.38,1.02,1
-0.69,1.36,1
-0.69,1.31,1
-1.58,1.51,1
0.7,1.36,1
0.7,1.35,1
-2.87,1.09,1
2.87,1.03,1
2.87,0.98,1
2.87,0.97,1
2.87,1.2,1
2.87,1.15,1
2.87,1.13,1
-2.38,1.18,1
0.71,1.22,1
0.43,1.18,1
0.43,1.16,1
0.43,1.15,1
-0.84,1.4,1
-0.84,1.32,1
-0.69,1.06,1
0.1,1.11,1
0.1,1.07,1
0.1,1.05,1
0.1,1.02,1
-2.38,1.13,1
-2.38,1.12,1
-2.38,1.11,1
-2.38,1.06,1
-2.38,0.93,1
2.87,1.79,1
2.87,1.06,1
0.71,1.0,1
0.71,0.97,1
0.71,0.9,1
0.7,1.38,1
-1.66,2.17,1
-1.66,2.11,1
-2.61,1.26,1
-1.66,1.79,1
-1.66,1.74,1
-1.66,1.63,1
-1.66,1.59,1
-1.66,1.55,1
-1.66,1.51,1
-1.66,1.5,1
-1.66,1.47,1
-1.66,1.42,1
-1.66,1.41,1
2.87,1.27,1
2.87,1.26,1
2.87,1.23,1
-0.06,1.0,1
0.7,1.06,1
0.7,1.03,1
-0.06,0.91,1
-1.49,1.09,1
-1.49,1.08,1
2.88,1.09,1
2.87,1.36,1
2.87,1.32,1
2.87,1.31,1
0.7,0.94,1
0.7,1.25,1
0.7,1.18,1
0.7,1.12,1
-2.87,1.17,1
-2.87,1.15,1
2.88,1.14,1
2.88,1.13,1
2.88,1.12,1
2.88,1.1,1
-2.39,2.04,1
-2.39,1.92,1
-2.39,1.59,1
-2.5,0.98,1
2.88,1.62,1
2.88,1.48,1
2.88,1.3,1
0.1,1.0,1
0.1,0.99,1
-1.66,1.91,1
-2.61,1.37,1
-2.61,1.32,1
2.88,1.28,1
2.88,1.25,1
-0.06,0.86,1
-0.06,0.84,1
0.69,1.55,1
0.69,1.51,1
0.69,1.39,1
0.69,1.38,1
0.69,1.37,1
0.69,1.35,1
0.7,0.89,1
0.69,1.31,1
0.69,1.3,1
2.88,1.21,1
2.88,1.18,1
2.88,1.16,1
-2.5,1.09,1
0.69,1.22,1
0.69,1.2,1
0.69,1.19,1
0.69,1.16,1
0.69,1.12,1
0.69,1.09,1
-0.06,0.95,1
-2.5,1.07,1
-2.5,1.06,1
-2.5,1.02,1
2.89,0.94,1
-1.26,1.83,1
-1.26,1.78,1
-1.26,1.74,1
-1.26,1.64,1
-2.39,1.22,1
-2.39,1.21,1
-1.26,1.59,1
-1.26,1.57,1
-1.25,0.0,1
-2.74,1.39,1
-2.74,1.32,1
2.89,1.11,1
2.89,1.1,1
2.89,1.09,1
-3.13,1.81,1
-3.13,1.69,1
2.89,1.06,1
2.89,1.03,1
-2.39,1.52,1
-2.39,1.45,1
0.43,1.39,1
0.43,1.3,1
0.44,0.9,1
0.69,0.97,1
-0.86,1.16,1
-0.86,1.15,1
-0.86,1.08,1
0.69,1.33,1
-1.65,1.07,1
2.89,0.98,1
-2.39,1.41,1
-2.39,1.39,1
-2.39,1.37,1
-2.39,1.33,1
-2.39,1.26,1
-2.39,1.23,1
0.69,0.87,1
-1.58,1.6,1
0.44,1.16,1
2.89,1.14,1
2.89,1.5,1
2.89,1.35,1
-2.5,0.94,1
-2.5,0.93,1
0.69,1.05,1
0.69,1.04,1
-1.58,1.36,1
-1.58,1.35,1
0.43,1.71,1
0.43,1.56,1
0.43,1.49,1
0.43,1.41,1
-2.87,1.34,1
-2.87,1.33,1
-2.87,1.3,1
0.68,1.6,1
-1.49,1.51,1
-1.49,1.5,1
-1.49,1.49,1
-1.49,1.43,1
-1.49,1.39,1
2.89,1.31,1
2.89,1.22,1
2.89,1.19,1
-0.86,1.05,1
-0.86,1.04,1
-0.86,1.01,1
-0.86,0.95,1
-1.58,1.84,1
-1.58,1.77,1
-1.58,1.73,1
-1.58,1.7,1
-1.58,1.68,1
-1.58,1.64,1
0.1,1.14,1
0.1,1.12,1
2.9,1.07,1
2.9,1.06,1
2.9,1.05,1
2.9,0.95,1
0.68,1.22,1
0.68,1.2,1
-2.87,1.49,1
-2.87,1.45,1
-2.87,1.28,1
0.68,1.08,1
0.68,1.03,1
-2.39,1.19,1
-2.39,1.18,1
-2.39,1.16,1
-2.39,1.15,1
-2.39,1.14,1
-2.39,1.11,1
-2.39,1.05,1
2.9,1.34,1
0.68,1.4,1
0.68,1.37,1
0.68,1.32,1
-2.62,1.2,1
-1.58,1.98,1
2.91,0.85,1
-0.75,1.54,1
-0.75,1.42,1
-0.75,1.24,1
-0.75,1.23,1
-0.75,1.2,1
-0.75,1.19,1
-2.74,1.27,1
-2.74,1.24,1
2.9,1.33,1
2.9,1.25,1
-1.08,1.18,1
-1.08,1.17,1
2.9,1.16,1
-0.06,1.1,1
-2.87,1.29,1
2.91,1.07,1
-1.08,1.15,1
-1.65,1.15,1
-1.65,1.13,1
-1.65,1.12,1
-1.65,1.11,1
0.67,1.63,1
-1.65,1.26,1
-0.06,1.24,1
-0.06,1.18,1
0.67,1.44,1
0.67,1.41,1
-2.39,0.81,1
2.9,1.55,1
2.9,1.42,1
2.9,1.41,1
0.67,1.36,1
0.67,1.34,1
0.67,1.27,1
0.67,1.25,1
0.67,1.23,1
0.67,1.22,1
0.67,1.17,1
0.44,1.03,1
-1.08,1.28,1
-1.08,1.25,1
-1.08,1.24,1
-1.08,1.23,1
-1.08,1.22,1
-1.08,1.2,1
2.91,1.1,1
2.91,1.08,1
2.91,1.44,1
2.91,1.41,1
-3.13,1.6,1
2.91,1.03,1
2.91,1.02,1
2.91,0.99,1
-3.13,1.23,1
-3.13,1.21,1
-3.13,1.18,1
-3.13,1.17,1
-3.13,1.15,1
-3.13,1.13,1
-1.08,1.3,1
-1.08,1.29,1
0.67,1.39,1
0.67,1.37,1
2.91,1.32,1
2.91,1.26,1
-1.58,1.14,1
-1.58,1.12,1
0.44,1.5,1
0.67,1.01,1
0.67,1.58,1
0.67,1.48,1
-1.65,1.41,1
-1.65,1.37,1
2.91,1.2,1
2.91,1.18,1
-0.7,1.09,1
2.91,1.56,1
2.91,1.55,1
2.91,1.48,1
0.66,1.42,1
0.67,1.14,1
0.67,1.03,1
0.44,1.07,1
-1.44,1.21,1
-1.44,1.19,1
-3.13,1.3,1
-3.13,1.29,1
-3.13,1.28,1
-0.69,0.0,1
-0.7,1.43,1
-0.7,1.4,1
-0.7,1.32,1
-0.7,1.28,1
-0.7,1.26,1
2.91,1.34,1
-1.65,1.63,1
-1.65,1.52,1
0.66,1.29,1
0.66,1.25,1
-0.7,1.16,1
-0.7,1.14,1
-0.7,1.11,1
2.92,1.09,1
2.92,1.08,1
2.92,1.07,1
2.92,1.02,1
2.92,0.96,1
-3.13,1.5,1
-3.13,1.32,1
-1.65,1.29,1
-1.65,1.27,1
-1.64,1.11,1
0.66,1.4,1
0.66,1.31,1
-0.06,1.33,1
-2.4,1.3,1
-2.4,1.25,1
-2.4,1.21,1
-2.4,1.18,1
-2.4,1.15,1
2.92,1.16,1
-0.7,1.17,1
-1.44,1.17,1
-1.44,1.16,1
-1.65,1.85,1
-1.65,1.67,1
-1.65,1.66,1
0.66,0.97,1
0.66,0.94,1
0.66,0.93,1
2.92,1.8,1
2.92,1.57,1
2.92,1.37,1
2.92,1.34,1
2.92,1.32,1
2.92,1.29,1
2.92,1.25,1
-2.4,1.48,1
-2.4,1.42,1
-2.4,1.4,1
2.92,0.95,1
2.92,0.94,1
0.66,1.11,1
-0.86,1.7,1
-0.86,1.56,1
-0.86,1.48,1
-0.86,1.4,1
-0.86,1.33,1
0.44,1.18,1
0.44,1.17,1
-0.01,1.31,1
2.93,1.13,1
2.93,1.09,1
2.93,1.06,1
0.07,0.85,1
-1.49,1.34,1
2.92,1.11,1
2.92,1.1,1
0.66,1.09,1
2.93,1.29,1
2.93,1.2,1
2.93,1.17,1
2.93,1.16,1
2.93,1.15,1
-2.4,1.05,1
-1.49,1.33,1
-1.49,1.32,1
-1.49,1.29,1
2.93,1.02,1
2.93,0.97,1
-2.4,1.36,1
-2.4,1.33,1
-2.4,1.32,1
0.66,0.89,1
0.65,1.79,1
-1.08,0.98,1
-0.01,1.29,1
-0.01,1.28,1
-1.58,1.33,1
-0.86,1.17,1
0.65,1.48,1
0.65,1.47,1
-1.64,1.38,1
-1.64,1.35,1
-1.64,1.34,1
0.65,1.15,1
-0.86,1.28,1
2.93,1.37,1
2.93,1.36,1
2.93,1.34,1
2.93,1.31,1
-0.86,1.22,1
-0.86,1.19,1
-0.86,1.18,1
0.44,1.48,1
0.44,1.41,1
0.44,1.38,1
0.44,1.32,1
0.44,1.28,1
0.44,1.24,1
0.44,1.22,1
0.44,1.21,1
0.44,1.19,1
-1.64,1.29,1
-0.7,1.06,1
-0.7,1.04,1
-1.08,1.01,1
0.65,1.28,1
0.65,1.27,1
0.65,1.25,1
0.64,1.31,1
0.64,1.23,1
-2.4,1.09,1
2.93,1.71,1
0.09,1.58,1
0.09,1.47,1
0.09,1.46,1
0.09,1.38,1
0.09,1.37,1
-2.4,1.04,1
-2.4,1.02,1
-2.4,0.99,1
-0.86,1.25,1
-2.61,1.03,1
-0.05,0.81,1
0.64,1.01,1
-0.71,1.49,1
-0.71,1.44,1
-0.71,1.43,1
-1.08,1.06,1
-1.08,1.03,1
0.65,1.11,1
0.65,1.06,1
0.65,1.04,1
0.65,1.0,1
0.65,0.96,1
-1.64,1.26,1
-1.64,1.25,1
0.65,1.31,1
-1.64,1.39,1
-1.64,1.62,1
-1.64,1.6,1
-1.64,1.54,1
2.94,0.95,1
2.94,1.26,1
2.94,1.25,1
0.09,1.32,1
0.09,1.25,1
0.64,0.97,1
0.64,1.14,1
0.64,1.11,1
0.64,1.09,1
0.64,1.07,1
-2.61,1.12,1
-0.05,0.97,1
2.94,1.35,1
2.94,1.88,1
2.94,1.65,1
2.94,1.63,1
2.94,1.58,1
2.94,1.22,1
2.94,1.21,1
2.94,1.13,1
2.94,1.12,1
2.94,1.08,1
2.94,1.03,1
2.94,1.01,1
-0.05,0.89,1
-0.05,0.86,1
-2.86,0.93,1
-1.64,1.47,1
-2.61,1.24,1
-2.61,1.22,1
-2.61,1.2,1
-2.61,1.19,1
0.63,1.52,1
0.63,1.47,1
-0.05,1.05,1
-0.05,1.01,1
0.63,1.37,1
0.63,1.33,1
0.63,1.3,1
-3.13,0.98,1
2.94,1.54,1
2.94,1.53,1
2.94,1.5,1
2.94,1.4,1
0.63,1.18,1
0.63,1.14,1
0.63,1.07,1
-1.58,1.19,1
-1.58,1.17,1
-3.13,1.1,1
-2.5,1.43,1
-2.5,1.38,1
-2.5,1.3,1
-2.5,1.28,1
-2.5,1.24,1
-2.5,1.19,1
-2.5,1.18,1
2.95,1.16,1
-3.13,1.03,1
-1.64,1.5,1
2.95,1.51,1
2.95,1.43,1
2.95,1.42,1
2.95,1.41,1
2.95,1.08,1
2.95,1.01,1
2.95,0.0,1
-2.5,1.13,1
-2.5,1.1,1
-2.4,0.0,1
-2.41,1.53,1
-2.41,1.45,1
2.94,1.57,1
-3.13,1.12,1
0.63,1.29,1
0.63,1.23,1
-2.41,1.34,1
-2.81,1.11,1
0.63,0.92,1
-0.05,1.33,1
-0.05,1.32,1
0.63,1.45,1
-0.05,1.08,1
-0.05,1.07,1
-2.41,1.27,1
-2.41,1.21,1
-2.41,1.18,1
2.95,1.2,1
2.95,1.18,1
-2.41,0.96,1
-2.41,0.93,1
2.96,0.0,1
-1.58,1.22,1
-1.58,1.21,1
0.62,1.51,1
0.62,1.4,1
0.62,1.32,1
2.95,1.28,1
2.95,1.21,1
-2.5,1.16,1
-2.5,1.14,1
-2.41,1.16,1
-2.41,1.13,1
-2.41,1.12,1
-2.41,1.1,1
-2.41,1.07,1
-2.41,1.4,1
-2.41,1.37,1
-0.05,1.12,1
-1.45,1.61,1
-1.45,1.58,1
-2.64,1.29,1
-2.41,0.97,1
-0.71,1.33,1
-0.71,1.32,1
-0.71,1.3,1
-0.71,1.28,1
2.95,1.4,1
2.95,1.33,1
2.95,1.29,1
-1.19,1.03,1
0.63,1.01,1
-1.58,1.27,1
-1.58,1.23,1
2.96,1.2,1
-0.71,1.21,1
-0.71,1.17,1
2.96,1.08,1
2.96,1.07,1
2.96,1.05,1
2.96,1.04,1
2.96,1.02,1
2.96,1.01,1
-2.41,1.04,1
0.62,1.3,1
0.62,1.26,1
0.62,1.23,1
-0.05,1.3,1
-0.05,1.22,1
-0.05,1.13,1
-1.44,0.0,1
-1.45,1.78,1
-2.64,1.22,1
-0.05,1.42,1
-0.05,1.4,1
-0.05,1.38,1
0.62,1.67,1
0.62,1.11,1
2.96,1.28,1
2.96,1.27,1
2.96,1.26,1
2.96,1.25,1
2.96,1.24,1
2.96,1.23,1
2.96,1.22,1
2.96,1.21,1
0.61,1.67,1
-1.63,1.21,1
-1.63,1.17,1
0.62,1.19,1
0.62,1.16,1
2.96,1.65,1
2.96,1.54,1
-0.71,1.0,1
-0.71,0.98,1
0.09,1.15,1
-1.49,1.7,1
-1.49,1.66,1
-1.49,1.63,1
-1.49,1.58,1
2.96,0.94,1
0.62,1.22,1
0.61,1.31,1
0.61,1.28,1
0.61,1.27,1
0.61,1.24,1
0.62,0.92,1
-0.01,1.52,1
-0.01,1.38,1
-1.49,1.27,1
-0.71,0.97,1
-0.71,0.87,1
-1.25,1.32,1
2.96,1.45,1
2.96,1.44,1
2.96,1.41,1
2.96,1.16,1
2.96,1.1,1
0.45,1.09,1
0.45,1.05,1
-2.86,1.1,1
-2.86,1.06,1
-2.86,0.99,1
0.61,0.92,1
-1.1,1.25,1
-1.1,1.22,1
-1.1,1.2,1
-1.1,1.16,1
-1.1,1.13,1
2.97,1.06,1
0.09,1.14,1
0.61,1.61,1
0.61,1.43,1
0.61,1.36,1
-2.81,1.62,1
-0.01,1.92,1
-0.01,1.82,1
-0.01,1.53,1
-1.45,0.0,1
-1.46,1.88,1
-0.85,0.88,1
-1.2,1.69,1
-1.2,1.63,1
2.97,0.92,1
2.97,1.08,1
-1.25,1.29,1
-1.24,1.46,1
-2.67,1.58,1
2.96,1.35,1
0.45,1.1,1
-2.42,1.13,1
-2.67,1.57,1
-2.67,1.44,1
-2.67,1.38,1
-2.67,1.32,1
-1.23,1.03,1
-1.23,0.95,1
2.97,1.07,1
2.97,1.18,1
2.97,1.01,1
0.61,1.21,1
0.61,1.18,1
0.61,1.17,1
-2.86,1.15,1
-2.81,1.82,1
-2.81,1.71,1
-1.63,1.35,1
-1.63,1.34,1
-1.2,1.62,1
-2.67,0.93,1
0.61,1.12,1
0.61,1.09,1
0.61,1.05,1
-0.04,1.11,1
-0.04,1.08,1
2.97,1.12,1
2.97,1.11,1
-2.42,1.34,1
-2.42,1.32,1
-2.42,1.3,1
-2.42,1.24,1
-2.42,1.19,1
-0.04,1.13,1
0.6,1.33,1
0.6,1.28,1
2.97,1.26,1
2.97,1.25,1
2.97,1.22,1
-2.42,1.56,1
-2.42,1.49,1
-2.42,1.47,1
2.97,1.15,1
-0.04,1.05,1
-0.04,1.04,1
-0.04,1.03,1
-0.04,0.99,1
-0.04,0.85,1
-0.85,0.89,1
0.6,1.12,1
-0.04,1.0,1
-1.63,1.45,1
-1.63,1.4,1
-1.63,1.38,1
-1.63,1.36,1
0.09,1.02,1
-2.42,1.08,1
2.97,1.34,1
2.97,1.28,1
-1.63,1.3,1
-1.63,1.29,1
-1.63,1.28,1
-0.04,1.18,1
-0.04,1.17,1
-0.04,1.15,1
2.98,1.25,1
-1.25,1.28,1
0.09,0.85,1
0.09,1.19,1
0.09,1.17,1
2.98,1.1,1
2.98,1.09,1
2.98,1.08,1
2.98,1.05,1
2.98,1.0,1
2.98,0.98,1
-2.42,1.39,1
-2.42,1.36,1
0.6,1.26,1
0.6,1.21,1
0.6,1.16,1
-1.63,1.23,1
0.6,1.61,1
0.6,1.45,1
0.6,1.35,1
-1.63,1.7,1
-1.63,1.67,1
-1.63,1.65,1
-2.42,0.9,1
-2.42,0.89,1
2.98,1.48,1
2.98,1.47,1
2.98,1.43,1
2.98,1.4,1
2.98,1.38,1
2.98,1.35,1
2.98,1.28,1
-2.42,1.03,1
-2.42,1.0,1
2.99,1.45,1
2.99,1.38,1
2.99,1.34,1
2.99,1.31,1
2.99,1.23,1
-1.25,1.26,1
-1.25,1.2,1
-1.25,1.15,1
-0.72,1.49,1
-0.72,1.4,1
-0.72,1.32,1
2.98,0.97,1
-2.42,0.96,1
-2.42,0.92,1
-2.43,1.17,1
-1.63,1.61,1
-1.63,1.55,1
-1.63,1.54,1
-1.63,1.52,1
-1.63,1.51,1
-1.63,1.49,1
-1.63,1.47,1
0.59,1.57,1
0.59,1.53,1
0.6,1.11,1
0.6,1.06,1
0.59,1.28,1
0.59,1.27,1
0.59,1.25,1
2.99,0.87,1
2.99,1.16,1
2.99,1.11,1
0.59,1.23,1
0.59,1.19,1
0.59,1.18,1
0.59,1.17,1
0.59,1.13,1
0.59,1.09,1
-1.63,1.73,1
0.45,1.39,1
0.45,1.36,1
2.99,1.07,1
2.99,1.01,1
-2.43,1.28,1
-2.43,1.26,1
-2.43,1.25,1
-2.43,1.4,1
0.45,1.3,1
0.45,1.29,1
0.59,1.37,1
0.59,1.34,1
0.59,1.31,1
-0.04,1.28,1
-0.04,1.27,1
-0.04,1.26,1
-2.43,1.36,1
-2.43,1.32,1
2.99,1.52,1
-3.14,1.4,1
3.0,1.02,1
3.0,0.97,1
2.99,1.18,1
0.59,1.04,1
0.45,1.04,1
0.45,0.92,1
0.58,1.59,1
0.58,1.53,1
0.58,1.38,1
3.0,1.22,1
3.0,1.19,1
3.0,1.18,1
3.0,1.06,1
-3.14,1.65,1
-3.14,1.55,1
-3.14,1.54,1
-3.14,1.53,1
-3.14,1.5,1
-2.43,1.07,1
-1.45,1.47,1
-0.04,1.53,1
-0.04,1.46,1
-0.04,1.39,1
-0.04,1.34,1
-0.04,1.31,1
-2.86,1.33,1
-2.86,1.23,1
-2.69,1.3,1
-2.69,1.29,1
-1.09,2.24,1
0.07,1.12,1
0.07,1.09,1
0.07,1.07,1
0.07,1.02,1
3.0,1.27,1
-2.69,1.38,1
0.07,1.01,1
0.09,1.11,1
0.09,1.1,1
0.09,1.08,1
-2.43,0.97,1
-2.43,0.94,1
-2.43,0.9,1
3.0,1.48,1
3.0,1.42,1
3.0,1.32,1
-3.14,1.44,1
-3.14,1.42,1
-1.45,1.52,1
-1.45,1.5,1
-1.45,1.48,1
-2.86,1.21,1
0.58,1.23,1
0.58,1.22,1
-0.04,1.22,1
-1.62,0.0,1
-1.63,1.92,1
-1.63,1.76,1
-2.61,0.94,1
0.58,1.07,1
0.58,1.05,1
-1.1,1.08,1
-1.1,1.06,1
-2.69,1.6,1
-2.69,1.58,1
-2.69,1.57,1
-2.69,1.44,1
0.58,1.37,1
0.58,1.36,1
0.58,1.3,1
0.58,1.27,1
-2.86,1.39,1
0.58,0.83,1
-0.72,1.18,1
-1.25,1.7,1
-1.25,1.48,1
-1.25,1.4,1
-1.25,1.38,1
-1.25,1.35,1
3.01,1.01,1
-0.72,1.15,1
-0.72,1.1,1
-2.86,1.22,1
0.58,1.19,1
0.58,1.17,1
0.58,1.15,1
0.58,1.11,1
-0.8,1.22,1
-2.44,1.21,1
3.01,1.7,1
3.01,1.47,1
3.01,1.42,1
3.01,1.25,1
3.0,1.55,1
-0.72,1.26,1
-0.72,1.19,1
0.58,0.99,1
0.58,0.93,1
0.58,0.89,1
3.01,1.17,1
-0.8,1.1,1
-0.8,1.04,1
-0.85,1.1,1
-0.85,1.08,1
-0.85,1.06,1
-0.85,1.0,1
3.01,1.15,1
3.01,1.11,1
3.02,0.93,1
3.02,0.87,1
-2.44,1.76,1
-2.44,1.56,1
3.01,0.98,1
-1.62,1.11,1
0.58,1.2,1
-0.81,1.08,1
-2.44,1.33,1
-2.44,1.32,1
-2.44,1.28,1
-2.44,1.24,1
-2.44,1.23,1
3.02,1.3,1
3.02,1.25,1
3.02,1.23,1
3.02,1.21,1
3.02,1.17,1
3.02,1.16,1
3.02,1.12,1
3.02,1.09,1
3.01,1.23,1
3.01,1.18,1
-0.85,0.95,1
0.57,1.42,1
0.57,1.35,1
0.57,1.33,1
0.57,1.29,1
0.57,1.25,1
0.57,1.22,1
0.57,1.2,1
3.02,1.02,1
3.02,0.99,1
-2.44,1.05,1
-2.44,1.04,1
-2.44,1.02,1
-2.44,1.0,1
-0.81,1.1,1
-0.81,1.09,1
-2.64,1.11,1
-2.64,1.09,1
-2.64,1.08,1
-2.64,1.03,1
-2.64,1.02,1
0.57,1.17,1
0.57,1.16,1
-0.01,1.23,1
0.09,0.74,1
0.07,1.17,1
3.02,1.53,1
3.02,1.5,1
3.02,1.48,1
3.02,1.47,1
3.02,1.36,1
3.02,1.06,1
0.45,1.19,1
0.45,1.16,1
0.45,1.15,1
-1.62,1.61,1
-1.62,1.57,1
-0.72,1.03,1
-1.24,1.08,1
-2.44,1.13,1
-0.81,1.0,1
-0.01,1.22,1
-0.01,1.21,1
-1.62,1.28,1
-1.62,1.24,1
-1.62,1.22,1
-1.62,1.4,1
-2.64,1.19,1
3.03,1.07,1
3.03,1.04,1
-1.62,1.55,1
0.57,1.09,1
0.57,1.07,1
0.57,0.97,1
0.56,1.16,1
0.56,1.14,1
3.03,0.98,1
3.03,0.93,1
-3.14,1.06,1
3.03,1.31,1
-1.62,1.34,1
0.45,1.28,1
0.45,1.27,1
0.45,1.23,1
-1.62,1.43,1
-0.03,1.01,1
0.56,1.12,1
0.56,1.38,1
0.56,1.3,1
0.56,1.27,1
-1.62,1.84,1
-1.62,1.8,1
-1.62,1.63,1
0.56,0.98,1
0.56,0.93,1
3.03,1.19,1
3.03,1.18,1
3.03,1.16,1
3.03,1.13,1
3.03,1.08,1
-1.09,1.47,1
-0.72,0.92,1
-3.14,1.19,1
-3.14,1.17,1
-3.14,1.16,1
-3.14,1.14,1
-3.14,1.13,1
-1.09,1.22,1
-1.09,1.13,1
3.03,1.93,1
3.03,1.27,1
3.03,1.21,1
3.03,1.2,1
-0.03,1.04,1
-1.62,1.54,1
-1.62,1.51,1
-0.03,0.97,1
-0.03,0.96,1
-1.61,0.92,1
0.56,1.08,1
0.56,1.04,1
0.56,1.02,1
0.55,1.52,1
0.55,1.5,1
0.55,1.49,1
-3.14,1.37,1
-3.14,1.34,1
-3.14,1.32,1
-2.44,0.88,1
-1.09,1.93,1
-1.09,1.6,1
-1.09,1.5,1
-1.09,1.43,1
-1.09,1.37,1
0.55,1.36,1
0.55,1.31,1
0.55,1.28,1
0.55,1.24,1
0.55,1.22,1
-1.61,1.12,1
-1.61,1.11,1
0.45,1.46,1
-1.09,1.32,1
-1.09,1.26,1
-1.48,1.06,1
-1.48,1.04,1
3.03,1.47,1
3.03,1.37,1
0.08,1.56,1
0.55,1.2,1
0.55,1.16,1
0.55,1.14,1
0.55,1.1,1
0.55,1.54,1
0.55,0.87,1
0.07,1.0,1
-0.81,1.13,1
3.04,0.7,1
-2.45,1.71,1
-2.45,1.39,1
3.04,1.19,1
3.04,1.18,1
3.04,1.17,1
-1.09,1.44,1
-1.61,1.26,1
-1.61,1.24,1
-1.61,1.09,1
-0.01,1.15,1
-2.85,1.72,1
0.45,1.5,1
-0.03,1.11,1
-0.03,1.1,1
3.04,1.11,1
3.04,1.07,1
-2.49,0.87,1
3.04,1.71,1
3.04,1.45,1
3.04,1.44,1
3.04,1.42,1
3.04,1.39,1
3.05,1.03,1
3.04,1.35,1
3.04,1.33,1
3.04,1.27,1
3.04,1.26,1
3.04,1.24,1
3.04,1.22,1
-2.45,1.34,1
-2.45,1.33,1
-2.45,1.32,1
-2.45,1.28,1
-2.45,1.26,1
3.04,1.12,1
-0.03,1.09,1
0.55,1.06,1
0.55,0.95,1
-1.61,1.22,1
-1.61,1.19,1
-0.03,1.21,1
-0.03,1.19,1
-0.03,1.18,1
-0.03,1.17,1
-0.03,1.16,1
-0.03,1.15,1
0.54,1.28,1
0.54,1.25,1
-2.45,1.15,1
-2.45,1.12,1
3.05,1.1,1
3.05,1.09,1
3.05,1.07,1
3.05,1.04,1
0.54,1.19,1
-2.85,0.91,1
-0.03,1.05,1
-1.61,1.34,1
-1.61,1.32,1
-1.61,1.31,1
-1.61,1.29,1
-1.61,1.28,1
0.54,1.12,1
0.54,1.1,1
3.05,0.93,1
0.08,1.24,1
0.08,1.2,1
0.08,1.17,1
0.08,1.14,1
-2.45,1.18,1
-3.14,0.99,1
0.08,1.06,1
0.54,1.05,1
0.54,1.04,1
-1.61,1.18,1
-1.61,1.17,1
0.54,1.44,1
0.54,1.37,1
0.54,1.32,1
0.54,0.97,1
0.08,1.05,1
-1.24,1.28,1
-1.24,1.23,1
-1.24,1.17,1
-1.24,1.15,1
0.54,1.22,1
-1.61,1.52,1
-1.61,1.51,1
-1.61,1.5,1
-1.61,1.48,1
-1.61,1.47,1
0.54,1.18,1
0.54,1.17,1
0.54,1.16,1
-1.58,1.0,1
-0.01,1.25,1
-2.45,1.05,1
-2.45,1.04,1
-3.14,0.88,1
3.05,1.39,1
3.05,1.35,1
3.05,1.25,1
-0.03,1.35,1
-0.03,1.31,1
-0.03,1.29,1
-0.03,1.23,1
-0.85,1.23,1
-0.85,1.2,1
-0.85,1.19,1
-0.73,1.7,1
-0.73,1.68,1
-0.73,1.62,1
-0.73,1.45,1
-0.73,1.42,1
-0.73,1.39,1
-0.73,1.15,1
-0.73,1.14,1
-0.73,1.13,1
-1.58,1.1,1
-1.58,1.05,1
0.53,1.12,1
3.06,0.93,1
3.06,0.8,1
-3.14,1.0,1
3.06,1.27,1
3.06,1.25,1
3.06,1.23,1
-1.59,1.79,1
-1.59,1.7,1
-1.59,1.67,1
-1.45,1.13,1
-0.03,1.67,1
-0.03,1.58,1
-0.03,1.42,1
-1.2,1.51,1
-1.2,1.46,1
-1.2,1.39,1
-0.85,1.67,1
-0.85,1.64,1
-0.85,1.43,1
-0.85,1.36,1
3.06,1.14,1
3.06,1.13,1
3.06,1.12,1
3.06,1.06,1
3.06,1.05,1
3.06,0.97,1
-0.85,1.18,1
-1.45,1.17,1
-0.84,0.94,1
0.53,1.27,1
0.53,1.24,1
0.53,1.21,1
0.53,1.2,1
-1.61,1.68,1
-1.61,1.66,1
-1.61,1.63,1
3.06,1.55,1
3.06,1.5,1
3.06,1.39,1
3.06,1.33,1
-0.73,1.04,1
3.06,1.17,1
3.06,1.15,1
0.53,1.11,1
-1.61,1.44,1
0.53,1.1,1
0.53,1.07,1
0.53,1.06,1
0.53,0.99,1
0.52,1.24,1
0.52,1.14,1
-1.09,1.11,1
-1.09,1.1,1
0.08,0.96,1
-1.09,0.94,1
0.53,0.9,1
-0.85,1.16,1
0.53,1.54,1
0.53,1.51,1
0.53,1.34,1
0.53,1.32,1
0.52,1.02,1
0.52,1.53,1
0.52,1.46,1
0.52,1.44,1
0.52,1.41,1
0.52,1.36,1
-1.61,1.74,1
0.52,0.98,1
0.08,1.46,1
0.08,1.31,1
3.07,1.11,1
-1.09,1.12,1
-1.61,1.61,1
-1.61,1.6,1
-1.61,2.08,1
-1.61,1.8,1
-1.45,1.29,1
-1.45,1.23,1
-1.45,1.2,1
0.52,1.35,1
0.52,1.31,1
0.52,1.3,1
-1.59,1.46,1
-1.59,1.44,1
-1.59,1.43,1
3.07,1.04,1
3.07,1.03,1
3.07,1.01,1
3.07,0.98,1
-2.46,1.17,1
3.07,1.69,1
0.08,1.5,1
3.08,1.01,1
3.07,1.42,1
3.07,1.28,1
3.07,1.27,1
3.07,1.25,1
3.07,1.24,1
3.07,1.21,1
3.07,1.19,1
3.07,1.18,1
3.07,1.15,1
3.07,1.14,1
3.07,1.13,1
-2.46,1.53,1
3.07,1.08,1
-1.45,1.42,1
-1.45,1.33,1
-2.46,1.46,1
-2.46,1.38,1
-1.59,1.4,1
-1.59,1.39,1
-1.6,1.08,1
-0.02,1.08,1
-0.02,1.05,1
-2.46,1.32,1
-2.46,1.31,1
-2.46,1.25,1
-2.46,1.23,1
3.08,1.09,1
3.08,1.08,1
3.08,1.05,1
3.08,1.03,1
3.08,1.02,1
3.08,0.98,1
-0.02,1.03,1
-0.02,0.98,1
-0.02,0.97,1
0.52,0.92,1
-1.59,1.52,1
-1.59,1.51,1
-1.59,1.49,1
0.51,1.25,1
3.08,1.45,1
3.08,1.44,1
3.08,1.39,1
3.08,1.38,1
3.08,1.35,1
3.08,1.34,1
-2.46,1.51,1
-2.85,1.03,1
0.51,1.6,1
0.51,1.5,1
-0.02,1.15,1
-0.02,1.14,1
-0.02,1.11,1
-2.85,1.0,1
3.08,1.2,1
3.08,1.17,1
3.08,1.12,1
3.08,1.1,1
3.08,1.46,1
-2.46,1.13,1
-2.46,1.12,1
-2.46,1.08,1
3.08,0.99,1
-1.6,1.34,1
-1.6,1.25,1
-1.2,1.14,1
-2.72,1.43,1
-2.46,0.95,1
-2.46,0.82,1
-2.67,1.3,1
-2.67,1.27,1
3.08,1.27,1
3.08,1.26,1
0.51,1.16,1
0.51,1.07,1
0.51,1.05,1
0.51,1.29,1
-2.85,1.11,1
-2.85,1.1,1
0.51,0.99,1
-0.02,1.39,1
-0.02,1.34,1
-2.67,1.21,1
3.08,1.52,1
3.08,1.49,1
3.09,0.95,1
3.09,0.89,1
3.09,0.88,1
0.46,1.09,1
0.46,1.03,1
0.51,0.89,1
0.5,1.54,1
0.5,1.44,1
-1.6,1.39,1
-1.6,1.36,1
-1.6,1.29,1
0.5,1.43,1
0.5,1.41,1
-2.46,0.84,1
3.09,1.15,1
3.09,1.12,1
-1.48,1.19,1
-1.48,1.15,1
-1.48,1.12,1
-2.67,1.26,1
-2.67,1.25,1
-2.67,1.23,1
-2.72,1.42,1
-2.72,1.38,1
-2.72,1.25,1
0.51,1.04,1
3.09,1.21,1
3.09,1.19,1
3.09,1.17,1
3.09,1.16,1
0.07,1.91,1
0.08,1.01,1
0.08,1.0,1
3.09,1.08,1
3.09,1.03,1
3.09,1.0,1
3.09,0.99,1
-0.02,1.26,1
-0.02,1.21,1
-0.02,1.18,1
-0.02,1.17,1
-1.6,1.33,1
3.09,1.52,1
3.09,1.43,1
0.5,1.4,1
0.5,1.38,1
0.5,1.29,1
0.5,1.25,1
0.5,1.24,1
0.5,1.2,1
-1.6,1.23,1
-0.02,1.4,1
3.09,1.4,1
3.09,1.37,1
3.09,1.34,1
3.09,1.28,1
3.09,1.27,1
3.09,1.22,1
-1.1,1.34,1
0.5,1.04,1
0.5,0.95,1
0.5,0.92,1
0.5,0.91,1
-0.02,1.16,1
-2.67,1.19,1
-2.67,1.16,1
-1.24,1.44,1
-1.24,1.43,1
-1.24,1.38,1
-1.24,1.33,1
-1.24,1.32,1
-1.1,1.32,1
-1.1,1.31,1
3.09,1.59,1
3.1,1.03,1
-2.47,1.41,1
-2.47,1.3,1
-2.47,1.29,1
-2.47,1.27,1
-2.47,1.22,1
3.1,0.99,1
3.1,0.85,1
-1.09,0.85,1
-1.1,1.45,1
3.1,1.26,1
3.1,1.24,1
3.1,1.21,1
3.1,1.19,1
-1.1,1.42,1
-1.1,1.38,1
-0.74,1.33,1
3.1,1.13,1
0.49,1.46,1
0.49,1.42,1
0.49,1.36,1
-1.59,0.0,1
-1.6,1.8,1
-1.6,1.75,1
-1.6,1.63,1
0.5,1.16,1
0.5,1.14,1
0.5,1.13,1
0.46,1.28,1
3.1,1.1,1
3.1,1.09,1
3.1,1.08,1
0.46,1.26,1
0.49,1.31,1
0.49,1.3,1
0.49,1.29,1
0.49,1.27,1
0.49,1.25,1
0.49,1.19,1
0.49,1.18,1
-2.47,1.1,1
-2.47,1.09,1
3.1,1.51,1
3.1,1.43,1
3.1,1.29,1
-0.74,1.53,1
-0.74,1.36,1
-0.74,1.34,1
0.49,0.94,1
-1.6,1.61,1
-1.6,1.48,1
-1.6,1.46,1
-1.6,1.42,1
0.46,0.96,1
0.46,0.88,1
-1.2,1.35,1
-1.2,1.34,1
-1.2,1.32,1
-0.74,1.22,1
-0.74,1.18,1
-0.74,1.15,1
-0.74,1.12,1
-2.47,1.21,1
-2.47,1.18,1
3.11,1.2,1
3.11,1.19,1
0.49,1.15,1
0.49,1.11,1
0.49,1.1,1
0.49,1.09,1
0.49,1.07,1
0.46,1.12,1
3.11,0.9,1
-2.47,1.89,1
-2.47,1.48,1
3.11,1.14,1
3.11,1.12,1
-0.74,1.28,1
-0.74,1.27,1
0.49,0.97,1
3.11,1.11,1
3.11,1.08,1
0.46,1.11,1
0.47,0.91,1
-2.85,1.36,1
-1.59,1.14,1
-1.2,1.37,1
-1.2,1.36,1
-1.59,1.03,1
3.11,1.04,1
3.11,1.56,1
3.11,1.55,1
3.11,1.43,1
3.11,1.39,1
3.11,1.33,1
3.11,1.25,1
0.48,1.11,1
0.48,1.63,1
0.48,1.49,1
-2.85,1.39,1
-2.85,1.38,1
0.46,1.23,1
0.46,1.2,1
0.46,1.18,1
0.46,1.17,1
0.46,1.16,1
-2.47,0.99,1
-2.47,0.98,1
0.07,1.51,1
0.07,1.47,1
0.07,1.31,1
0.07,1.3,1
-2.49,1.16,1
0.07,1.27,1
0.07,1.25,1
0.07,1.23,1
-1.48,1.27,1
-0.74,1.01,1
-0.74,0.96,1
-2.85,1.13,1
0.48,1.47,1
0.48,1.34,1
-1.2,1.31,1
-1.2,1.28,1
-1.2,1.26,1
-1.2,1.19,1
-1.2,1.18,1
0.48,1.13,1
3.11,1.85,1
3.12,0.94,1
0.48,1.1,1
0.48,1.09,1
0.48,1.08,1
0.48,1.07,1
-2.85,1.34,1
-2.85,1.31,1
-2.85,1.3,1
-2.85,1.29,1
-2.85,1.23,1
0.48,0.97,1
3.12,0.84,1
-2.48,1.43,1
-2.48,1.4,1
-2.49,1.2,1
3.12,1.13,1
0.47,1.42,1
0.47,1.33,1
0.47,1.28,1
0.48,1.24,1
0.48,1.17,1
0.46,1.35,1
-1.59,1.17,1
3.12,1.1,1
3.12,1.05,1
3.12,1.04,1
3.12,1.03,1
3.12,0.97,1
3.12,0.95,1
3.12,1.34,1
-2.49,1.02,1
3.12,1.63,1
3.12,1.43,1
-2.48,1.12,1
-2.48,1.11,1
3.13,1.07,1
3.12,1.31,1
3.12,1.28,1
3.12,1.27,1
3.12,1.26,1
3.12,1.25,1
3.12,1.2,1
3.12,1.19,1
3.12,1.18,1
3.12,1.17,1
3.13,0.93,1
3.12,1.15,1
0.46,1.4,1
0.47,1.23,1
-1.59,1.16,1
0.47,1.18,1
0.47,1.16,1
0.47,1.13,1
-0.01,1.02,1
-0.01,1.0,1
-0.01,0.98,1
-0.01,0.95,1
0.47,1.27,1
-1.59,1.19,1
3.13,0.77,1
3.12,1.77,1
3.12,1.73,1
3.12,1.7,1
-1.1,1.72,1
-1.1,1.49,1
-1.1,1.48,1
3.13,1.03,1
3.13,0.96,1
3.13,0.95,1
3.13,1.1,1
-2.49,0.98,1
3.13,0.88,1
-0.01,1.04,1
0.46,1.62,1
0.46,1.57,1
0.46,1.53,1
0.46,1.49,1
0.46,1.47,1
0.46,1.45,1
3.13,1.16,1
3.14,0.89,1
3.14,0.72,1
-3.14,0.0,1
-2.48,1.06,1
-2.48,1.04,1
-2.48,1.02,1
-2.48,1.01,1
-2.48,0.94,1
3.14,0.67,1
-2.48,1.37,1
-2.48,1.29,1
0.07,1.22,1
0.07,1.21,1
0.07,1.19,1
0.47,1.12,1
0.27,0.88,1
0.27,1.82,1
0.27,1.56,1
0.27,1.42,1
0.27,1.4,1
0.27,1.38,1
-0.35,0.92,1
-0.35,0.87,1
-1.94,1.41,1
-1.94,1.4,1
-1.94,1.37,1
3.14,0.74,1
3.14,0.82,1
-1.24,1.81,1
-1.1,1.3,1
-1.1,1.27,1
